id,title,latitude,longitude,locality,address,gender,available_for,transit_score,lifestyle_score,occupancy,rent,deposit,attached_bathroom,food_included,breakfast,lunch,dinner,mess,wifi,laundry,power_backup,refrigerator,common_tv,room_cleaning,warden,cooking_allowed,parking,total_bathrooms,room_ac,room_cupboard,room_tv,room_geyser,room_bedding,room_attached_bath,gate_closing_time,smoking_allowed,guardian_required,nonveg_allowed
8aa98e6a9c1c4dca019c1cc70bf621a8,PG for Boys in Shollinganallur,12.90082113338627,80.0928825848091,Balaji Nagar,"gst rd near accenture backside , shollinganallur, shollinganallur, chennai",MALE,Both,8.1,5.8,DOUBLE,7000,3000,False,True,True,True,True,,,,,,,,,,Bike,0,False,False,False,False,False,False,,False,False,False
8aa98e6a9c1c4dca019c1cc70bf621a8,PG for Boys in Shollinganallur,12.90082113338627,80.0928825848091,Balaji Nagar,"gst rd near accenture backside , shollinganallur, shollinganallur, chennai",MALE,Both,8.1,5.8,THREE,8000,3000,False,True,True,True,True,,,,,,,,,,Bike,0,False,False,False,False,False,False,,False,False,False
8aa98e6a9c1c4dca019c1cc70bf621a8,PG for Boys in Shollinganallur,12.90082113338627,80.0928825848091,Balaji Nagar,"gst rd near accenture backside , shollinganallur, shollinganallur, chennai",MALE,Both,8.1,5.8,FOUR,8000,3000,False,True,True,True,True,,,,,,,,,,Bike,0,False,False,False,False,False,False,,False,False,False
8aa9885c9c1bc41a019c1c4b362e08f1,PG for Anyone in Kaveri St,12.9037177,80.0876172,Balaji Nagar,"kaveri street new perungluthur , Kaveri St, Kaveri St, chennai",BOTH,Both,5.7,8.3,SINGLE,7000,10000,True,False,False,False,False,False,True,True,False,True,True,True,False,True,Bike and Car,3,True,True,True,True,True,True,,False,False,False
8aa9885c9c1bc41a019c1c4b362e08f1,PG for Anyone in Kaveri St,12.9037177,80.0876172,Balaji Nagar,"kaveri street new perungluthur , Kaveri St, Kaveri St, chennai",BOTH,Both,5.7,8.3,DOUBLE,14000,40000,True,False,False,False,False,False,True,True,False,True,True,True,False,True,Bike and Car,3,True,True,True,True,True,True,,False,False,False
8aa9885c9c1bc41a019c1c4b362e08f1,PG for Anyone in Kaveri St,12.9037177,80.0876172,Balaji Nagar,"kaveri street new perungluthur , Kaveri St, Kaveri St, chennai",BOTH,Both,5.7,8.3,THREE,7000,10000,True,False,False,False,False,False,True,True,False,True,True,True,False,True,Bike and Car,3,True,True,True,True,True,True,,False,False,False
8aa9885c9c1bc41a019c1c4b362e08f1,PG for Anyone in Kaveri St,12.9037177,80.0876172,Balaji Nagar,"kaveri street new perungluthur , Kaveri St, Kaveri St, chennai",BOTH,Both,5.7,8.3,FOUR,0,0,False,False,False,False,False,False,True,True,False,True,True,True,False,True,Bike and Car,3,,,,,,,,False,False,False
8aa9bcdfa028638d01a02888cb1f1db5,PG for Boys in Old Perungalathur,12.918693774207448,80.08135467520441,Shanthi Nagar,"near MIGAVEL HOME APPLIANCES, Old Perungalathur, Old Perungalathur, chennai",MALE,Both,,,THREE,5500,1001,False,True,True,True,True,,,,,,,,,,Bike,0,False,False,False,False,False,False,,False,False,False
8aa9ccf19db5494c019db57d5ee513a9,PG for Boys in Old Perungalathur,12.918725711445042,80.08132159806034,Shanthi Nagar," Kamarajar St near MIGAVEL HOME APPLIANCES, Old Perungalathur, Old Perungalathur, chennai",MALE,Both,,,DOUBLE,7700,1000,False,True,True,True,True,,,,,,,,,,Bike,0,False,False,False,False,False,False,,False,False,False
8aa9ccf19db5494c019db57d5ee513a9,PG for Boys in Old Perungalathur,12.918725711445042,80.08132159806034,Shanthi Nagar," Kamarajar St near MIGAVEL HOME APPLIANCES, Old Perungalathur, Old Perungalathur, chennai",MALE,Both,,,FOUR,6500,1000,False,True,True,True,True,,,,,,,,,,Bike,0,False,False,False,False,False,False,,False,False,False
8a9fab827e5c8ccd017e5cac5eeb0f41,PG for Boys in New Perungalathur,12.905348837062478,80.09320049530552,New Perungalathur,"Kamaraj High Rd, Balaji Nagar NEAR Kamakshi Amman Temple, New Perungalathur, New Perungalathur, chennai",MALE,Both,,,SINGLE,9000,9000,False,True,True,True,True,,,,,,,,,,Bike,0,False,False,False,False,False,False,,False,False,False
8a9fab827e5c8ccd017e5cac5eeb0f41,PG for Boys in New Perungalathur,12.905348837062478,80.09320049530552,New Perungalathur,"Kamaraj High Rd, Balaji Nagar NEAR Kamakshi Amman Temple, New Perungalathur, New Perungalathur, chennai",MALE,Both,,,DOUBLE,7000,7000,False,True,True,True,True,,,,,,,,,,Bike,0,False,False,False,False,False,False,,False,False,False
8a9fab827e5c8ccd017e5cac5eeb0f41,PG for Boys in New Perungalathur,12.905348837062478,80.09320049530552,New Perungalathur,"Kamaraj High Rd, Balaji Nagar NEAR Kamakshi Amman Temple, New Perungalathur, New Perungalathur, chennai",MALE,Both,,,THREE,6000,6000,False,True,True,True,True,,,,,,,,,,Bike,0,False,False,False,False,False,False,,False,False,False
8a9fab827e5c8ccd017e5cac5eeb0f41,PG for Boys in New Perungalathur,12.905348837062478,80.09320049530552,New Perungalathur,"Kamaraj High Rd, Balaji Nagar NEAR Kamakshi Amman Temple, New Perungalathur, New Perungalathur, chennai",MALE,Both,,,FOUR,5500,5500,False,True,True,True,True,,,,,,,,,,Bike,0,False,False,False,False,False,False,,False,False,False
8a9f8c038cc93cfc018cc9a124394be7,PG for Boys in New Perungalathur,12.90558986505964,80.09537294281395,New Perungalathur,"Balaji Nagar  near  Perungalathur railway station, New Perungalathur, New Perungalathur, chennai",MALE,Both,,,SINGLE,0,0,False,True,True,True,True,False,True,False,False,False,False,False,False,False,Bike,0,False,False,False,False,False,False,,False,False,False
8a9f8c038cc93cfc018cc9a124394be7,PG for Boys in New Perungalathur,12.90558986505964,80.09537294281395,New Perungalathur,"Balaji Nagar  near  Perungalathur railway station, New Perungalathur, New Perungalathur, chennai",MALE,Both,,,DOUBLE,0,0,False,True,True,True,True,False,True,False,False,False,False,False,False,False,Bike,0,False,False,False,False,False,False,,False,False,False
8a9f8c038cc93cfc018cc9a124394be7,PG for Boys in New Perungalathur,12.90558986505964,80.09537294281395,New Perungalathur,"Balaji Nagar  near  Perungalathur railway station, New Perungalathur, New Perungalathur, chennai",MALE,Both,,,THREE,7500,3000,False,True,True,True,True,False,True,False,False,False,False,False,False,False,Bike,0,False,False,False,False,False,False,,False,False,False
8a9f8c038cc93cfc018cc9a124394be7,PG for Boys in New Perungalathur,12.90558986505964,80.09537294281395,New Perungalathur,"Balaji Nagar  near  Perungalathur railway station, New Perungalathur, New Perungalathur, chennai",MALE,Both,,,FOUR,6500,3000,False,True,True,True,True,False,True,False,False,False,False,False,False,False,Bike,0,False,False,False,False,False,False,,False,False,False
8a9fae827fb6e635017fb740eb522e25,PG for Boys in Mudichur,12.91836334842432,80.07816416307809,Shanthi Nagar,"Parvathi Nagar, near Sree Krishna Tuition Centre, Mudichur, Mudichur, chennai",MALE,Both,,,SINGLE,4500,20000,False,False,False,False,False,False,False,False,True,False,False,False,False,True,Bike,0,True,True,True,False,False,False,10:30 PM,True,True,False
8a9fae827fb6e635017fb740eb522e25,PG for Boys in Mudichur,12.91836334842432,80.07816416307809,Shanthi Nagar,"Parvathi Nagar, near Sree Krishna Tuition Centre, Mudichur, Mudichur, chennai",MALE,Both,,,DOUBLE,8000,30000,False,False,False,False,False,False,False,False,True,False,False,False,False,True,Bike,0,False,True,False,False,False,False,10:30 PM,True,True,False
8a9fae827fb6e635017fb740eb522e25,PG for Boys in Mudichur,12.91836334842432,80.07816416307809,Shanthi Nagar,"Parvathi Nagar, near Sree Krishna Tuition Centre, Mudichur, Mudichur, chennai",MALE,Both,,,THREE,3000,30000,False,False,False,False,False,False,False,False,True,False,False,False,False,True,Bike,0,False,False,False,False,False,False,10:30 PM,True,True,False
8a9fae827fb6e635017fb740eb522e25,PG for Boys in Mudichur,12.91836334842432,80.07816416307809,Shanthi Nagar,"Parvathi Nagar, near Sree Krishna Tuition Centre, Mudichur, Mudichur, chennai",MALE,Both,,,FOUR,4000,20000,False,False,False,False,False,False,False,False,True,False,False,False,False,True,Bike,0,False,False,False,False,False,False,10:30 PM,True,True,False
8aa9b1109b8c1b90019b8cc3b00d3869,PG for Boys in New Perungalathur,12.905190600000001,80.0951024,New Perungalathur,"Kesavaraya street, New Perungalathur, New Perungalathur, chennai",MALE,Both,8.2,6.3,DOUBLE,2500,5000,True,True,True,True,True,False,True,True,False,False,False,True,False,False,Bike,2,True,True,False,True,True,True,,True,False,False
8aa9b1109b8c1b90019b8cc3b00d3869,PG for Boys in New Perungalathur,12.905190600000001,80.0951024,New Perungalathur,"Kesavaraya street, New Perungalathur, New Perungalathur, chennai",MALE,Both,8.2,6.3,THREE,3500,5000,False,True,True,True,True,False,True,True,False,False,False,True,False,False,Bike,2,False,False,False,False,False,False,,True,False,False
8aa9b1109b8c1b90019b8cc3b00d3869,PG for Boys in New Perungalathur,12.905190600000001,80.0951024,New Perungalathur,"Kesavaraya street, New Perungalathur, New Perungalathur, chennai",MALE,Both,8.2,6.3,FOUR,3500,5000,False,True,True,True,True,False,True,True,False,False,False,True,False,False,Bike,2,False,False,False,False,False,False,,True,False,False
8a9f8f838b175d44018b181a695f4934,PG for Boys in Perungalathur,12.912436141685403,80.09255788574168,New Perungalathur,"Sri Venkata Sai Andhra Mens PG, Sathyamurthy St, Perungalathur, Perungalathur, chennai",MALE,Both,7.7,6.3,THREE,7500,3000,False,True,True,True,True,,,,,,,,,,Bike,0,False,False,False,False,False,False,,False,False,False
8a9f8f838b175d44018b181a695f4934,PG for Boys in Perungalathur,12.912436141685403,80.09255788574168,New Perungalathur,"Sri Venkata Sai Andhra Mens PG, Sathyamurthy St, Perungalathur, Perungalathur, chennai",MALE,Both,7.7,6.3,FOUR,7000,3000,False,True,True,True,True,,,,,,,,,,Bike,0,False,False,False,False,False,False,,False,False,False
8a9f8f8393292d8001932930ca800003,PG for Boys in Perungalathur,12.89709,80.0896,Vandalur," Grand Southern Trunk Rd, Near Sangeetha Veg Restaurant , Perungalathur, Perungalathur, chennai",MALE,Both,,,THREE,7500,5000,False,False,False,False,False,,,,,,,,,,Bike,0,False,False,False,False,False,False,,False,False,False
8a9f8f8393292d8001932930ca800003,PG for Boys in Perungalathur,12.89709,80.0896,Vandalur," Grand Southern Trunk Rd, Near Sangeetha Veg Restaurant , Perungalathur, Perungalathur, chennai",MALE,Both,,,FOUR,5600,5000,False,False,False,False,False,,,,,,,,,,Bike,0,False,False,False,False,False,False,,False,False,False
8a9f8ec38fc7e262018fc8276a4d2468,PG for Boys in  New Perungalathur,12.905903610805598,80.0944146886468,New Perungalathur,"13/5 Gandhi Street  near Five Star Chicken,  New Perungalathur,  New Perungalathur, chennai",MALE,Both,,,SINGLE,4600,2000,False,False,False,False,False,True,True,True,True,False,False,True,True,False,None,10,,,,,,,,True,False,False
8a9f8ec38fc7e262018fc8276a4d2468,PG for Boys in  New Perungalathur,12.905903610805598,80.0944146886468,New Perungalathur,"13/5 Gandhi Street  near Five Star Chicken,  New Perungalathur,  New Perungalathur, chennai",MALE,Both,,,DOUBLE,1,1,False,False,False,False,False,True,True,True,True,False,False,True,True,False,None,10,,,,,,,,True,False,False
8a9f8ec38fc7e262018fc8276a4d2468,PG for Boys in  New Perungalathur,12.905903610805598,80.0944146886468,New Perungalathur,"13/5 Gandhi Street  near Five Star Chicken,  New Perungalathur,  New Perungalathur, chennai",MALE,Both,,,THREE,1,1,False,False,False,False,False,True,True,True,True,False,False,True,True,False,None,10,,,,,,,,True,False,False
8a9f8ec38fc7e262018fc8276a4d2468,PG for Boys in  New Perungalathur,12.905903610805598,80.0944146886468,New Perungalathur,"13/5 Gandhi Street  near Five Star Chicken,  New Perungalathur,  New Perungalathur, chennai",MALE,Both,,,FOUR,4902,2000,True,False,False,False,False,True,True,True,True,False,False,True,True,False,None,10,True,False,False,True,True,True,,True,False,False
8a9f85838e4b75e3018e4b8a15550a90,PG for Boys in New Perungalathur,12.906608046768678,80.09475484469266,New Perungalathur,"Srinivasaraghavan Road  near by HDFC Bank, New Perungalathur, New Perungalathur, chennai",MALE,Both,,,DOUBLE,7500,4000,False,True,True,True,True,,,,,,,,,,Bike,0,False,False,False,False,False,False,,False,False,False
8a9f85838e4b75e3018e4b8a15550a90,PG for Boys in New Perungalathur,12.906608046768678,80.09475484469266,New Perungalathur,"Srinivasaraghavan Road  near by HDFC Bank, New Perungalathur, New Perungalathur, chennai",MALE,Both,,,THREE,7000,4000,False,True,True,True,True,,,,,,,,,,Bike,0,False,False,False,False,False,False,,False,False,False
8a9f85838e4b75e3018e4b8a15550a90,PG for Boys in New Perungalathur,12.906608046768678,80.09475484469266,New Perungalathur,"Srinivasaraghavan Road  near by HDFC Bank, New Perungalathur, New Perungalathur, chennai",MALE,Both,,,FOUR,7500,5000,False,True,True,True,True,,,,,,,,,,Bike,0,True,False,False,False,False,False,,False,False,False
8a9f94839a68496e019a685a632e04db,PG for Boys in Vandalur,12.893314823563403,80.08399568952161,Vandalur,"Walajabad Rd, near to Natesan Palace , Vandalur, Vandalur, chennai",MALE,Both,8.2,9.6,SINGLE,2000,4000,False,True,True,True,True,,,,,,,,,,Bike,0,False,False,False,False,False,False,,False,False,False
8a9f8c85992ce23f01992cfb21c207ed,PG for Boys in New Perungalathur,12.907480757465084,80.09376091159349,New Perungalathur,"Srinivasa Perumal Sannadi Street, New Perungalathur, New Perungalathur, chennai",MALE,Both,7.1,8.3,DOUBLE,4500,4500,True,False,False,False,False,True,True,True,False,False,False,True,True,False,Bike,6,False,True,False,True,True,True,11:30 PM,True,True,False
8a9f8c85992ce23f01992cfb21c207ed,PG for Boys in New Perungalathur,12.907480757465084,80.09376091159349,New Perungalathur,"Srinivasa Perumal Sannadi Street, New Perungalathur, New Perungalathur, chennai",MALE,Both,7.1,8.3,THREE,4500,4500,False,False,False,False,False,True,True,True,False,False,False,True,True,False,Bike,6,False,False,False,False,False,False,11:30 PM,True,True,False
8a9f8c85992ce23f01992cfb21c207ed,PG for Boys in New Perungalathur,12.907480757465084,80.09376091159349,New Perungalathur,"Srinivasa Perumal Sannadi Street, New Perungalathur, New Perungalathur, chennai",MALE,Both,7.1,8.3,FOUR,4800,4500,True,False,False,False,False,True,True,True,False,False,False,True,True,False,Bike,6,True,True,False,True,True,True,11:30 PM,True,True,False
8a9fa7838a37585b018a39e34fd42509,PG for Boys in Perungalathur,12.904870299999999,80.08456229999999,New Perungalathur,"MGR Nagar,Balaji Nagar,New Perungalathur , Perungalathur, Perungalathur, chennai",MALE,Working Professional,,,SINGLE,10000,10000,False,False,False,False,False,False,True,True,False,True,False,True,False,True,Bike,6,,,,,,,,True,True,False
8a9fa7838a37585b018a39e34fd42509,PG for Boys in Perungalathur,12.904870299999999,80.08456229999999,New Perungalathur,"MGR Nagar,Balaji Nagar,New Perungalathur , Perungalathur, Perungalathur, chennai",MALE,Working Professional,,,DOUBLE,8500,9000,False,False,False,False,False,False,True,True,False,True,False,True,False,True,Bike,6,,,,,,,,True,True,False
ff8081816ebc6cbf016ebcbdf8ed2fdc,PG for Boys in New Perungalathur,12.909263479745096,80.0920818,New Perungalathur,"kamaraj nagar, New Perungalathur, New Perungalathur, chennai",MALE,Both,,,DOUBLE,5500,5000,True,False,False,False,False,False,False,True,False,True,False,True,True,True,Bike,215,True,True,True,True,True,True,,True,False,False
ff8081816ebc6cbf016ebcbdf8ed2fdc,PG for Boys in New Perungalathur,12.909263479745096,80.0920818,New Perungalathur,"kamaraj nagar, New Perungalathur, New Perungalathur, chennai",MALE,Both,,,THREE,0,0,False,False,False,False,False,False,False,True,False,True,False,True,True,True,Bike,215,False,False,False,False,False,False,,True,False,False
ff8081816ebc6cbf016ebcbdf8ed2fdc,PG for Boys in New Perungalathur,12.909263479745096,80.0920818,New Perungalathur,"kamaraj nagar, New Perungalathur, New Perungalathur, chennai",MALE,Both,,,FOUR,4500,5000,True,False,False,False,False,False,False,True,False,True,False,True,True,True,Bike,215,True,True,True,True,True,True,,True,False,False
8a9fb88396609a610196609f3e620041,"PG for Boys in Otteri, Purasaiwakkam",12.8834731,80.0779376,Peerakankaranai,"podikadai stop, Otteri, Purasaiwakkam, Otteri, Purasaiwakkam, chennai",MALE,Both,,,THREE,4200,8500,True,False,False,False,False,False,False,True,False,False,False,True,True,False,Bike,1,True,True,True,False,True,True,,True,False,False
8a9f9384960381bf01960395497f00d9,"PG for Boys in Otteri, Purasaiwakkam",12.8834731,80.0779376,Peerakankaranai,"otteri, Otteri, Purasaiwakkam, Otteri, Purasaiwakkam, chennai",MALE,Both,,,DOUBLE,0,0,False,False,False,False,False,False,False,True,False,False,False,True,True,False,Bike,1,,,,,,,,True,False,False
8a9f9384960381bf01960395497f00d9,"PG for Boys in Otteri, Purasaiwakkam",12.8834731,80.0779376,Peerakankaranai,"otteri, Otteri, Purasaiwakkam, Otteri, Purasaiwakkam, chennai",MALE,Both,,,THREE,4500,9000,True,False,False,False,False,False,False,True,False,False,False,True,True,False,Bike,1,True,True,True,False,True,True,,True,False,False
8a9f9384960381bf01960395497f00d9,"PG for Boys in Otteri, Purasaiwakkam",12.8834731,80.0779376,Peerakankaranai,"otteri, Otteri, Purasaiwakkam, Otteri, Purasaiwakkam, chennai",MALE,Both,,,FOUR,0,0,False,False,False,False,False,False,False,True,False,False,False,True,True,False,Bike,1,,,,,,,,True,False,False
8a9fb18699ce13770199ce180e8300ac,PG for Boys in New Perungalathur,12.905366347657614,80.09430845264377,New Perungalathur,"Balaji Nagar, near  Parvathi Royal Womens Hostel in Chennai, New Perungalathur, New Perungalathur, chennai",MALE,Both,8.0,8.6,THREE,7500,2000,False,True,True,True,True,,,,,,,,,,Bike,0,False,False,False,False,False,False,,False,False,False
8a9fb9838a08ff87018a09a1570b5414,PG for Boys in New Perungalathur,12.90727276950555,80.09191556497767,Balaji Nagar,"Thiruvalluvar Street near OCEANIC ENGINEERING, New Perungalathur, New Perungalathur, chennai",MALE,Both,4.5,6.3,THREE,5000,10000,False,False,False,False,False,True,True,False,True,True,True,True,False,True,Car,0,False,False,False,False,False,False,,True,True,False
ff8081816f28c3f1016f2bec17706e83,PG for Boys in New Perungalathur,12.9069823,80.0941665,New Perungalathur,"Srinivasaraghavan Road near HDFC Bank, New Perungalathur, New Perungalathur, chennai",MALE,Both,,,THREE,9000,5000,True,True,True,True,True,False,True,True,False,False,False,True,True,True,Bike and Car,74,True,True,True,True,True,True,,False,False,False
8aa9bb1d9b778262019b783873df2b6c,PG for Boys in Vandalur,12.89280073008848,80.0786373716827,Vandalur,"Balaji Nagar near to STAR RESTAURANT @ VANDALUR, Vandalur, Vandalur, chennai",MALE,Both,8.1,5.7,FOUR,4500,1000,True,False,False,False,False,,,,,,,,,,Bike,6,True,True,False,True,True,True,,False,False,False
8a9fa6827834110b01783462e0831dbc,PG for Boys in Perungalathur,12.90420025967896,80.09796625281335,Perungalathur,"gandhi road  Near Indane Saravana Gas Agency, Tambaram Corporation, Perungalathur, Perungalathur, chennai",MALE,Both,,,SINGLE,4000,1000,False,False,False,False,False,,,,,,,,,,None,88,False,False,False,False,False,False,,False,False,False
8a9fa6827834110b01783462e0831dbc,PG for Boys in Perungalathur,12.90420025967896,80.09796625281335,Perungalathur,"gandhi road  Near Indane Saravana Gas Agency, Tambaram Corporation, Perungalathur, Perungalathur, chennai",MALE,Both,,,DOUBLE,4300,1000,True,False,False,False,False,,,,,,,,,,None,88,False,True,False,True,True,True,,False,False,False
8a9fa6827834110b01783462e0831dbc,PG for Boys in Perungalathur,12.90420025967896,80.09796625281335,Perungalathur,"gandhi road  Near Indane Saravana Gas Agency, Tambaram Corporation, Perungalathur, Perungalathur, chennai",MALE,Both,,,THREE,4200,2000,True,False,False,False,False,,,,,,,,,,None,88,False,True,False,True,True,True,,False,False,False
8a9fa6827834110b01783462e0831dbc,PG for Boys in Perungalathur,12.90420025967896,80.09796625281335,Perungalathur,"gandhi road  Near Indane Saravana Gas Agency, Tambaram Corporation, Perungalathur, Perungalathur, chennai",MALE,Both,,,FOUR,4000,1000,True,False,False,False,False,,,,,,,,,,None,88,False,True,False,True,True,True,,False,False,False
8a9f8fc3922790e90192279e76d80399,PG for Boys in Perungalathur,12.90744161025236,80.09632766812285,New Perungalathur,"Sannathi St, near City Union Bank Perungalathur, Perungalathur, Perungalathur, chennai",MALE,Both,,,THREE,6500,3000,False,True,True,True,True,,,,,,,,,,Bike,0,False,False,False,False,False,False,,False,False,False
8a9f8fc3922790e90192279e76d80399,PG for Boys in Perungalathur,12.90744161025236,80.09632766812285,New Perungalathur,"Sannathi St, near City Union Bank Perungalathur, Perungalathur, Perungalathur, chennai",MALE,Both,,,FOUR,6500,3000,False,True,True,True,True,,,,,,,,,,Bike,0,False,False,False,False,False,False,,False,False,False
8aa9de4f9e165aea019e16d352853567,PG for Boys in New Perungalathur,12.9048703,80.0845623,New Perungalathur,"Near railway station, New Perungalathur, New Perungalathur, chennai",MALE,Both,4.6,7.8,DOUBLE,5000,3000,True,False,False,False,False,False,True,True,True,True,False,True,False,True,Bike and Car,2,False,True,False,True,True,True,,False,False,False
8aa9de4f9e165aea019e16d352853567,PG for Boys in New Perungalathur,12.9048703,80.0845623,New Perungalathur,"Near railway station, New Perungalathur, New Perungalathur, chennai",MALE,Both,4.6,7.8,THREE,5500,3000,True,False,False,False,False,False,True,True,True,True,False,True,False,True,Bike and Car,2,True,True,False,True,True,True,,False,False,False
8aa9de4f9e165aea019e16d352853567,PG for Boys in New Perungalathur,12.9048703,80.0845623,New Perungalathur,"Near railway station, New Perungalathur, New Perungalathur, chennai",MALE,Both,4.6,7.8,FOUR,4500,3000,False,False,False,False,False,False,True,True,True,True,False,True,False,True,Bike and Car,2,False,False,False,False,False,False,,False,False,False
8a9f9e8499605bf9019960c6ddbb32f4,PG for Boys in New Perungalathur,12.905866496807326,80.09458446812287,New Perungalathur,"Rajamanickam St in Rishi Andhra Men's pg, New Perungalathur, New Perungalathur, chennai",MALE,Both,7.2,8.6,DOUBLE,11000,5000,False,True,True,True,True,,,,,,,,,,Bike,0,False,False,False,False,False,False,,False,False,False
8a9f9e8499605bf9019960c6ddbb32f4,PG for Boys in New Perungalathur,12.905866496807326,80.09458446812287,New Perungalathur,"Rajamanickam St in Rishi Andhra Men's pg, New Perungalathur, New Perungalathur, chennai",MALE,Both,7.2,8.6,THREE,8500,5000,False,True,True,True,True,,,,,,,,,,Bike,0,False,False,False,False,False,False,,False,False,False
8a9f9e8499605bf9019960c6ddbb32f4,PG for Boys in New Perungalathur,12.905866496807326,80.09458446812287,New Perungalathur,"Rajamanickam St in Rishi Andhra Men's pg, New Perungalathur, New Perungalathur, chennai",MALE,Both,7.2,8.6,FOUR,7500,5000,False,True,True,True,True,,,,,,,,,,Bike,0,False,False,False,False,False,False,,False,False,False
8a9fb38499ce0d630199ce1448fd00e1,PG for Girls in Old Perungalathur,12.918673349506546,80.08129238959101,Shanthi Nagar,"Parvathi Nagar near  ( GANAPATHY MEN'S HOSTEL ), Old Perungalathur, Old Perungalathur, chennai",FEMALE,Both,5.9,9.1,THREE,7500,1000,False,True,True,True,True,,,,,,,,,,Bike,0,False,False,False,False,False,False,,False,False,False
8a9fc4828146a26301814728fdbb5b81,PG for Girls in New Perungalathur,12.900758198602517,80.09289259020022,Balaji Nagar,"GST Road  Near Gateway Office Parks , New Perungalathur, New Perungalathur, chennai",FEMALE,Both,,,DOUBLE,8000,2000,False,True,True,True,True,,,,,,,,,,Bike,0,False,False,False,False,False,False,09:30 PM,True,False,False
8a9fc4828146a26301814728fdbb5b81,PG for Girls in New Perungalathur,12.900758198602517,80.09289259020022,Balaji Nagar,"GST Road  Near Gateway Office Parks , New Perungalathur, New Perungalathur, chennai",FEMALE,Both,,,THREE,7000,3000,False,True,True,True,True,,,,,,,,,,Bike,0,False,False,False,False,False,False,09:30 PM,True,False,False
8a9fc4828146a26301814728fdbb5b81,PG for Girls in New Perungalathur,12.900758198602517,80.09289259020022,Balaji Nagar,"GST Road  Near Gateway Office Parks , New Perungalathur, New Perungalathur, chennai",FEMALE,Both,,,FOUR,6500,2000,False,True,True,True,True,,,,,,,,,,Bike,0,False,False,False,False,False,False,09:30 PM,True,False,False
ff8081815d8f1388015d8f6d59bf112c,PG for Girls in Perungalathur,12.897876988513287,80.08857199999997,Vandalur,"Spring Ladies PG Hostel in Perungalathur-No. 45 Chozhan Street, RMK Nagar Perungalathur, opp. Gateway Office Parks Road, Chennai, Tamil Nadu 600063, Perungalathur, Perungalathur, chennai",FEMALE,Both,6.3,5.9,SINGLE,0,0,False,False,False,False,False,False,True,True,True,True,True,True,True,True,Bike and Car,88,False,False,False,False,False,False,09:30 AM,True,True,False
ff8081815d8f1388015d8f6d59bf112c,PG for Girls in Perungalathur,12.897876988513287,80.08857199999997,Vandalur,"Spring Ladies PG Hostel in Perungalathur-No. 45 Chozhan Street, RMK Nagar Perungalathur, opp. Gateway Office Parks Road, Chennai, Tamil Nadu 600063, Perungalathur, Perungalathur, chennai",FEMALE,Both,6.3,5.9,THREE,4800,2000,True,False,False,False,False,False,True,True,True,True,True,True,True,True,Bike and Car,88,True,True,True,True,True,True,09:30 AM,True,True,False
ff8081815d8f1388015d8f6d59bf112c,PG for Girls in Perungalathur,12.897876988513287,80.08857199999997,Vandalur,"Spring Ladies PG Hostel in Perungalathur-No. 45 Chozhan Street, RMK Nagar Perungalathur, opp. Gateway Office Parks Road, Chennai, Tamil Nadu 600063, Perungalathur, Perungalathur, chennai",FEMALE,Both,6.3,5.9,FOUR,4300,2000,True,False,False,False,False,False,True,True,True,True,True,True,True,True,Bike and Car,88,True,True,True,True,True,True,09:30 AM,True,True,False
8aa9d6e49dd22605019dd2322af602a8,PG for Girls in Perungalathur,12.899863551332697,80.08980882433622,Perungalathur,"Rmk nagar near play ground , perungalathur, perungalathur, chennai",FEMALE,Both,5.9,7.8,DOUBLE,6750,6750,True,False,False,False,False,False,True,False,False,False,False,False,False,False,Bike,4,True,True,True,True,True,True,,False,False,False
8aa9d6e49dd22605019dd2322af602a8,PG for Girls in Perungalathur,12.899863551332697,80.08980882433622,Perungalathur,"Rmk nagar near play ground , perungalathur, perungalathur, chennai",FEMALE,Both,5.9,7.8,THREE,6250,6250,True,False,False,False,False,False,True,False,False,False,False,False,False,False,Bike,4,True,True,True,True,True,True,,False,False,False
8aa9d6e49dd22605019dd2322af602a8,PG for Girls in Perungalathur,12.899863551332697,80.08980882433622,Perungalathur,"Rmk nagar near play ground , perungalathur, perungalathur, chennai",FEMALE,Both,5.9,7.8,FOUR,5750,5750,True,False,False,False,False,False,True,False,False,False,False,False,False,False,Bike,4,True,True,True,True,True,True,,False,False,False
8aa9885c9c1bc41a019c1c4b362e08f1,PG for Anyone in Kaveri St,12.9037177,80.0876172,Balaji Nagar,"kaveri street new perungluthur , Kaveri St, Kaveri St, chennai",BOTH,Both,5.7,8.3,SINGLE,7000,10000,True,False,False,False,False,False,True,True,False,True,True,True,False,True,Bike and Car,3,True,True,True,True,True,True,,False,False,False
8aa9885c9c1bc41a019c1c4b362e08f1,PG for Anyone in Kaveri St,12.9037177,80.0876172,Balaji Nagar,"kaveri street new perungluthur , Kaveri St, Kaveri St, chennai",BOTH,Both,5.7,8.3,DOUBLE,14000,40000,True,False,False,False,False,False,True,True,False,True,True,True,False,True,Bike and Car,3,True,True,True,True,True,True,,False,False,False
8aa9885c9c1bc41a019c1c4b362e08f1,PG for Anyone in Kaveri St,12.9037177,80.0876172,Balaji Nagar,"kaveri street new perungluthur , Kaveri St, Kaveri St, chennai",BOTH,Both,5.7,8.3,THREE,7000,10000,True,False,False,False,False,False,True,True,False,True,True,True,False,True,Bike and Car,3,True,True,True,True,True,True,,False,False,False
8aa9885c9c1bc41a019c1c4b362e08f1,PG for Anyone in Kaveri St,12.9037177,80.0876172,Balaji Nagar,"kaveri street new perungluthur , Kaveri St, Kaveri St, chennai",BOTH,Both,5.7,8.3,FOUR,0,0,False,False,False,False,False,False,True,True,False,True,True,True,False,True,Bike and Car,3,,,,,,,,False,False,False
8aa98d099cdb475a019cdc08550e6255,PG for Girls in Perungalathur,12.919829662549649,80.09102350960157,Old Perungalathur,"1st St, Gandhi Nagar,, Perungalathur, Perungalathur, chennai",FEMALE,Both,,,FOUR,8500,2000,True,True,True,True,True,,,,,,,,,,Bike,4,True,True,True,True,True,True,,False,False,False
8a9f858697719313019771a7e4bd0371,"PG for Girls in  West Tambaram, ",12.92122317378258,80.09266689419746,Old Perungalathur,"near naatarasan hotel..rukmani devi street,  West Tambaram, ,  West Tambaram, , chennai",FEMALE,Working Professional,6.9,6.1,DOUBLE,8000,5000,False,True,True,True,True,True,True,False,False,True,False,False,False,True,Car,8,True,True,False,True,True,True,,True,False,False
8a9f858697719313019771a7e4bd0371,"PG for Girls in  West Tambaram, ",12.92122317378258,80.09266689419746,Old Perungalathur,"near naatarasan hotel..rukmani devi street,  West Tambaram, ,  West Tambaram, , chennai",FEMALE,Working Professional,6.9,6.1,THREE,7500,5000,True,True,True,True,True,True,True,False,False,True,False,False,False,True,Car,8,True,True,False,True,True,True,,True,False,False
8a9f858697719313019771a7e4bd0371,"PG for Girls in  West Tambaram, ",12.92122317378258,80.09266689419746,Old Perungalathur,"near naatarasan hotel..rukmani devi street,  West Tambaram, ,  West Tambaram, , chennai",FEMALE,Working Professional,6.9,6.1,FOUR,7000,5000,False,True,True,True,True,True,True,False,False,True,False,False,False,True,Car,8,True,True,False,True,True,True,,True,False,False
8a9faa8278871b97017887508ee1192a,PG for Girls in New Perungalathur,12.905420581002067,80.09321539755324,New Perungalathur,"Kamaraj High Rd Near Kamakshi Amman Temple, New Perungalathur, New Perungalathur, chennai",FEMALE,Both,,,DOUBLE,6000,3000,False,True,True,True,True,,,,,,,,,,Bike and Car,0,False,False,False,False,False,False,,False,False,False
8a9faa8278871b97017887508ee1192a,PG for Girls in New Perungalathur,12.905420581002067,80.09321539755324,New Perungalathur,"Kamaraj High Rd Near Kamakshi Amman Temple, New Perungalathur, New Perungalathur, chennai",FEMALE,Both,,,THREE,5500,5500,False,True,True,True,True,,,,,,,,,,Bike and Car,0,False,False,False,False,False,False,,False,False,False
8a9faa8278871b97017887508ee1192a,PG for Girls in New Perungalathur,12.905420581002067,80.09321539755324,New Perungalathur,"Kamaraj High Rd Near Kamakshi Amman Temple, New Perungalathur, New Perungalathur, chennai",FEMALE,Both,,,FOUR,6000,3000,False,True,True,True,True,,,,,,,,,,Bike and Car,0,False,False,False,False,False,False,,False,False,False
8aa9b3219bde81b2019bdf00c2a8246d,PG for Girls in Perungalathur,12.908804334015812,80.09273853249002,New Perungalathur,"SardarAathikesavavelu Ngr near Haappy Womens Hostel, Perungalathur, Perungalathur, chennai",FEMALE,Both,8.3,6.2,DOUBLE,6800,3000,False,True,True,True,True,,,,,,,,,,Bike,0,False,False,False,False,False,False,,False,False,False
8aa9b3219bde81b2019bdf00c2a8246d,PG for Girls in Perungalathur,12.908804334015812,80.09273853249002,New Perungalathur,"SardarAathikesavavelu Ngr near Haappy Womens Hostel, Perungalathur, Perungalathur, chennai",FEMALE,Both,8.3,6.2,FOUR,6300,3000,False,True,True,True,True,,,,,,,,,,Bike,0,False,False,False,False,False,False,,False,False,False
ff8081816f087e8b016f08fa67bf27d7,PG for Girls in Perungalathur,12.897130155594919,80.0897630399325,Vandalur,"GST Road, Tambaram NearSangeetha Veg Restaurant, Perungalathur, Perungalathur, chennai",FEMALE,Both,,,DOUBLE,7000,7000,False,True,True,True,True,,,,,,,,,,Bike,0,False,False,False,False,False,False,09:00 PM,False,False,False
ff8081816f087e8b016f08fa67bf27d7,PG for Girls in Perungalathur,12.897130155594919,80.0897630399325,Vandalur,"GST Road, Tambaram NearSangeetha Veg Restaurant, Perungalathur, Perungalathur, chennai",FEMALE,Both,,,THREE,7350,7350,False,True,True,True,True,,,,,,,,,,Bike,0,False,False,False,False,False,False,09:00 PM,False,False,False
ff8081816f087e8b016f08fa67bf27d7,PG for Girls in Perungalathur,12.897130155594919,80.0897630399325,Vandalur,"GST Road, Tambaram NearSangeetha Veg Restaurant, Perungalathur, Perungalathur, chennai",FEMALE,Both,,,FOUR,7000,7000,False,True,True,True,True,,,,,,,,,,Bike,0,False,True,False,True,True,False,09:00 PM,False,False,False
8a9fb9827e2868a8017e28e6ba443d11,PG for Girls in Perungalathur,12.909272189434748,80.09208504228484,New Perungalathur,"no.36,Srinivasa perumal Sannathi salai, Perungalathur, Perungalathur, chennai",FEMALE,Both,,,DOUBLE,7000,6000,False,True,True,True,True,True,True,True,True,True,False,True,True,False,Bike,14,False,False,False,False,False,False,10:30 PM,True,True,False
8a9fb9827e2868a8017e28e6ba443d11,PG for Girls in Perungalathur,12.909272189434748,80.09208504228484,New Perungalathur,"no.36,Srinivasa perumal Sannathi salai, Perungalathur, Perungalathur, chennai",FEMALE,Both,,,THREE,6750,6000,False,True,True,True,True,True,True,True,True,True,False,True,True,False,Bike,14,False,False,False,False,False,False,10:30 PM,True,True,False
8a9fb9827e2868a8017e28e6ba443d11,PG for Girls in Perungalathur,12.909272189434748,80.09208504228484,New Perungalathur,"no.36,Srinivasa perumal Sannathi salai, Perungalathur, Perungalathur, chennai",FEMALE,Both,,,FOUR,6750,6000,False,True,True,True,True,True,True,True,True,True,False,True,True,False,Bike,14,False,False,False,False,False,False,10:30 PM,True,True,False
8a9f918499560f0a01995623129f06fa,PG for Girls in New Perungalathur,12.905967480529327,80.09659563551253,Perungalathur,"Kamaraj Nagar  near Brinda Medicals, New Perungalathur, New Perungalathur, chennai",FEMALE,Both,3.0,1.5,FOUR,6000,2000,False,True,True,True,True,,,,,,,,,,Bike,0,False,False,False,False,False,False,,False,False,False
8aa9aa369f124c2c019f12ce0f633d3a,"PG for Girls in  New Perungalathur, ",12.90849117545587,80.09457074355127,New Perungalathur,", Srinivasa Nagar,near VAO office Peerkankaranai,  New Perungalathur, ,  New Perungalathur, , chennai",FEMALE,Both,7.8,7.9,SINGLE,5000,5000,False,False,False,False,False,,,,,,,,,,Bike,0,True,False,False,False,False,False,,False,False,False
ff8081816cf16ad5016cf1a728841967,PG for Girls in Vandalur,12.891609295454142,80.0860614068458,Vandalur,"GST Road Otteri,  near Hero Sri Kalyana Venkateshwara Motors, Vandalur, Vandalur, chennai",FEMALE,Both,,,DOUBLE,4500,2000,False,False,False,False,False,False,True,False,False,True,True,True,True,True,Bike,25,False,False,False,False,False,False,,True,True,False
ff8081816cf16ad5016cf1a728841967,PG for Girls in Vandalur,12.891609295454142,80.0860614068458,Vandalur,"GST Road Otteri,  near Hero Sri Kalyana Venkateshwara Motors, Vandalur, Vandalur, chennai",FEMALE,Both,,,THREE,4500,2000,False,False,False,False,False,False,True,False,False,True,True,True,True,True,Bike,25,False,False,False,False,False,False,,True,True,False
ff8081816cf16ad5016cf1a728841967,PG for Girls in Vandalur,12.891609295454142,80.0860614068458,Vandalur,"GST Road Otteri,  near Hero Sri Kalyana Venkateshwara Motors, Vandalur, Vandalur, chennai",FEMALE,Both,,,FOUR,3500,2000,True,False,False,False,False,False,True,False,False,True,True,True,True,True,Bike,25,False,True,True,True,True,True,,True,True,False
8a9f9d827b15c4ae017b1615cf77220e,PG for Girls in New Perungalathur,12.90582052401577,80.0945802625656,New Perungalathur,"Rajamanickam St,  Near RV Ladies Hostel, New Perungalathur, New Perungalathur, chennai",FEMALE,Both,,,DOUBLE,5500,5500,False,True,True,True,True,,,,,,,,,,None,0,False,False,False,False,False,False,,False,False,False
8a9f9d827b15c4ae017b1615cf77220e,PG for Girls in New Perungalathur,12.90582052401577,80.0945802625656,New Perungalathur,"Rajamanickam St,  Near RV Ladies Hostel, New Perungalathur, New Perungalathur, chennai",FEMALE,Both,,,THREE,6000,6000,False,True,True,True,True,,,,,,,,,,None,0,False,False,False,False,False,False,,False,False,False
8a9f9d827b15c4ae017b1615cf77220e,PG for Girls in New Perungalathur,12.90582052401577,80.0945802625656,New Perungalathur,"Rajamanickam St,  Near RV Ladies Hostel, New Perungalathur, New Perungalathur, chennai",FEMALE,Both,,,FOUR,6500,6500,False,True,True,True,True,,,,,,,,,,None,0,False,False,False,False,False,False,,False,False,False
8a02ec466f28c74c016f2bedac3d0f72,PG for Girls in New Perungalathur,12.904854330356521,80.09340995993598,New Perungalathur,"Kamaraj High Rd, Balaji Nagar near Sembaruthi Pharmacy, New Perungalathur, New Perungalathur, chennai",FEMALE,Both,4.1,6.2,DOUBLE,10000,5000,True,True,True,True,True,False,True,True,False,False,False,True,False,True,Bike and Car,92,True,True,True,True,True,True,,False,False,False
8a02ec466f28c74c016f2bedac3d0f72,PG for Girls in New Perungalathur,12.904854330356521,80.09340995993598,New Perungalathur,"Kamaraj High Rd, Balaji Nagar near Sembaruthi Pharmacy, New Perungalathur, New Perungalathur, chennai",FEMALE,Both,4.1,6.2,THREE,9000,5000,True,True,True,True,True,False,True,True,False,False,False,True,False,True,Bike and Car,92,True,True,True,True,True,True,,False,False,False
8a02ec466f28c74c016f2bedac3d0f72,PG for Girls in New Perungalathur,12.904854330356521,80.09340995993598,New Perungalathur,"Kamaraj High Rd, Balaji Nagar near Sembaruthi Pharmacy, New Perungalathur, New Perungalathur, chennai",FEMALE,Both,4.1,6.2,FOUR,7500,5000,True,True,True,True,True,False,True,True,False,False,False,True,False,True,Bike and Car,92,True,True,True,True,True,True,,False,False,False
8a9fec8286e896960186e90627343b98,PG for Girls in New Perungalathur,12.905516448713486,80.0932256870917,New Perungalathur,"Kamaraj High Rd, Balaji Nagar,  Near  Kamakshi Amman Temple , New Perungalathur, New Perungalathur, chennai",FEMALE,Both,,,THREE,3500,5000,False,False,False,False,False,,,,,,,,,,Bike,0,False,False,False,False,False,False,,False,False,False
8a9fec8286e896960186e90627343b98,PG for Girls in New Perungalathur,12.905516448713486,80.0932256870917,New Perungalathur,"Kamaraj High Rd, Balaji Nagar,  Near  Kamakshi Amman Temple , New Perungalathur, New Perungalathur, chennai",FEMALE,Both,,,FOUR,4000,5000,False,False,False,False,False,,,,,,,,,,Bike,0,False,False,False,False,False,False,,False,False,False
8aa9d9e69e29b233019e29cfcf2f07e5,PG for Girls in Old Perungalathur,12.92126063515381,80.09250761275024,Old Perungalathur,"Mudichur Road near naatarasan hotel.., Old Perungalathur, Old Perungalathur, chennai",FEMALE,Both,,,SINGLE,15000,5000,False,True,True,True,True,False,True,True,False,True,False,True,True,True,Bike,12,False,False,False,False,False,False,,True,False,False
8aa9d9e69e29b233019e29cfcf2f07e5,PG for Girls in Old Perungalathur,12.92126063515381,80.09250761275024,Old Perungalathur,"Mudichur Road near naatarasan hotel.., Old Perungalathur, Old Perungalathur, chennai",FEMALE,Both,,,DOUBLE,9000,5000,False,True,True,True,True,False,True,True,False,True,False,True,True,True,Bike,12,False,False,False,False,False,False,,True,False,False
8aa9d9e69e29b233019e29cfcf2f07e5,PG for Girls in Old Perungalathur,12.92126063515381,80.09250761275024,Old Perungalathur,"Mudichur Road near naatarasan hotel.., Old Perungalathur, Old Perungalathur, chennai",FEMALE,Both,,,THREE,7500,5000,False,True,True,True,True,False,True,True,False,True,False,True,True,True,Bike,12,False,False,False,False,False,False,,True,False,False
8aa9c04b9b5375e6019b5463325451f8,PG for Girls in Perungalathur,12.907003050478666,80.09435089124338,New Perungalathur,"Srinivasa Ragavan St Srinivasa Nagar, New   near   Sai Balaji Men's PG, Perungalathur, Perungalathur, chennai",FEMALE,Both,7.0,7.9,FOUR,7200,4000,False,True,True,True,True,,,,,,,,,,Bike,0,False,False,False,False,False,False,,False,False,False
8a9fe0838af87738018af8e17db91d80,PG for Girls in New Perungalathur,12.90929868170066,80.09208864619258,New Perungalathur," Kamaraj High Rd near Srinivasa Perumal Temple, New Perungalathur, New Perungalathur, chennai",FEMALE,Both,5.9,7.9,DOUBLE,5500,2000,False,True,True,True,True,,,,,,,,,,Bike,0,False,False,False,False,False,False,,False,False,False
8a9fe0838af87738018af8e17db91d80,PG for Girls in New Perungalathur,12.90929868170066,80.09208864619258,New Perungalathur," Kamaraj High Rd near Srinivasa Perumal Temple, New Perungalathur, New Perungalathur, chennai",FEMALE,Both,5.9,7.9,THREE,5000,2000,False,True,True,True,True,,,,,,,,,,Bike,0,False,False,False,False,False,False,,False,False,False
8a9fe0838af87738018af8e17db91d80,PG for Girls in New Perungalathur,12.90929868170066,80.09208864619258,New Perungalathur," Kamaraj High Rd near Srinivasa Perumal Temple, New Perungalathur, New Perungalathur, chennai",FEMALE,Both,5.9,7.9,FOUR,4500,2000,False,True,True,True,True,,,,,,,,,,Bike,0,False,False,False,False,False,False,,False,False,False
ff8081816ba75e78016ba8f371c82a22,PG for Girls in Vandalur,12.891884209925,80.08570446378897,Vandalur,"Otteri Extension,Near Hero show room, Vandalur, Vandalur, chennai",FEMALE,Both,7.2,5.4,DOUBLE,4500,2000,False,False,False,False,False,False,True,True,True,True,False,True,True,True,Bike,84,False,False,False,False,False,False,,True,True,False
ff8081816ba75e78016ba8f371c82a22,PG for Girls in Vandalur,12.891884209925,80.08570446378897,Vandalur,"Otteri Extension,Near Hero show room, Vandalur, Vandalur, chennai",FEMALE,Both,7.2,5.4,THREE,4500,2000,True,False,False,False,False,False,True,True,True,True,False,True,True,True,Bike,84,True,True,True,True,True,True,,True,True,False
ff8081816ba75e78016ba8f371c82a22,PG for Girls in Vandalur,12.891884209925,80.08570446378897,Vandalur,"Otteri Extension,Near Hero show room, Vandalur, Vandalur, chennai",FEMALE,Both,7.2,5.4,FOUR,3500,2000,True,False,False,False,False,False,True,True,True,True,False,True,True,True,Bike,84,False,True,True,True,True,True,,True,True,False
ff8081816b0cf466016b11a9068a1550,PG for Girls in New Perungalathur,12.904542775715296,80.09403448220905,New Perungalathur,"Kamaraj High Rd Near Sri Kasi Bhavan, New Perungalathur, New Perungalathur, chennai",FEMALE,Both,,,SINGLE,6500,3000,False,True,True,True,True,True,True,False,False,True,False,True,True,False,None,74,False,False,False,False,False,False,,True,True,False
ff8081816b0cf466016b11a9068a1550,PG for Girls in New Perungalathur,12.904542775715296,80.09403448220905,New Perungalathur,"Kamaraj High Rd Near Sri Kasi Bhavan, New Perungalathur, New Perungalathur, chennai",FEMALE,Both,,,DOUBLE,9000,5000,True,True,True,True,True,True,True,False,False,True,False,True,True,False,None,74,False,True,True,True,True,True,,True,True,False
ff8081816b0cf466016b11a9068a1550,PG for Girls in New Perungalathur,12.904542775715296,80.09403448220905,New Perungalathur,"Kamaraj High Rd Near Sri Kasi Bhavan, New Perungalathur, New Perungalathur, chennai",FEMALE,Both,,,THREE,5800,3000,True,True,True,True,True,True,True,False,False,True,False,True,True,False,None,74,False,True,True,True,True,True,,True,True,False
ff8081816b0cf466016b11a9068a1550,PG for Girls in New Perungalathur,12.904542775715296,80.09403448220905,New Perungalathur,"Kamaraj High Rd Near Sri Kasi Bhavan, New Perungalathur, New Perungalathur, chennai",FEMALE,Both,,,FOUR,0,0,False,True,True,True,True,True,True,False,False,True,False,True,True,False,None,74,False,False,False,False,False,False,,True,True,False
8aa9a0ab9f7ff272019f80a0ea8149ab,"PG for Girls in New Perungalathur,",12.903623814774576,80.09334655456938,New Perungalathur,"Krishna Rd, near Twins World Mobile, New Perungalathur,, New Perungalathur,, chennai",FEMALE,Both,7.3,7.9,SINGLE,5500,6000,False,False,False,False,False,False,False,False,False,True,True,True,False,True,Bike,0,False,False,False,False,False,False,,True,False,True
8aa9a0ab9f7ff272019f80a0ea8149ab,"PG for Girls in New Perungalathur,",12.903623814774576,80.09334655456938,New Perungalathur,"Krishna Rd, near Twins World Mobile, New Perungalathur,, New Perungalathur,, chennai",FEMALE,Both,7.3,7.9,FOUR,0,0,False,False,False,False,False,False,False,False,False,True,True,True,False,True,Bike,0,,,,,,,,True,False,True
8aa9892399605b32019960c78da72d43,PG for Girls in New Perungalathur,12.904253540734306,80.09225699791725,Balaji Nagar,"Krishna Rd near Sekar Mahal a/c, New Perungalathur, New Perungalathur, chennai",FEMALE,Both,8.1,6.3,,,,,True,True,True,True,,,,,,,,,,Bike,0,,,,,,,,False,False,False
8aa9acb19f8d08bc019f8d6d131d3375,PG for Girls in  New Perungalathur,12.904450092394832,80.09903467155686,Perungalathur,"Kamaraj Nagar near Abi Ladies Hostel - Comfort you deserve,  New Perungalathur,  New Perungalathur, chennai",FEMALE,Both,,,DOUBLE,6500,2000,False,True,False,False,False,,,,,,,,,,Bike,0,False,False,False,False,False,False,,False,False,False
8aa9acb19f8d08bc019f8d6d131d3375,PG for Girls in  New Perungalathur,12.904450092394832,80.09903467155686,Perungalathur,"Kamaraj Nagar near Abi Ladies Hostel - Comfort you deserve,  New Perungalathur,  New Perungalathur, chennai",FEMALE,Both,,,FOUR,7500,2000,False,True,False,False,False,,,,,,,,,,Bike,0,False,False,False,False,False,False,,False,False,False
8a9f88038e9cc3e8018e9d17a7302160,PG for Girls in New Perungalathur Railway Station,12.905772199999996,80.09538970000001,New Perungalathur,"Sundarar street, Sathyamoorthy salai,new Perungalathur , New PERUNGALATHUR railway station, New PERUNGALATHUR railway station, chennai",FEMALE,Both,,,SINGLE,4500,7000,False,False,False,False,False,False,True,True,False,True,True,True,False,True,None,0,,,,,,,,True,False,False
8a9f88038e9cc3e8018e9d17a7302160,PG for Girls in New Perungalathur Railway Station,12.905772199999996,80.09538970000001,New Perungalathur,"Sundarar street, Sathyamoorthy salai,new Perungalathur , New PERUNGALATHUR railway station, New PERUNGALATHUR railway station, chennai",FEMALE,Both,,,DOUBLE,5000,7000,False,False,False,False,False,False,True,True,False,True,True,True,False,True,None,0,,True,True,True,True,,,True,False,False
8a9f88038e9cc3e8018e9d17a7302160,PG for Girls in New Perungalathur Railway Station,12.905772199999996,80.09538970000001,New Perungalathur,"Sundarar street, Sathyamoorthy salai,new Perungalathur , New PERUNGALATHUR railway station, New PERUNGALATHUR railway station, chennai",FEMALE,Both,,,FOUR,5000,7000,False,False,False,False,False,False,True,True,False,True,True,True,False,True,None,0,,,,,,,,True,False,False
8aa98892a0233d3501a024c09e0d10b4,PG for Boys in Tambaram,12.936355174681431,80.12807073676906,East Tambaram," KAMARAJ NAGAR NEAR Corall Men's Hostel PGS, Tambaram, Tambaram, chennai",MALE,Both,8.4,8.6,THREE,7000,3000,False,True,False,False,False,,,,,,,,,,Bike,0,False,False,False,False,False,False,,False,False,False
8aa98892a0233d3501a024c09e0d10b4,PG for Boys in Tambaram,12.936355174681431,80.12807073676906,East Tambaram," KAMARAJ NAGAR NEAR Corall Men's Hostel PGS, Tambaram, Tambaram, chennai",MALE,Both,8.4,8.6,FOUR,6500,3000,False,True,False,False,False,,,,,,,,,,Bike,0,False,False,False,False,False,False,,False,False,False
8a9fc7828465af23018465f588952848,PG for Boys in Tambaram,12.927156860732774,80.11715485791721,Tambaram,"Muthuranga Mudali St, Near Jeyachandran Textiles, Tambaram, Tambaram, chennai",MALE,Both,,,DOUBLE,2500,5000,False,False,False,False,False,,,,,,,,,,Bike,0,False,False,False,False,False,False,,False,False,False
8a9fc7828465af23018465f588952848,PG for Boys in Tambaram,12.927156860732774,80.11715485791721,Tambaram,"Muthuranga Mudali St, Near Jeyachandran Textiles, Tambaram, Tambaram, chennai",MALE,Both,,,THREE,2500,5000,False,False,False,False,False,,,,,,,,,,Bike,0,False,False,False,False,False,False,,False,False,False
8a9f80828064aef2018064bc8c7105ff,PG for Boys in Tambaram,12.925751013924115,80.11572553815404,Tambaram,"Shanmugam Rd near TAMBARAM MARKET, Tambaram, Tambaram, chennai",MALE,Both,,,SINGLE,9000,9000,False,True,True,True,True,,,,,,,,,,Bike,0,True,False,False,False,False,False,,False,False,False
8a9f80828064aef2018064bc8c7105ff,PG for Boys in Tambaram,12.925751013924115,80.11572553815404,Tambaram,"Shanmugam Rd near TAMBARAM MARKET, Tambaram, Tambaram, chennai",MALE,Both,,,DOUBLE,5000,5000,False,True,True,True,True,,,,,,,,,,Bike,0,True,False,False,False,False,False,,False,False,False
8a9f80828064aef2018064bc8c7105ff,PG for Boys in Tambaram,12.925751013924115,80.11572553815404,Tambaram,"Shanmugam Rd near TAMBARAM MARKET, Tambaram, Tambaram, chennai",MALE,Both,,,THREE,13500,13500,False,True,True,True,True,,,,,,,,,,Bike,0,False,False,False,False,False,False,,False,False,False
8a9f80828064aef2018064bc8c7105ff,PG for Boys in Tambaram,12.925751013924115,80.11572553815404,Tambaram,"Shanmugam Rd near TAMBARAM MARKET, Tambaram, Tambaram, chennai",MALE,Both,,,FOUR,8500,10000,False,True,True,True,True,,,,,,,,,,Bike,0,False,False,False,False,False,False,,False,False,False
8aa9b7f79b725bf4019b73216e7a3f45,PG for Boys in Tambaram Sanatoruim,12.93791369756381,80.12356751832606,Tambaram West,"Kadaperi, near Anugrahha Men and Womens hostel, Tambaram Sanatoruim, Tambaram Sanatoruim, chennai",MALE,Both,7.7,8.1,DOUBLE,11000,14000,True,True,True,True,True,,,,,,,,,,Bike,12,True,False,False,False,False,True,,False,False,False
8aa9b7f79b725bf4019b73216e7a3f45,PG for Boys in Tambaram Sanatoruim,12.93791369756381,80.12356751832606,Tambaram West,"Kadaperi, near Anugrahha Men and Womens hostel, Tambaram Sanatoruim, Tambaram Sanatoruim, chennai",MALE,Both,7.7,8.1,THREE,8500,8500,True,True,True,True,True,,,,,,,,,,Bike,12,False,False,False,False,False,True,,False,False,False
8aa9b7f79b725bf4019b73216e7a3f45,PG for Boys in Tambaram Sanatoruim,12.93791369756381,80.12356751832606,Tambaram West,"Kadaperi, near Anugrahha Men and Womens hostel, Tambaram Sanatoruim, Tambaram Sanatoruim, chennai",MALE,Both,7.7,8.1,FOUR,7500,9000,True,True,True,True,True,,,,,,,,,,Bike,12,True,False,False,False,False,True,,False,False,False
8aa9c1959cacee0f019cad21af4418f3,PG for Boys in  Tambaram,12.935732029547864,80.12725030441493,East Tambaram,"VV KOVIL STREET KAMARAJ NAGAR SOUTH KADAPERI TAMBARAM SANATORIUM ,  Tambaram,  Tambaram, chennai",MALE,Both,4.1,2.7,SINGLE,4700,2000,False,True,True,True,True,True,True,False,False,True,False,True,True,False,None,2,False,True,False,True,True,True,11:30 PM,True,True,False
8aa9c1959cacee0f019cad21af4418f3,PG for Boys in  Tambaram,12.935732029547864,80.12725030441493,East Tambaram,"VV KOVIL STREET KAMARAJ NAGAR SOUTH KADAPERI TAMBARAM SANATORIUM ,  Tambaram,  Tambaram, chennai",MALE,Both,4.1,2.7,DOUBLE,8000,2000,True,True,True,True,True,True,True,False,False,True,False,True,True,False,None,2,False,True,False,True,True,True,11:30 PM,True,True,False
8aa9c1959cacee0f019cad21af4418f3,PG for Boys in  Tambaram,12.935732029547864,80.12725030441493,East Tambaram,"VV KOVIL STREET KAMARAJ NAGAR SOUTH KADAPERI TAMBARAM SANATORIUM ,  Tambaram,  Tambaram, chennai",MALE,Both,4.1,2.7,THREE,3700,2000,False,True,True,True,True,True,True,False,False,True,False,True,True,False,None,2,False,True,False,True,True,True,11:30 PM,True,True,False
8aa9c1959cacee0f019cad21af4418f3,PG for Boys in  Tambaram,12.935732029547864,80.12725030441493,East Tambaram,"VV KOVIL STREET KAMARAJ NAGAR SOUTH KADAPERI TAMBARAM SANATORIUM ,  Tambaram,  Tambaram, chennai",MALE,Both,4.1,2.7,FOUR,0,0,False,True,True,True,True,True,True,False,False,True,False,True,True,False,None,2,,,,,,,11:30 PM,True,True,False
8aa9caeb9d86515e019d86938ea61f51,PG for Boys in Thambaram,12.918715425043507,80.10894623547345,GST Road-Tambaram,"Irumbuli near ARC Fertility Hospitals, Thambaram, Thambaram, chennai",MALE,Both,8.1,6.3,FOUR,8500,2000,False,True,True,True,True,,,,,,,,,,Bike,0,True,True,True,True,True,False,,False,False,False
8a9fbc8281a524080181a533cb410785,"PG for Boys in Tambaram, ",12.92075057157458,80.12154827567144,GST Road-Tambaram,"East Tambaram, near Madras Christian College, Tambaram, , Tambaram, , chennai",MALE,Both,,,DOUBLE,4000,9000,False,False,False,False,False,False,False,False,False,False,True,False,False,False,Bike,0,False,False,False,False,False,False,,False,False,False
8a9fbc8281a524080181a533cb410785,"PG for Boys in Tambaram, ",12.92075057157458,80.12154827567144,GST Road-Tambaram,"East Tambaram, near Madras Christian College, Tambaram, , Tambaram, , chennai",MALE,Both,,,THREE,3000,7000,False,False,False,False,False,False,False,False,False,False,True,False,False,False,Bike,0,False,False,False,False,False,False,,False,False,False
8aa9b1fc9fe04adb019fe11e19ff3c4e,PG for Boys in Tambaram,12.930680595831856,80.12741193807788,East Tambaram," East Tambaram,   near  MAMU BIRYANI, Tambaram, Tambaram, chennai",MALE,Both,6.3,6.3,THREE,9000,2000,False,True,True,True,True,,,,,,,,,,Bike,0,True,False,False,False,False,False,,False,False,False
8a9fae8494497d9601944988bb7602f6,PG for Boys in  Tambaram,12.92102,80.12206,East Tambaram,"East Tambaram,near  Madras Christian College,  Tambaram,  Tambaram, chennai",MALE,Both,,,THREE,7500,2000,False,True,True,True,True,,,,,,,,,,Bike,0,False,False,False,False,False,False,,False,False,False
8a9fae8494497d9601944988bb7602f6,PG for Boys in  Tambaram,12.92102,80.12206,East Tambaram,"East Tambaram,near  Madras Christian College,  Tambaram,  Tambaram, chennai",MALE,Both,,,FOUR,8000,2000,False,True,True,True,True,,,,,,,,,,Bike,0,False,False,False,False,False,False,,False,False,False
8a9fad82827b9f7e01827be6e4aa2eea,PG for Boys in Tambaram,12.938513588954347,80.13165682965995,East Tambaram,"kamarajapuram , Meenakshi St, Sri Ram Colony, , near Sri Ramakrishna Bhanavan, Tambaram, Tambaram, chennai",MALE,Both,,,DOUBLE,7000,2000,False,True,True,True,True,False,True,False,False,False,False,False,False,False,Bike,12,True,False,False,False,False,False,,False,False,False
8a9fad82827b9f7e01827be6e4aa2eea,PG for Boys in Tambaram,12.938513588954347,80.13165682965995,East Tambaram,"kamarajapuram , Meenakshi St, Sri Ram Colony, , near Sri Ramakrishna Bhanavan, Tambaram, Tambaram, chennai",MALE,Both,,,THREE,6500,2000,True,True,True,True,True,False,True,False,False,False,False,False,False,False,Bike,12,True,False,False,True,False,True,,False,False,False
8a9fad82827b9f7e01827be6e4aa2eea,PG for Boys in Tambaram,12.938513588954347,80.13165682965995,East Tambaram,"kamarajapuram , Meenakshi St, Sri Ram Colony, , near Sri Ramakrishna Bhanavan, Tambaram, Tambaram, chennai",MALE,Both,,,FOUR,5500,2000,False,True,True,True,True,False,True,False,False,False,False,False,False,False,Bike,12,False,False,False,False,False,False,,False,False,False
8aa9b0a19ece7d65019ecf4f9162647b,PG for Boys in West Thambaram,12.924910531879767,80.1124806060243,Tambaram,"cto colony near AARTHI SCANS & LABS | TAMBARAM | DIAGNOSTIC CENTER, West Thambaram, West Thambaram, chennai",MALE,Both,8.3,9.5,DOUBLE,6000,15000,True,False,False,False,False,,,,,,,,,,Bike,3,False,True,False,True,True,True,,False,False,False
8aa9b0a19ece7d65019ecf4f9162647b,PG for Boys in West Thambaram,12.924910531879767,80.1124806060243,Tambaram,"cto colony near AARTHI SCANS & LABS | TAMBARAM | DIAGNOSTIC CENTER, West Thambaram, West Thambaram, chennai",MALE,Both,8.3,9.5,THREE,5500,15000,True,False,False,False,False,,,,,,,,,,Bike,3,False,True,False,True,True,True,,False,False,False
8aa9b0a19ece7d65019ecf4f9162647b,PG for Boys in West Thambaram,12.924910531879767,80.1124806060243,Tambaram,"cto colony near AARTHI SCANS & LABS | TAMBARAM | DIAGNOSTIC CENTER, West Thambaram, West Thambaram, chennai",MALE,Both,8.3,9.5,FOUR,5000,15000,True,False,False,False,False,,,,,,,,,,Bike,3,False,True,False,True,True,True,,False,False,False
8aa99c299ac3b1e1019ac41f6eda3174,PG for Boys in Tambaram,12.928169054152516,80.11862539236448,Tambaram,"Tambaram rd near MCC COMMUNITY COLLEGE, Tambaram, Tambaram, chennai",MALE,Both,8.1,6.5,DOUBLE,7500,7500,False,True,True,True,True,,,,,,,,,,Bike,0,False,False,False,False,False,False,,False,False,False
8a9fb985962e6c7501962ec4624628ec,PG for Boys in Tambaram,12.935305464296011,80.12606507877852,Tambaram West,"Kadaperi near GRT Jewellers, Tambaram, Tambaram, chennai",MALE,Both,8.4,6.1,FOUR,7000,2500,False,True,True,True,True,,,,,,,,,,Bike,0,False,False,False,False,False,False,,False,False,False
8a9fad4f8059c24701805a36177d54c8,PG for Boys in Tambaram,12.927219085045444,80.11211255129041,Tambaram,"Shanmugam Rd, near   NAIDUHALL THE FAMILY STORE , Tambaram, Tambaram, chennai",MALE,Both,,,SINGLE,5000,10000,False,False,False,False,False,,,,,,,,,,None,0,False,False,False,False,False,False,,False,False,False
8a9fad4f8059c24701805a36177d54c8,PG for Boys in Tambaram,12.927219085045444,80.11211255129041,Tambaram,"Shanmugam Rd, near   NAIDUHALL THE FAMILY STORE , Tambaram, Tambaram, chennai",MALE,Both,,,DOUBLE,3500,7000,False,False,False,False,False,,,,,,,,,,None,0,False,False,False,False,False,False,,False,False,False
8a9fad8496eba5c40196ebffdb051346,PG for Boys in Irumbuliyur,12.913852005604404,80.1044225279058,GST Road-Tambaram,"East Tambaram  near JAYANTHI NARAYANAN PALACE, Irumbuliyur, Irumbuliyur, chennai",MALE,Both,7.3,6.2,THREE,8000,8000,False,True,True,True,True,,,,,,,,,,Bike,0,False,False,False,False,False,False,,False,False,False
8a9fad8496eba5c40196ebffdb051346,PG for Boys in Irumbuliyur,12.913852005604404,80.1044225279058,GST Road-Tambaram,"East Tambaram  near JAYANTHI NARAYANAN PALACE, Irumbuliyur, Irumbuliyur, chennai",MALE,Both,7.3,6.2,FOUR,8000,8000,False,True,True,True,True,,,,,,,,,,Bike,0,,,,,,,,False,False,False
8a9f92839228da7901922938d7e41ccd,PG for Boys in  Tambaram,12.935321797269852,80.12614877176188,Tambaram West,"GST Road West, near MEPZ, Kadaperi, Tambaram,near  GRT Jewellers, Tambaram,  Tambaram,  Tambaram, chennai",MALE,Both,,,THREE,8000,2500,False,True,True,True,True,,,,,,,,,,Bike,0,True,False,False,False,False,False,,False,False,False
8a9f92839228da7901922938d7e41ccd,PG for Boys in  Tambaram,12.935321797269852,80.12614877176188,Tambaram West,"GST Road West, near MEPZ, Kadaperi, Tambaram,near  GRT Jewellers, Tambaram,  Tambaram,  Tambaram, chennai",MALE,Both,,,FOUR,8000,2500,False,True,True,True,True,,,,,,,,,,Bike,0,True,False,False,False,False,False,,False,False,False
8aa992af9f63e56c019f64681e974ac4,"PG for Anyone in O191, Near O-90, Selaiyur, Chennai, Tamil Nadu 600126, India",12.8873153,80.1343587,East Tambaram,"mappedu, O191, near O-90, Selaiyur, Chennai, Tamil Nadu 600126, India, O191, near O-90, Selaiyur, Chennai, Tamil Nadu 600126, India, chennai",BOTH,Both,7.0,7.3,SINGLE,10000,30000,True,True,True,True,True,False,True,False,False,True,True,False,False,True,Bike,2,True,True,True,False,False,True,07:30 PM,False,False,False
8aa992af9f63e56c019f64681e974ac4,"PG for Anyone in O191, Near O-90, Selaiyur, Chennai, Tamil Nadu 600126, India",12.8873153,80.1343587,East Tambaram,"mappedu, O191, near O-90, Selaiyur, Chennai, Tamil Nadu 600126, India, O191, near O-90, Selaiyur, Chennai, Tamil Nadu 600126, India, chennai",BOTH,Both,7.0,7.3,DOUBLE,5000,20000,True,True,True,True,True,False,True,False,False,True,True,False,False,True,Bike,2,False,True,False,False,False,True,07:30 PM,False,False,False
8aa9aecd9d00693b019d00be0aad2364,PG for Boys in Irumbuliyur ,12.917774160938333,80.10869133084559,GST Road-Tambaram,"tambaram rd near sivasakthi mahal, irumbuliyur , irumbuliyur , chennai",MALE,Both,6.6,6.3,DOUBLE,9000,30000,False,True,True,True,True,,,,,,,,,,Bike,0,False,False,False,False,False,False,,False,False,False
8aa9aecd9d00693b019d00be0aad2364,PG for Boys in Irumbuliyur ,12.917774160938333,80.10869133084559,GST Road-Tambaram,"tambaram rd near sivasakthi mahal, irumbuliyur , irumbuliyur , chennai",MALE,Both,6.6,6.3,THREE,7500,30000,False,True,True,True,True,,,,,,,,,,Bike,0,False,False,False,False,False,False,,False,False,False
8aa9aecd9d00693b019d00be0aad2364,PG for Boys in Irumbuliyur ,12.917774160938333,80.10869133084559,GST Road-Tambaram,"tambaram rd near sivasakthi mahal, irumbuliyur , irumbuliyur , chennai",MALE,Both,6.6,6.3,FOUR,6000,5000,False,True,True,True,True,,,,,,,,,,Bike,0,False,False,False,False,False,False,,False,False,False
8a9ff583897b603c01897c36846e7a69,PG for Boys in Tambaram,12.918324099154757,80.11619455134651,GST Road-Tambaram,"Air force road, East Tambaram NEAR BSNL Office, Tambaram, Tambaram, chennai",MALE,Both,,,SINGLE,4500,10000,False,False,False,False,False,,,,,,,,,,Bike,0,True,True,False,False,True,False,,False,False,False
8a9ff583897b603c01897c36846e7a69,PG for Boys in Tambaram,12.918324099154757,80.11619455134651,GST Road-Tambaram,"Air force road, East Tambaram NEAR BSNL Office, Tambaram, Tambaram, chennai",MALE,Both,,,DOUBLE,4000,10000,False,False,False,False,False,,,,,,,,,,Bike,0,False,False,False,False,False,False,,False,False,False
8a9ff583897b603c01897c36846e7a69,PG for Boys in Tambaram,12.918324099154757,80.11619455134651,GST Road-Tambaram,"Air force road, East Tambaram NEAR BSNL Office, Tambaram, Tambaram, chennai",MALE,Both,,,THREE,5000,10000,False,False,False,False,False,,,,,,,,,,Bike,0,True,False,False,False,False,False,,False,False,False
8aa998f59f742494019f7452941f1cdd,PG for Boys in Tambaram,12.926369799323853,80.12253394081966,Tambaram," Railway Colony,near 'Sri Nagathamman' Alayam (Putrukoil), Tambaram, Tambaram, chennai",MALE,Both,8.0,6.3,SINGLE,15750,7875,False,True,True,True,True,,,,,,,,,,Bike,0,False,False,False,False,False,False,,False,False,False
8aa998f59f742494019f7452941f1cdd,PG for Boys in Tambaram,12.926369799323853,80.12253394081966,Tambaram," Railway Colony,near 'Sri Nagathamman' Alayam (Putrukoil), Tambaram, Tambaram, chennai",MALE,Both,8.0,6.3,DOUBLE,13000,6500,False,True,True,True,True,,,,,,,,,,Bike,0,False,False,False,False,False,False,,False,False,False
8aa998f59f742494019f7452941f1cdd,PG for Boys in Tambaram,12.926369799323853,80.12253394081966,Tambaram," Railway Colony,near 'Sri Nagathamman' Alayam (Putrukoil), Tambaram, Tambaram, chennai",MALE,Both,8.0,6.3,THREE,11500,5750,False,True,True,True,True,,,,,,,,,,Bike,0,False,False,False,False,False,False,,False,False,False
8aa998f59f742494019f7452941f1cdd,PG for Boys in Tambaram,12.926369799323853,80.12253394081966,Tambaram," Railway Colony,near 'Sri Nagathamman' Alayam (Putrukoil), Tambaram, Tambaram, chennai",MALE,Both,8.0,6.3,FOUR,9250,4625,False,True,True,True,True,,,,,,,,,,Bike,0,False,False,False,False,False,False,,False,False,False
8aa9aeaf9f7424ba019f7457502a208b,PG for Boys in Tambaram,12.926417,80.122507,Tambaram,"Railway Colony,near 'Sri Nagathamman' Alayam (Putrukoil), Tambaram, Tambaram, chennai",MALE,Both,8.0,6.3,SINGLE,15750,7875,False,True,True,True,True,,,,,,,,,,Bike,0,False,False,False,False,False,False,,False,False,False
8aa9aeaf9f7424ba019f7457502a208b,PG for Boys in Tambaram,12.926417,80.122507,Tambaram,"Railway Colony,near 'Sri Nagathamman' Alayam (Putrukoil), Tambaram, Tambaram, chennai",MALE,Both,8.0,6.3,DOUBLE,13000,6500,False,True,True,True,True,,,,,,,,,,Bike,0,False,False,False,False,False,False,,False,False,False
8aa9aeaf9f7424ba019f7457502a208b,PG for Boys in Tambaram,12.926417,80.122507,Tambaram,"Railway Colony,near 'Sri Nagathamman' Alayam (Putrukoil), Tambaram, Tambaram, chennai",MALE,Both,8.0,6.3,THREE,11500,5750,False,True,True,True,True,,,,,,,,,,Bike,0,False,False,False,False,False,False,,False,False,False
8aa9aeaf9f7424ba019f7457502a208b,PG for Boys in Tambaram,12.926417,80.122507,Tambaram,"Railway Colony,near 'Sri Nagathamman' Alayam (Putrukoil), Tambaram, Tambaram, chennai",MALE,Both,8.0,6.3,FOUR,9250,4625,False,True,True,True,True,,,,,,,,,,Bike,0,False,False,False,False,False,False,,False,False,False
8a9fb38497b0a17a0197b0b9284d0a23,PG for Boys in Tambaram,12.924505255959478,80.10885915287159,Tambaram,"13/7, 2nd St, Kalyana Nagar, Tambaram near  Venketeshwara mens PG, Tambaram, Tambaram, chennai",MALE,Both,7.9,6.3,SINGLE,3700,1500,True,False,False,False,False,True,True,False,False,False,False,True,False,False,Bike,8,False,False,False,False,True,True,,False,False,False
8a9fb38497b0a17a0197b0b9284d0a23,PG for Boys in Tambaram,12.924505255959478,80.10885915287159,Tambaram,"13/7, 2nd St, Kalyana Nagar, Tambaram near  Venketeshwara mens PG, Tambaram, Tambaram, chennai",MALE,Both,7.9,6.3,THREE,3500,1000,True,False,False,False,False,True,True,False,False,False,False,True,False,False,Bike,8,False,False,False,False,True,True,,False,False,False
ff80818169958f420169959d397b09bc,PG for Boys in Tirumudivakkam,12.965904003546733,80.10812547760213,Tambaram West,"Tirumudivakkam main road  Near Amarprakash The Heritage Apartment, Tirumudivakkam, Tirumudivakkam, chennai",MALE,Both,,,SINGLE,4200,2000,True,True,True,True,True,False,True,True,False,True,False,True,True,False,None,94,False,True,True,True,True,True,,True,True,False
ff80818169958f420169959d397b09bc,PG for Boys in Tirumudivakkam,12.965904003546733,80.10812547760213,Tambaram West,"Tirumudivakkam main road  Near Amarprakash The Heritage Apartment, Tirumudivakkam, Tirumudivakkam, chennai",MALE,Both,,,FOUR,4500,2000,True,True,True,True,True,False,True,True,False,True,False,True,True,False,None,94,False,True,True,True,True,True,,True,True,False
8a9fc082820676cb0182071d9c357dde,PG for Boys in  East Tambaram,12.923083463076038,80.13228179623465,East Tambaram,"Annai Theresa Nagar, near  Sri Sankara Vidyalaya Matriculation Higher Secondary School ,  East Tambaram,  East Tambaram, chennai",MALE,Both,,,DOUBLE,6000,6000,True,True,True,True,True,True,True,False,True,True,True,True,False,True,Bike and Car,2,True,True,True,True,True,True,,True,True,False
8a9fc082820676cb0182071d9c357dde,PG for Boys in  East Tambaram,12.923083463076038,80.13228179623465,East Tambaram,"Annai Theresa Nagar, near  Sri Sankara Vidyalaya Matriculation Higher Secondary School ,  East Tambaram,  East Tambaram, chennai",MALE,Both,,,THREE,6000,6000,True,True,True,True,True,True,True,False,True,True,True,True,False,True,Bike and Car,2,True,True,True,True,True,True,,True,True,False
8a9fc082820676cb0182071d9c357dde,PG for Boys in  East Tambaram,12.923083463076038,80.13228179623465,East Tambaram,"Annai Theresa Nagar, near  Sri Sankara Vidyalaya Matriculation Higher Secondary School ,  East Tambaram,  East Tambaram, chennai",MALE,Both,,,FOUR,5500,5500,False,True,True,True,True,True,True,False,True,True,True,True,False,True,Bike and Car,2,False,False,False,False,False,False,,True,True,False
8a9fad96983add1401983b0de8151335,PG for Boys in Varadarajapuram,12.914025950759722,80.0631733,Varadharajapuram,"Mudichur, rd near TDMNS Mahal, Varadarajapuram, Varadarajapuram, chennai",MALE,Both,6.8,7.7,SINGLE,10000,10000,False,False,False,False,False,False,True,False,False,False,False,True,False,True,Bike,5,,True,,,True,True,,False,False,False
8a9fad96983add1401983b0de8151335,PG for Boys in Varadarajapuram,12.914025950759722,80.0631733,Varadharajapuram,"Mudichur, rd near TDMNS Mahal, Varadarajapuram, Varadarajapuram, chennai",MALE,Both,6.8,7.7,DOUBLE,5500,5500,True,False,False,False,False,False,True,False,False,False,False,True,False,True,Bike,5,False,True,False,False,True,True,,False,False,False
8a9fad96983add1401983b0de8151335,PG for Boys in Varadarajapuram,12.914025950759722,80.0631733,Varadharajapuram,"Mudichur, rd near TDMNS Mahal, Varadarajapuram, Varadarajapuram, chennai",MALE,Both,6.8,7.7,THREE,5500,5500,False,False,False,False,False,False,True,False,False,False,False,True,False,True,Bike,5,False,False,False,False,False,False,,False,False,False
8a9fad96983add1401983b0de8151335,PG for Boys in Varadarajapuram,12.914025950759722,80.0631733,Varadharajapuram,"Mudichur, rd near TDMNS Mahal, Varadarajapuram, Varadarajapuram, chennai",MALE,Both,6.8,7.7,FOUR,6000,6000,True,False,False,False,False,False,True,False,False,False,False,True,False,True,Bike,5,False,True,True,True,True,True,,False,False,False
8a9fae8494497d960194498a8bee03e1,PG for Boys in  West Tambaram,12.926002084537746,80.11181030012467,Tambaram,"West Tambaram  near   Vidya Theatre a/c RGB Laser,  west Tambaram,  west Tambaram, chennai",MALE,Both,,,FOUR,8000,2000,False,True,True,True,True,,,,,,,,,,Bike,0,True,False,False,False,False,False,,False,False,False
8a9f960492b6ed170192b75a4054075b,PG for Girls in Tambaram,12.926835455369838,80.11468368813657,Tambaram,"Ayyasamy Street near Kasthuri Hospital, Tambaram, Tambaram, chennai",FEMALE,Both,8.2,6.5,SINGLE,5500,5500,False,False,False,False,False,True,True,False,False,True,True,False,True,True,Bike,1,True,True,True,True,True,True,10:00 PM,True,True,True
8a9f960492b6ed170192b75a4054075b,PG for Girls in Tambaram,12.926835455369838,80.11468368813657,Tambaram,"Ayyasamy Street near Kasthuri Hospital, Tambaram, Tambaram, chennai",FEMALE,Both,8.2,6.5,DOUBLE,5500,5500,True,False,False,False,False,True,True,False,False,True,True,False,True,True,Bike,1,True,True,True,True,True,True,10:00 PM,True,True,True
8a9f960492b6ed170192b75a4054075b,PG for Girls in Tambaram,12.926835455369838,80.11468368813657,Tambaram,"Ayyasamy Street near Kasthuri Hospital, Tambaram, Tambaram, chennai",FEMALE,Both,8.2,6.5,THREE,6000,6000,False,False,False,False,False,True,True,False,False,True,True,False,True,True,Bike,1,True,True,True,True,True,True,10:00 PM,True,True,True
8a9f960492b6ed170192b75a4054075b,PG for Girls in Tambaram,12.926835455369838,80.11468368813657,Tambaram,"Ayyasamy Street near Kasthuri Hospital, Tambaram, Tambaram, chennai",FEMALE,Both,8.2,6.5,FOUR,5000,5000,False,False,False,False,False,True,True,False,False,True,True,False,True,True,Bike,1,True,True,True,True,True,True,10:00 PM,True,True,True
8aa9ad949fa6c8d5019fa77aab6071f5,PG for Girls in Tambaram,12.910997188021057,80.10161248830853,GST Road-Tambaram," Old GST Rd, Peerkankaranai,  near  Thiru Nagathamman Temple, Tambaram, Tambaram, chennai",FEMALE,Both,5.2,5.1,SINGLE,0,0,False,False,False,False,False,False,False,True,False,False,False,True,True,False,Bike,6,False,False,False,False,False,False,,False,False,False
8aa9ad949fa6c8d5019fa77aab6071f5,PG for Girls in Tambaram,12.910997188021057,80.10161248830853,GST Road-Tambaram," Old GST Rd, Peerkankaranai,  near  Thiru Nagathamman Temple, Tambaram, Tambaram, chennai",FEMALE,Both,5.2,5.1,DOUBLE,9000,3000,True,False,False,False,False,False,False,True,False,False,False,True,True,False,Bike,6,False,True,True,True,False,True,,False,False,False
8aa9ad949fa6c8d5019fa77aab6071f5,PG for Girls in Tambaram,12.910997188021057,80.10161248830853,GST Road-Tambaram," Old GST Rd, Peerkankaranai,  near  Thiru Nagathamman Temple, Tambaram, Tambaram, chennai",FEMALE,Both,5.2,5.1,THREE,9000,3000,True,False,False,False,False,False,False,True,False,False,False,True,True,False,Bike,6,True,True,True,True,True,True,,False,False,False
8aa9ad949fa6c8d5019fa77aab6071f5,PG for Girls in Tambaram,12.910997188021057,80.10161248830853,GST Road-Tambaram," Old GST Rd, Peerkankaranai,  near  Thiru Nagathamman Temple, Tambaram, Tambaram, chennai",FEMALE,Both,5.2,5.1,FOUR,8500,3000,True,False,False,False,False,False,False,True,False,False,False,True,True,False,Bike,6,True,True,True,True,True,True,,False,False,False
8aa9b290a022621901a022f2f272540f,PG for Girls in Tambaram,12.911032200000005,80.1018032134918,GST Road-Tambaram,"Old GST Rd, near by Thiru Nagathamman Temple, Tambaram, Tambaram, chennai",FEMALE,Both,5.2,5.1,DOUBLE,5500,3000,False,True,True,True,True,,,,,,,,,,Bike,0,True,True,False,True,False,False,,False,False,False
8aa9b290a022621901a022f2f272540f,PG for Girls in Tambaram,12.911032200000005,80.1018032134918,GST Road-Tambaram,"Old GST Rd, near by Thiru Nagathamman Temple, Tambaram, Tambaram, chennai",FEMALE,Both,5.2,5.1,THREE,5500,3000,False,True,True,True,True,,,,,,,,,,Bike,0,True,True,False,True,False,False,,False,False,False
8aa9b290a022621901a022f2f272540f,PG for Girls in Tambaram,12.911032200000005,80.1018032134918,GST Road-Tambaram,"Old GST Rd, near by Thiru Nagathamman Temple, Tambaram, Tambaram, chennai",FEMALE,Both,5.2,5.1,FOUR,5500,3000,False,True,True,True,True,,,,,,,,,,Bike,0,True,True,False,True,False,False,,False,False,False
ff8081816c47decb016c483865306359,PG for Girls in Tambaram,12.910950528711266,80.10153173250616,GST Road-Tambaram,"Old GST Rd ,  Near Sri Nagathamman Temple, Tambaram, Tambaram, chennai",FEMALE,Both,,,SINGLE,17000,5000,True,True,True,True,True,,,,,,,,,,Bike and Car,122,True,True,True,True,True,True,,False,False,False
ff8081816c47decb016c483865306359,PG for Girls in Tambaram,12.910950528711266,80.10153173250616,GST Road-Tambaram,"Old GST Rd ,  Near Sri Nagathamman Temple, Tambaram, Tambaram, chennai",FEMALE,Both,,,DOUBLE,14000,5000,False,True,True,True,True,,,,,,,,,,Bike and Car,122,False,False,False,False,False,False,,False,False,False
ff8081816c47decb016c483865306359,PG for Girls in Tambaram,12.910950528711266,80.10153173250616,GST Road-Tambaram,"Old GST Rd ,  Near Sri Nagathamman Temple, Tambaram, Tambaram, chennai",FEMALE,Both,,,THREE,12000,5000,False,True,True,True,True,,,,,,,,,,Bike and Car,122,False,False,False,False,False,False,,False,False,False
ff8081816c47decb016c483865306359,PG for Girls in Tambaram,12.910950528711266,80.10153173250616,GST Road-Tambaram,"Old GST Rd ,  Near Sri Nagathamman Temple, Tambaram, Tambaram, chennai",FEMALE,Both,,,FOUR,10000,5000,True,True,True,True,True,,,,,,,,,,Bike and Car,122,True,True,True,True,True,True,,False,False,False
ff8081816c47decb016c484cc4f6796b,PG for Girls in Tambaram,12.9354833902571,80.12596076135956,Tambaram West,"GST Road, Near GRT Jewellers, Tambaram, Tambaram, chennai",FEMALE,Both,,,DOUBLE,5500,5500,False,False,False,False,False,,,,,,,,,,None,74,False,False,False,False,False,False,,False,False,False
ff8081816c47decb016c484cc4f6796b,PG for Girls in Tambaram,12.9354833902571,80.12596076135956,Tambaram West,"GST Road, Near GRT Jewellers, Tambaram, Tambaram, chennai",FEMALE,Both,,,THREE,0,0,False,False,False,False,False,,,,,,,,,,None,74,False,False,False,False,False,False,,False,False,False
ff8081816c47decb016c484cc4f6796b,PG for Girls in Tambaram,12.9354833902571,80.12596076135956,Tambaram West,"GST Road, Near GRT Jewellers, Tambaram, Tambaram, chennai",FEMALE,Both,,,FOUR,5500,5500,True,False,False,False,False,,,,,,,,,,None,74,False,True,True,True,True,True,,False,False,False
8aa9b4ec9d86510a019d8693c0f31dfa,PG for Girls in Thambaram,12.918715425043507,80.10894623547345,GST Road-Tambaram,"Irumbuli near ARC Fertility Hospitals, Thambaram, Thambaram, chennai",FEMALE,Both,8.1,6.3,DOUBLE,11000,2000,False,True,True,True,True,,,,,,,,,,Bike,0,True,False,False,True,False,False,,False,False,False
8aa9b4ec9d86510a019d8693c0f31dfa,PG for Girls in Thambaram,12.918715425043507,80.10894623547345,GST Road-Tambaram,"Irumbuli near ARC Fertility Hospitals, Thambaram, Thambaram, chennai",FEMALE,Both,8.1,6.3,THREE,10000,2000,False,True,True,True,True,,,,,,,,,,Bike,0,False,False,False,False,False,False,,False,False,False
8aa9b4ec9d86510a019d8693c0f31dfa,PG for Girls in Thambaram,12.918715425043507,80.10894623547345,GST Road-Tambaram,"Irumbuli near ARC Fertility Hospitals, Thambaram, Thambaram, chennai",FEMALE,Both,8.1,6.3,FOUR,8500,2000,False,True,True,True,True,,,,,,,,,,Bike,0,True,True,True,True,True,False,,False,False,False
ff8081816d5c8cdb016d5ddeb85358a6,PG for Girls in Tambaram ,12.91624720671677,80.10732798637667,GST Road-Tambaram," East Tambaram near Bharat Post Graduate College, Tambaram , Tambaram , chennai",FEMALE,Both,,,DOUBLE,8500,3000,False,True,True,True,True,True,True,True,True,True,True,True,True,True,Bike and Car,0,False,False,False,False,False,False,,False,False,False
ff8081816d5c8cdb016d5ddeb85358a6,PG for Girls in Tambaram ,12.91624720671677,80.10732798637667,GST Road-Tambaram," East Tambaram near Bharat Post Graduate College, Tambaram , Tambaram , chennai",FEMALE,Both,,,THREE,7500,3000,False,True,True,True,True,True,True,True,True,True,True,True,True,True,Bike and Car,0,False,False,False,False,False,False,,False,False,False
ff8081816d5c8cdb016d5ddeb85358a6,PG for Girls in Tambaram ,12.91624720671677,80.10732798637667,GST Road-Tambaram," East Tambaram near Bharat Post Graduate College, Tambaram , Tambaram , chennai",FEMALE,Both,,,FOUR,7000,5000,False,True,True,True,True,True,True,True,True,True,True,True,True,True,Bike and Car,0,False,False,False,False,False,False,,False,False,False
ff8081816e21481f016e22024aa87656,PG for Girls in Tambaram,12.934275850459183,80.12517561474992,Tambaram West,"Kadaperi Near Saravana Stores Elite Gold, Tambaram, Tambaram, chennai",FEMALE,Both,,,SINGLE,6500,2000,False,True,True,True,True,False,True,True,False,False,False,False,False,False,Bike and Car,0,False,False,False,False,False,False,,False,False,False
ff8081816e21481f016e22024aa87656,PG for Girls in Tambaram,12.934275850459183,80.12517561474992,Tambaram West,"Kadaperi Near Saravana Stores Elite Gold, Tambaram, Tambaram, chennai",FEMALE,Both,,,DOUBLE,10000,3000,False,True,True,True,True,False,True,True,False,False,False,False,False,False,Bike and Car,0,True,False,False,False,False,False,,False,False,False
ff8081816e21481f016e22024aa87656,PG for Girls in Tambaram,12.934275850459183,80.12517561474992,Tambaram West,"Kadaperi Near Saravana Stores Elite Gold, Tambaram, Tambaram, chennai",FEMALE,Both,,,THREE,9000,3000,False,True,True,True,True,False,True,True,False,False,False,False,False,False,Bike and Car,0,True,False,False,False,False,False,,False,False,False
ff8081816e21481f016e22024aa87656,PG for Girls in Tambaram,12.934275850459183,80.12517561474992,Tambaram West,"Kadaperi Near Saravana Stores Elite Gold, Tambaram, Tambaram, chennai",FEMALE,Both,,,FOUR,8000,3000,False,True,True,True,True,False,True,True,False,False,False,False,False,False,Bike and Car,0,True,False,False,False,False,False,,False,False,False
8a9fa0838bcb9bda018bcc7c1e7b2b73,PG for Girls in Urappakkam,12.9293,80.1174,Tambaram,"Rohini Nagar, near Deepam Hospitals Urapakkam, Urappakkam, Urappakkam, chennai",FEMALE,Both,,,SINGLE,0,0,False,True,True,True,True,True,True,True,True,False,False,True,True,False,Bike,0,,,,,,,10:00 PM,True,False,False
8a9fa0838bcb9bda018bcc7c1e7b2b73,PG for Girls in Urappakkam,12.9293,80.1174,Tambaram,"Rohini Nagar, near Deepam Hospitals Urapakkam, Urappakkam, Urappakkam, chennai",FEMALE,Both,,,DOUBLE,6000,3000,False,True,True,True,True,True,True,True,True,False,False,True,True,False,Bike,0,False,False,False,False,False,False,10:00 PM,True,False,False
8a9fa0838bcb9bda018bcc7c1e7b2b73,PG for Girls in Urappakkam,12.9293,80.1174,Tambaram,"Rohini Nagar, near Deepam Hospitals Urapakkam, Urappakkam, Urappakkam, chennai",FEMALE,Both,,,THREE,6000,3000,False,True,True,True,True,True,True,True,True,False,False,True,True,False,Bike,0,False,False,False,False,False,False,10:00 PM,True,False,False
8a9fa0838bcb9bda018bcc7c1e7b2b73,PG for Girls in Urappakkam,12.9293,80.1174,Tambaram,"Rohini Nagar, near Deepam Hospitals Urapakkam, Urappakkam, Urappakkam, chennai",FEMALE,Both,,,FOUR,6500,3000,False,True,True,True,True,True,True,True,True,False,False,True,True,False,Bike,0,False,False,False,False,False,False,10:00 PM,True,False,False
8aa9b6c29ae95616019ae96f7be20b7f,PG for Girls in Irumbuliyur,12.919217112305699,80.11159861192627,GST Road-Tambaram,"Irumbuliyur near , Irumbuliyur, Irumbuliyur, chennai",FEMALE,Both,5.8,7.6,DOUBLE,10000,3000,False,True,True,True,True,,,,,,,,,,Bike,0,False,False,False,False,False,False,,False,False,False
8aa9b6c29ae95616019ae96f7be20b7f,PG for Girls in Irumbuliyur,12.919217112305699,80.11159861192627,GST Road-Tambaram,"Irumbuliyur near , Irumbuliyur, Irumbuliyur, chennai",FEMALE,Both,5.8,7.6,THREE,9000,3000,False,True,True,True,True,,,,,,,,,,Bike,0,False,False,False,False,False,False,,False,False,False
8aa9b6c29ae95616019ae96f7be20b7f,PG for Girls in Irumbuliyur,12.919217112305699,80.11159861192627,GST Road-Tambaram,"Irumbuliyur near , Irumbuliyur, Irumbuliyur, chennai",FEMALE,Both,5.8,7.6,FOUR,7500,2000,False,True,True,True,True,,,,,,,,,,Bike,0,False,False,False,False,False,False,,False,False,False
8aa9b03a9bd5642c019bd5b927e924a5,PG for Girls in Perungalathur,12.910917963209686,80.10187300800398,GST Road-Tambaram,"Imai Luxury Ladies hostel Old GST Rd Peerkankaranai, New Perungalathur Chennai, Tamil Nadu 600063 India, Perungalathur, Perungalathur, chennai",FEMALE,Both,5.2,5.1,DOUBLE,9000,3000,False,True,True,True,True,,,,,,,,,,Bike,0,False,False,False,False,False,False,,False,False,False
8aa9b03a9bd5642c019bd5b927e924a5,PG for Girls in Perungalathur,12.910917963209686,80.10187300800398,GST Road-Tambaram,"Imai Luxury Ladies hostel Old GST Rd Peerkankaranai, New Perungalathur Chennai, Tamil Nadu 600063 India, Perungalathur, Perungalathur, chennai",FEMALE,Both,5.2,5.1,THREE,8000,3000,False,True,True,True,True,,,,,,,,,,Bike,0,False,False,False,False,False,False,,False,False,False
8aa9b03a9bd5642c019bd5b927e924a5,PG for Girls in Perungalathur,12.910917963209686,80.10187300800398,GST Road-Tambaram,"Imai Luxury Ladies hostel Old GST Rd Peerkankaranai, New Perungalathur Chennai, Tamil Nadu 600063 India, Perungalathur, Perungalathur, chennai",FEMALE,Both,5.2,5.1,FOUR,7500,3000,False,True,True,True,True,,,,,,,,,,Bike,0,False,False,False,False,False,False,,False,False,False
8a9f8cc390e846af0190e877e4ad1549,PG for Girls in Tambaram,12.92547270998321,80.11456738882922,Tambaram,"Muthulingam St, New Market, near S11 Police Station, Tambaram, Tambaram, chennai",FEMALE,Student,,,DOUBLE,6500,1,False,True,True,True,True,,,,,,,,,,Bike,0,False,False,False,False,False,False,,False,False,False
8a9f8bc39228da4401922938e1a51cec,PG for Girls in  Tambaram,12.935328021810701,80.12614025627991,Tambaram West,"GST Road West, near MEPZ, Kadaperi, Tambaram,near  GRT Jewellers, Tambaram,  Tambaram,  Tambaram, chennai",FEMALE,Both,,,FOUR,7000,2500,False,True,True,True,True,,,,,,,,,,Bike,0,False,False,False,False,False,False,,False,False,False
8aa992af9f63e56c019f64681e974ac4,"PG for Anyone in O191, Near O-90, Selaiyur, Chennai, Tamil Nadu 600126, India",12.8873153,80.1343587,East Tambaram,"mappedu, O191, near O-90, Selaiyur, Chennai, Tamil Nadu 600126, India, O191, near O-90, Selaiyur, Chennai, Tamil Nadu 600126, India, chennai",BOTH,Both,7.0,7.3,SINGLE,10000,30000,True,True,True,True,True,False,True,False,False,True,True,False,False,True,Bike,2,True,True,True,False,False,True,07:30 PM,False,False,False
8aa992af9f63e56c019f64681e974ac4,"PG for Anyone in O191, Near O-90, Selaiyur, Chennai, Tamil Nadu 600126, India",12.8873153,80.1343587,East Tambaram,"mappedu, O191, near O-90, Selaiyur, Chennai, Tamil Nadu 600126, India, O191, near O-90, Selaiyur, Chennai, Tamil Nadu 600126, India, chennai",BOTH,Both,7.0,7.3,DOUBLE,5000,20000,True,True,True,True,True,False,True,False,False,True,True,False,False,True,Bike,2,False,True,False,False,False,True,07:30 PM,False,False,False
8aa9b4ba9d6b27ed019d6b6d558b18dd,"PG for Girls in W496+2g8, Vijayarangan St, East Tambaram, Irumbuliyur, Chennai, Tamil Nadu 600059, India",12.917585034186386,80.11133942753077,GST Road-Tambaram,"vijarangan street,irumbuliyur,east  tambaram ,chennai 59, W496+2G8, Vijayarangan St, East Tambaram, Irumbuliyur, Chennai, Tamil Nadu 600059, India, W496+2G8, Vijayarangan St, East Tambaram, Irumbuliyur, Chennai, Tamil Nadu 600059, India, chennai",FEMALE,Both,5.8,5.7,SINGLE,8000,16000,False,False,False,False,False,False,True,False,True,True,True,True,True,True,Bike,2,True,True,True,True,True,True,,True,True,False
8aa9b4ba9d6b27ed019d6b6d558b18dd,"PG for Girls in W496+2g8, Vijayarangan St, East Tambaram, Irumbuliyur, Chennai, Tamil Nadu 600059, India",12.917585034186386,80.11133942753077,GST Road-Tambaram,"vijarangan street,irumbuliyur,east  tambaram ,chennai 59, W496+2G8, Vijayarangan St, East Tambaram, Irumbuliyur, Chennai, Tamil Nadu 600059, India, W496+2G8, Vijayarangan St, East Tambaram, Irumbuliyur, Chennai, Tamil Nadu 600059, India, chennai",FEMALE,Both,5.8,5.7,DOUBLE,8000,3000,True,False,False,False,False,False,True,False,True,True,True,True,True,True,Bike,2,True,True,True,True,True,True,,True,True,False
8aa9b4ba9d6b27ed019d6b6d558b18dd,"PG for Girls in W496+2g8, Vijayarangan St, East Tambaram, Irumbuliyur, Chennai, Tamil Nadu 600059, India",12.917585034186386,80.11133942753077,GST Road-Tambaram,"vijarangan street,irumbuliyur,east  tambaram ,chennai 59, W496+2G8, Vijayarangan St, East Tambaram, Irumbuliyur, Chennai, Tamil Nadu 600059, India, W496+2G8, Vijayarangan St, East Tambaram, Irumbuliyur, Chennai, Tamil Nadu 600059, India, chennai",FEMALE,Both,5.8,5.7,THREE,7500,3000,True,False,False,False,False,False,True,False,True,True,True,True,True,True,Bike,2,True,True,True,True,True,True,,True,True,False
8a9f880393292ebe019329605e6412c2,PG for Girls in Tambaram,12.93531632585107,80.12612927854286,Tambaram West,"GST Road West, near MEPZ, Kadaperi, Tambaram,near GRT Jewellers, Tambaram, Tambaram, Tambaram, chennai",FEMALE,Both,,,SINGLE,8000,8000,False,True,True,True,True,,,,,,,,,,Bike,0,False,False,False,False,False,False,,False,False,False
8a9f880393292ebe019329605e6412c2,PG for Girls in Tambaram,12.93531632585107,80.12612927854286,Tambaram West,"GST Road West, near MEPZ, Kadaperi, Tambaram,near GRT Jewellers, Tambaram, Tambaram, Tambaram, chennai",FEMALE,Both,,,DOUBLE,8000,8000,False,True,True,True,True,,,,,,,,,,Bike,0,False,False,False,False,False,False,,False,False,False
8a9f880393292ebe019329605e6412c2,PG for Girls in Tambaram,12.93531632585107,80.12612927854286,Tambaram West,"GST Road West, near MEPZ, Kadaperi, Tambaram,near GRT Jewellers, Tambaram, Tambaram, Tambaram, chennai",FEMALE,Both,,,THREE,7000,7000,False,True,True,True,True,,,,,,,,,,Bike,0,False,False,False,False,False,False,,False,False,False
8aa9b9d3a01d3ad101a01d620a9c0fc7,PG for Girls in Tambaram,12.928156366674797,80.11808956305595,Tambaram,"Tambaram Railway Station, 3, Rajaji Rd, Opposite Henkala Hotels near by EPFO, Tambaram, Tambaram, chennai",FEMALE,Both,8.4,6.4,SINGLE,18000,5000,False,True,True,True,True,,,,,,,,,,Bike,0,False,False,False,False,False,False,,False,False,False
8aa9b9d3a01d3ad101a01d620a9c0fc7,PG for Girls in Tambaram,12.928156366674797,80.11808956305595,Tambaram,"Tambaram Railway Station, 3, Rajaji Rd, Opposite Henkala Hotels near by EPFO, Tambaram, Tambaram, chennai",FEMALE,Both,8.4,6.4,DOUBLE,15000,5000,False,True,True,True,True,,,,,,,,,,Bike,0,False,False,False,False,False,False,,False,False,False
8aa9b9d3a01d3ad101a01d620a9c0fc7,PG for Girls in Tambaram,12.928156366674797,80.11808956305595,Tambaram,"Tambaram Railway Station, 3, Rajaji Rd, Opposite Henkala Hotels near by EPFO, Tambaram, Tambaram, chennai",FEMALE,Both,8.4,6.4,THREE,13000,5000,False,True,True,True,True,,,,,,,,,,Bike,0,False,False,False,False,False,False,,False,False,False
8aa9b9d3a01d3ad101a01d620a9c0fc7,PG for Girls in Tambaram,12.928156366674797,80.11808956305595,Tambaram,"Tambaram Railway Station, 3, Rajaji Rd, Opposite Henkala Hotels near by EPFO, Tambaram, Tambaram, chennai",FEMALE,Both,8.4,6.4,FOUR,10000,5000,False,True,True,True,True,,,,,,,,,,Bike,0,False,False,False,False,False,False,,False,False,False
8a9fbb8395757185019575cb834224c1,PG for Girls in West Tambaram,12.931090722473867,80.12132592980544,Tambaram,"Ranganathapuram near Valluvar Gurukulam Higher Secondary School, West Tambaram, West Tambaram, chennai",FEMALE,Both,,,THREE,7500,7500,False,True,True,True,True,,,,,,,,,,Bike,0,True,False,False,False,False,False,,False,False,False
8a9ff6838a067ae3018a073fcd367a80,PG for Girls in Tambaram Sanatoruim,12.935510716266032,80.1259875372277,Tambaram West,"Kadaperi Tambaram West near GRT Jewellers , Tambaram Sanatoruim, Tambaram Sanatoruim, chennai",FEMALE,Both,,,THREE,6500,13000,False,False,False,False,False,,,,,,,,,,Bike,0,False,False,False,False,False,False,,False,False,False
8aa9b5479cdb4725019cdc0d879264d9,PG for Girls in Tambaram,12.915831975217035,80.10747800436235,GST Road-Tambaram," Old GST Rd, Ponnan Nagar, East Tambaram, Tambaram, Tambaram, chennai",FEMALE,Both,7.9,7.9,DOUBLE,11000,3000,False,True,True,True,True,,,,,,,,,,Bike,3,False,False,False,False,False,False,,False,False,False
8aa9b5479cdb4725019cdc0d879264d9,PG for Girls in Tambaram,12.915831975217035,80.10747800436235,GST Road-Tambaram," Old GST Rd, Ponnan Nagar, East Tambaram, Tambaram, Tambaram, chennai",FEMALE,Both,7.9,7.9,THREE,0,0,False,True,True,True,True,,,,,,,,,,Bike,3,False,False,False,False,False,False,,False,False,False
8aa9b5479cdb4725019cdc0d879264d9,PG for Girls in Tambaram,12.915831975217035,80.10747800436235,GST Road-Tambaram," Old GST Rd, Ponnan Nagar, East Tambaram, Tambaram, Tambaram, chennai",FEMALE,Both,7.9,7.9,FOUR,7500,2000,True,True,True,True,True,,,,,,,,,,Bike,3,True,True,True,True,True,True,,False,False,False
8aa991e09f8454cd019f847b7bd11953,PG for Girls in Selaiyur,12.921172236528617,80.12208260192547,East Tambaram,"thambaram road near Madras Christian College, Selaiyur, Selaiyur, chennai",FEMALE,Both,8.3,8.8,SINGLE,19000,19000,True,True,True,True,True,,,,,,,,,,Bike,2,True,True,False,True,True,True,,False,False,False
8a9fa882780ade6901780b2740801ee4,PG for Girls in  Tambaram West,12.929097449932502,80.11495273348736,Tambaram,"Rajaji Rd,Near National Theatre,  Tambaram West,  Tambaram West, chennai",FEMALE,Both,,,SINGLE,6000,3000,False,True,True,True,True,,,,,,,,,,Bike,0,False,False,False,False,False,False,,False,False,False
8a9fa882780ade6901780b2740801ee4,PG for Girls in  Tambaram West,12.929097449932502,80.11495273348736,Tambaram,"Rajaji Rd,Near National Theatre,  Tambaram West,  Tambaram West, chennai",FEMALE,Both,,,DOUBLE,7000,2000,False,True,True,True,True,,,,,,,,,,Bike,0,False,False,False,False,False,False,,False,False,False
8a9fa882780ade6901780b2740801ee4,PG for Girls in  Tambaram West,12.929097449932502,80.11495273348736,Tambaram,"Rajaji Rd,Near National Theatre,  Tambaram West,  Tambaram West, chennai",FEMALE,Both,,,THREE,6500,1000,False,True,True,True,True,,,,,,,,,,Bike,0,False,False,False,False,False,False,,False,False,False
8a9fa882780ade6901780b2740801ee4,PG for Girls in  Tambaram West,12.929097449932502,80.11495273348736,Tambaram,"Rajaji Rd,Near National Theatre,  Tambaram West,  Tambaram West, chennai",FEMALE,Both,,,FOUR,4500,3000,False,True,True,True,True,,,,,,,,,,Bike,0,False,False,False,False,False,False,,False,False,False
8a9fb9839477cbd3019477e44eef0839,PG for Girls in Tambaram,12.923717475962937,80.09911290507145,Tambaram,"Rajaji Rd,Near Mcc college , Tambaram, Tambaram, chennai",FEMALE,Both,,,DOUBLE,9000,10000,False,True,True,True,True,False,False,True,False,False,False,True,True,False,Bike,0,False,False,False,False,False,False,,False,False,False
8a9fb9839477cbd3019477e44eef0839,PG for Girls in Tambaram,12.923717475962937,80.09911290507145,Tambaram,"Rajaji Rd,Near Mcc college , Tambaram, Tambaram, chennai",FEMALE,Both,,,FOUR,8000,10000,False,True,True,True,True,False,False,True,False,False,False,True,True,False,Bike,0,False,False,False,False,False,False,,False,False,False
8a9f94038f689cb9018f68cd2bc10ce0,PG for Girls in Tambaram,12.925856261627946,80.10921510785488,Tambaram,", Mudichur Rd,  near Devdarbar Falooda, Tambaram, Tambaram, chennai",FEMALE,Both,7.9,6.2,SINGLE,12000,1000,False,True,True,True,True,True,True,False,False,True,True,True,True,True,Bike,0,True,True,,True,True,,11:33 PM,True,True,False
8a9f94038f689cb9018f68cd2bc10ce0,PG for Girls in Tambaram,12.925856261627946,80.10921510785488,Tambaram,", Mudichur Rd,  near Devdarbar Falooda, Tambaram, Tambaram, chennai",FEMALE,Both,7.9,6.2,DOUBLE,8500,3000,False,True,True,True,True,True,True,False,False,True,True,True,True,True,Bike,0,True,True,,True,True,,11:33 PM,True,True,False
8a9f94038f689cb9018f68cd2bc10ce0,PG for Girls in Tambaram,12.925856261627946,80.10921510785488,Tambaram,", Mudichur Rd,  near Devdarbar Falooda, Tambaram, Tambaram, chennai",FEMALE,Both,7.9,6.2,THREE,7000,3000,False,True,True,True,True,True,True,False,False,True,True,True,True,True,Bike,0,,True,,True,True,,11:33 PM,True,True,False
8a9f94038f689cb9018f68cd2bc10ce0,PG for Girls in Tambaram,12.925856261627946,80.10921510785488,Tambaram,", Mudichur Rd,  near Devdarbar Falooda, Tambaram, Tambaram, chennai",FEMALE,Both,7.9,6.2,FOUR,6000,1000,False,True,True,True,True,True,True,False,False,True,True,True,True,True,Bike,0,,True,,True,True,,11:33 PM,True,True,False
8a9f8b438d815837018d8297d01c54c1,PG for Girls in Tambaram Sanatorium,12.937640705999824,80.12870794113923,Tambaram Sanatoruim,"Sanatorium, Station Rd Near 5 Star Hotel, Tambaram Sanatorium, Tambaram Sanatorium, chennai",FEMALE,Both,4.3,6.0,THREE,8000,1000,False,True,True,True,True,,,,,,,,,,Bike,0,True,False,False,False,False,False,,False,False,False
8a9f8b438d815837018d8297d01c54c1,PG for Girls in Tambaram Sanatorium,12.937640705999824,80.12870794113923,Tambaram Sanatoruim,"Sanatorium, Station Rd Near 5 Star Hotel, Tambaram Sanatorium, Tambaram Sanatorium, chennai",FEMALE,Both,4.3,6.0,FOUR,8000,1000,False,True,True,True,True,,,,,,,,,,Bike,0,True,False,False,False,False,False,,False,False,False
8aa9b3219bde81b2019bdf00c2a8246d,PG for Girls in Perungalathur,12.908804334015812,80.09273853249002,New Perungalathur,"SardarAathikesavavelu Ngr near Haappy Womens Hostel, Perungalathur, Perungalathur, chennai",FEMALE,Both,8.3,6.2,DOUBLE,6800,3000,False,True,True,True,True,,,,,,,,,,Bike,0,False,False,False,False,False,False,,False,False,False
8aa9b3219bde81b2019bdf00c2a8246d,PG for Girls in Perungalathur,12.908804334015812,80.09273853249002,New Perungalathur,"SardarAathikesavavelu Ngr near Haappy Womens Hostel, Perungalathur, Perungalathur, chennai",FEMALE,Both,8.3,6.2,FOUR,6300,3000,False,True,True,True,True,,,,,,,,,,Bike,0,False,False,False,False,False,False,,False,False,False
ff808181681cb2fe01681e61b028729c,PG for Boys in Sholinganallur,12.908388307850899,80.22882588207722,Sholinganallur,"Sabthagiri Nagar 2nd street, Sholinganallur, Sholinganallur, chennai",MALE,Both,,,THREE,5000,2000,True,False,False,False,False,True,True,False,False,True,True,True,False,True,Bike and Car,1,True,True,True,True,True,True,,False,False,False
ff808181681cb2fe01681e61b028729c,PG for Boys in Sholinganallur,12.908388307850899,80.22882588207722,Sholinganallur,"Sabthagiri Nagar 2nd street, Sholinganallur, Sholinganallur, chennai",MALE,Both,,,FOUR,5000,2000,False,False,False,False,False,True,True,False,False,True,True,True,False,True,Bike and Car,1,False,False,False,False,False,False,,False,False,False
8aa9b81f9f82bc50019f8368043e5da5,PG for Boys in Sholinganallur,12.9009877,80.2279301,Sholinganallur,"Karapakkam, Sholinganallur, Sholinganallur, Sholinganallur, chennai",MALE,Both,5.1,6.7,SINGLE,24000,5000,False,False,False,False,False,False,True,True,True,True,True,True,True,True,Bike,36,True,True,True,True,True,True,,True,False,False
8aa9b81f9f82bc50019f8368043e5da5,PG for Boys in Sholinganallur,12.9009877,80.2279301,Sholinganallur,"Karapakkam, Sholinganallur, Sholinganallur, Sholinganallur, chennai",MALE,Both,5.1,6.7,DOUBLE,11990,5000,True,False,False,False,False,False,True,True,True,True,True,True,True,True,Bike,36,True,True,True,True,True,True,,True,False,False
8aa9b81f9f82bc50019f8368043e5da5,PG for Boys in Sholinganallur,12.9009877,80.2279301,Sholinganallur,"Karapakkam, Sholinganallur, Sholinganallur, Sholinganallur, chennai",MALE,Both,5.1,6.7,THREE,9990,5000,True,False,False,False,False,False,True,True,True,True,True,True,True,True,Bike,36,True,True,True,True,True,True,,True,False,False
8a9f88c38c999a0d018c9b602f6130a2,PG for Boys in Karapakkam,12.916755909199114,80.22891687492961,Karapakkam," Easwaran St  near   IndusInd Bank, Karapakkam, Karapakkam, chennai",MALE,Working Professional,-10.0,6.7,DOUBLE,9500,3000,True,True,True,True,True,True,True,False,False,True,True,True,False,False,None,9,True,True,True,True,True,True,11:00 PM,True,False,False
8a9f88c38c999a0d018c9b602f6130a2,PG for Boys in Karapakkam,12.916755909199114,80.22891687492961,Karapakkam," Easwaran St  near   IndusInd Bank, Karapakkam, Karapakkam, chennai",MALE,Working Professional,-10.0,6.7,THREE,7500,3000,True,True,True,True,True,True,True,False,False,True,True,True,False,False,None,9,True,True,True,True,True,True,11:00 PM,True,False,False
8a9f88c38c999a0d018c9b602f6130a2,PG for Boys in Karapakkam,12.916755909199114,80.22891687492961,Karapakkam," Easwaran St  near   IndusInd Bank, Karapakkam, Karapakkam, chennai",MALE,Working Professional,-10.0,6.7,FOUR,6500,3000,True,True,True,True,True,True,True,False,False,True,True,True,False,False,None,9,True,True,True,True,True,True,11:00 PM,True,False,False
8a9f8cc38ce7f49e018ce8250d8f229e,PG for Boys in Karapakkam,12.916051352935698,80.22981057627402,OMR-Karappakam,"omr service rd near Hot Chips Veg Restaurant, Karapakkam, Karapakkam, chennai",MALE,Both,,,DOUBLE,8500,3000,False,True,True,True,True,,,,,,,,,,Bike,0,False,False,False,False,False,False,,False,False,False
8a9f8cc38ce7f49e018ce8250d8f229e,PG for Boys in Karapakkam,12.916051352935698,80.22981057627402,OMR-Karappakam,"omr service rd near Hot Chips Veg Restaurant, Karapakkam, Karapakkam, chennai",MALE,Both,,,THREE,7500,3000,False,True,True,True,True,,,,,,,,,,Bike,0,False,False,False,False,False,False,,False,False,False
8a9f8cc38ce7f49e018ce8250d8f229e,PG for Boys in Karapakkam,12.916051352935698,80.22981057627402,OMR-Karappakam,"omr service rd near Hot Chips Veg Restaurant, Karapakkam, Karapakkam, chennai",MALE,Both,,,FOUR,7000,3000,False,True,True,True,True,,,,,,,,,,Bike,0,False,False,False,False,False,False,,False,False,False
8aa99f519b8c1bad019b8cd277894325,PG for Boys in Karapakkam,12.916023888016348,80.22984209346156,OMR-Karappakam,"Karapakkam near Hot Chips Veg Restaurant, Karapakkam, Karapakkam, chennai",MALE,Both,6.4,6.3,THREE,6000,2000,False,True,False,False,False,,,,,,,,,,Bike,0,False,False,False,False,False,False,,False,False,False
8a9f85838ccd197d018cce00565876bf,PG for Boys in Karapakkam,12.915917,80.231669,OMR-Karappakam,"Indira Gandhi Street Anna St   near  Mani Nadar Stores, Karapakkam, Karapakkam, chennai",MALE,Both,,,DOUBLE,7000,1000,False,True,True,True,True,,,,,,,,,,Bike,0,False,False,False,False,False,False,,False,False,False
8a9f85838ccd197d018cce00565876bf,PG for Boys in Karapakkam,12.915917,80.231669,OMR-Karappakam,"Indira Gandhi Street Anna St   near  Mani Nadar Stores, Karapakkam, Karapakkam, chennai",MALE,Both,,,THREE,6000,2000,False,True,True,True,True,,,,,,,,,,Bike,0,False,False,False,False,False,False,,False,False,False
8a9f85838ccd197d018cce00565876bf,PG for Boys in Karapakkam,12.915917,80.231669,OMR-Karappakam,"Indira Gandhi Street Anna St   near  Mani Nadar Stores, Karapakkam, Karapakkam, chennai",MALE,Both,,,FOUR,5500,2000,False,True,True,True,True,,,,,,,,,,Bike,0,False,False,False,False,False,False,,False,False,False
8aa9b48d9cbe864b019cc13bd54f5e52,PG for Boys in Karapakkam,12.91238889642299,80.23039567024941,OMR-Karappakam,"3/109, Veerapandiya Kattaboman St, Karapakkam, Chennai, Tamil Nadu 600097, Karapakkam, Karapakkam, chennai",MALE,Both,6.3,6.3,THREE,7500,3000,False,True,True,True,True,,,,,,,,,,Bike,0,False,False,False,False,False,False,,False,False,False
8aa9b48d9cbe864b019cc13bd54f5e52,PG for Boys in Karapakkam,12.91238889642299,80.23039567024941,OMR-Karappakam,"3/109, Veerapandiya Kattaboman St, Karapakkam, Chennai, Tamil Nadu 600097, Karapakkam, Karapakkam, chennai",MALE,Both,6.3,6.3,FOUR,6500,3000,False,True,True,True,True,,,,,,,,,,Bike,0,False,False,False,False,False,False,,False,False,False
ff8081816cb388f5016cb38f8f030b38,PG for Boys in Karappakam,12.91603108987108,80.22977504293952,OMR-Karappakam,"Indira Gandhi Street,near Hot Chips Veg Restaurant, Karappakam, Karappakam, chennai",MALE,Both,,,DOUBLE,7500,2000,False,True,True,True,True,,,,,,,,,,Bike,0,False,False,False,False,False,False,,False,False,False
ff8081816cb388f5016cb38f8f030b38,PG for Boys in Karappakam,12.91603108987108,80.22977504293952,OMR-Karappakam,"Indira Gandhi Street,near Hot Chips Veg Restaurant, Karappakam, Karappakam, chennai",MALE,Both,,,THREE,6500,2000,False,True,True,True,True,,,,,,,,,,Bike,0,False,False,False,False,False,False,,False,False,False
ff8081816cb388f5016cb38f8f030b38,PG for Boys in Karappakam,12.91603108987108,80.22977504293952,OMR-Karappakam,"Indira Gandhi Street,near Hot Chips Veg Restaurant, Karappakam, Karappakam, chennai",MALE,Both,,,FOUR,0,0,False,True,True,True,True,,,,,,,,,,Bike,0,False,False,False,False,False,False,,False,False,False
8a9fb98281854044018185943e213a52,PG for Boys in Karapakkam,12.913893821980297,80.22966171016124,OMR-Karappakam,"Rajiv Gandhi Salai near to  Sri Bhaktha Anjaneyar swamy Temple, Karapakkam, Karapakkam, chennai",MALE,Both,,,THREE,7000,3000,False,True,True,True,True,,,,,,,,,,Bike,0,False,False,False,False,False,False,,False,False,False
8a9f898395c0f5150195c10b951003da,PG for Boys in Sholinganallur,12.908815213473877,80.23102161321412,OMR-Karappakam,"Nehru Main Road near JAGANNATH VIDYALAYA MATRICULATION HR SEC SCHOOL, Sholinganallur, Sholinganallur, chennai",MALE,Both,4.4,6.3,DOUBLE,8000,3000,False,True,True,True,True,,,,,,,,,,Bike,0,True,False,False,False,False,False,,False,False,False
8a9f898395c0f5150195c10b951003da,PG for Boys in Sholinganallur,12.908815213473877,80.23102161321412,OMR-Karappakam,"Nehru Main Road near JAGANNATH VIDYALAYA MATRICULATION HR SEC SCHOOL, Sholinganallur, Sholinganallur, chennai",MALE,Both,4.4,6.3,THREE,7500,3000,False,True,True,True,True,,,,,,,,,,Bike,0,False,False,False,False,False,False,,False,False,False
8a9f898395c0f5150195c10b951003da,PG for Boys in Sholinganallur,12.908815213473877,80.23102161321412,OMR-Karappakam,"Nehru Main Road near JAGANNATH VIDYALAYA MATRICULATION HR SEC SCHOOL, Sholinganallur, Sholinganallur, chennai",MALE,Both,4.4,6.3,FOUR,7000,3000,False,True,True,True,True,,,,,,,,,,Bike,0,True,False,False,False,False,False,,False,False,False
8a9f8b0393ab84f40193abf55d8724a5,PG for Boys in Thoraipakkam,12.91248730489105,80.22838895113166,OMR-Karappakam,"Rajiv Gandhi Salai opp  to Capgemini, Thoraipakkam, Thoraipakkam, chennai",MALE,Both,,,SINGLE,9000,3000,False,True,True,True,True,True,True,True,True,True,False,True,True,False,Car,14,False,True,False,False,True,True,10:00 PM,True,False,False
8a9f8b0393ab84f40193abf55d8724a5,PG for Boys in Thoraipakkam,12.91248730489105,80.22838895113166,OMR-Karappakam,"Rajiv Gandhi Salai opp  to Capgemini, Thoraipakkam, Thoraipakkam, chennai",MALE,Both,,,DOUBLE,9000,3000,True,True,True,True,True,True,True,True,True,True,False,True,True,False,Car,14,False,True,False,True,True,True,10:00 PM,True,False,False
8a9f8b0393ab84f40193abf55d8724a5,PG for Boys in Thoraipakkam,12.91248730489105,80.22838895113166,OMR-Karappakam,"Rajiv Gandhi Salai opp  to Capgemini, Thoraipakkam, Thoraipakkam, chennai",MALE,Both,,,THREE,7000,3000,True,True,True,True,True,True,True,True,True,True,False,True,True,False,Car,14,False,True,False,True,True,True,10:00 PM,True,False,False
8a9f8b0393ab84f40193abf55d8724a5,PG for Boys in Thoraipakkam,12.91248730489105,80.22838895113166,OMR-Karappakam,"Rajiv Gandhi Salai opp  to Capgemini, Thoraipakkam, Thoraipakkam, chennai",MALE,Both,,,FOUR,6500,3000,False,True,True,True,True,True,True,True,True,True,False,True,True,False,Car,14,False,False,False,False,False,False,10:00 PM,True,False,False
8aa98bff9cc08f86019cc16dbecc20a8,PG for Boys in Karapakkam,12.915992526090362,80.22925635128593,OMR-Karappakam,"OMR near GRT Jewellers - OMR, Karapakkam, Karapakkam, Karapakkam, chennai",MALE,Both,6.6,6.3,THREE,8000,3000,False,True,True,True,True,,,,,,,,,,Bike,0,False,False,False,False,False,False,,False,False,False
ff8081816cb418b2016cb43285b317a6,PG for Boys in Karapakkam,12.915347,80.22979459999999,OMR-Karappakam,"Rajiv Gandhi Salai,Near Arvind Theatre, Karapakkam, Karapakkam, chennai",MALE,Both,1.2,6.3,DOUBLE,7000,7000,True,False,False,False,False,True,True,True,False,False,False,True,True,False,Bike and Car,166,True,True,True,True,True,True,,False,False,False
ff8081816cb418b2016cb43285b317a6,PG for Boys in Karapakkam,12.915347,80.22979459999999,OMR-Karappakam,"Rajiv Gandhi Salai,Near Arvind Theatre, Karapakkam, Karapakkam, chennai",MALE,Both,1.2,6.3,FOUR,0,0,False,False,False,False,False,True,True,True,False,False,False,True,True,False,Bike and Car,166,False,False,False,False,False,False,,False,False,False
8a9f82c38ca548a3018ca57886231f41,PG for Boys in Karapakkam,12.91591931008185,80.22927322279655,OMR-Karappakam,"Muthamizh Nagar, near GRT Jewellers, Karapakkam, OMR, Karapakkam, Karapakkam, chennai",MALE,Both,,,DOUBLE,11000,5000,False,True,True,True,True,,,,,,,,,,Bike,0,False,False,False,False,False,False,,False,False,False
8a9f82c38ca548a3018ca57886231f41,PG for Boys in Karapakkam,12.91591931008185,80.22927322279655,OMR-Karappakam,"Muthamizh Nagar, near GRT Jewellers, Karapakkam, OMR, Karapakkam, Karapakkam, chennai",MALE,Both,,,THREE,9000,5000,False,True,True,True,True,,,,,,,,,,Bike,0,False,False,False,False,False,False,,False,False,False
8a9fa985974d1d4201974d7c7b9108ee,PG for Boys in Karapakkam,12.919052,80.230034,Karapakkam,"ranganathan st,near OYO 78979 Omr Residency, Karapakkam, Karapakkam, chennai",MALE,Working Professional,5.1,6.7,SINGLE,18000,90000,True,False,False,False,False,False,False,False,True,True,True,False,False,False,Bike,6,True,True,False,False,True,True,,True,False,False
8a9fbe8278b20b490178b2231d7d0633,PG for Boys in Karapakkam,12.914010176508333,80.23016964669647,OMR-Karappakam,"Old Mahabalipuram Rd,Near  Arvind Theatre,, Karapakkam, Karapakkam, chennai",MALE,Both,,,DOUBLE,7000,7000,False,True,True,True,True,,,,,,,,,,Bike,0,True,False,False,False,False,False,,False,False,False
8a9fbe8278b20b490178b2231d7d0633,PG for Boys in Karapakkam,12.914010176508333,80.23016964669647,OMR-Karappakam,"Old Mahabalipuram Rd,Near  Arvind Theatre,, Karapakkam, Karapakkam, chennai",MALE,Both,,,THREE,5500,2000,False,True,True,True,True,,,,,,,,,,Bike,0,True,False,False,False,False,False,,False,False,False
8a9fbe8278b20b490178b2231d7d0633,PG for Boys in Karapakkam,12.914010176508333,80.23016964669647,OMR-Karappakam,"Old Mahabalipuram Rd,Near  Arvind Theatre,, Karapakkam, Karapakkam, chennai",MALE,Both,,,FOUR,5000,5000,False,True,True,True,True,,,,,,,,,,Bike,0,True,False,False,False,False,False,,False,False,False
8a9fb98282e41f220182e46c6a173a72,PG for Boys in Karapakkam,12.915341362223144,80.22992746558832,OMR-Karappakam,"Rajiv Gandhi Salai, Muthamil Nagar, Near Arvind Theatre, Karapakkam, Karapakkam, chennai",MALE,Both,,,DOUBLE,6500,3000,True,True,True,True,True,,,,,,,,,,Bike,19,False,False,True,True,False,True,,False,False,False
8a9fb98282e41f220182e46c6a173a72,PG for Boys in Karapakkam,12.915341362223144,80.22992746558832,OMR-Karappakam,"Rajiv Gandhi Salai, Muthamil Nagar, Near Arvind Theatre, Karapakkam, Karapakkam, chennai",MALE,Both,,,THREE,6500,3000,True,True,True,True,True,,,,,,,,,,Bike,19,False,False,True,True,False,True,,False,False,False
8a9fb98282e41f220182e46c6a173a72,PG for Boys in Karapakkam,12.915341362223144,80.22992746558832,OMR-Karappakam,"Rajiv Gandhi Salai, Muthamil Nagar, Near Arvind Theatre, Karapakkam, Karapakkam, chennai",MALE,Both,,,FOUR,5500,3000,True,True,True,True,True,,,,,,,,,,Bike,19,False,False,True,True,False,True,,False,False,False
ff8081815752018d0157521535720169,PG for Boys in Sholinganallur,12.909688439530607,80.22955585218429,OMR-Karappakam," Mahabalipuram Road,Near Saravana Stores The Crown Mall , Sholinganallur, Sholinganallur, chennai",MALE,Both,,,SINGLE,0,0,False,True,True,True,True,True,True,True,False,True,True,True,False,True,Bike,174,,,,,,,,True,True,False
ff8081815752018d0157521535720169,PG for Boys in Sholinganallur,12.909688439530607,80.22955585218429,OMR-Karappakam," Mahabalipuram Road,Near Saravana Stores The Crown Mall , Sholinganallur, Sholinganallur, chennai",MALE,Both,,,DOUBLE,13000,13000,False,True,True,True,True,True,True,True,False,True,True,True,False,True,Bike,174,False,False,False,False,False,False,,True,True,False
ff8081815752018d0157521535720169,PG for Boys in Sholinganallur,12.909688439530607,80.22955585218429,OMR-Karappakam," Mahabalipuram Road,Near Saravana Stores The Crown Mall , Sholinganallur, Sholinganallur, chennai",MALE,Both,,,THREE,7500,3000,False,True,True,True,True,True,True,True,False,True,True,True,False,True,Bike,174,False,False,False,False,False,False,,True,True,False
ff8081815752018d0157521535720169,PG for Boys in Sholinganallur,12.909688439530607,80.22955585218429,OMR-Karappakam," Mahabalipuram Road,Near Saravana Stores The Crown Mall , Sholinganallur, Sholinganallur, chennai",MALE,Both,,,FOUR,0,0,False,True,True,True,True,True,True,True,False,True,True,True,False,True,Bike,174,,,,,,,,True,True,False
8a9fb08399f622110199f66cd36819e8,PG for Boys in Karapakkam,12.921793371704684,80.23965636242677,OMR-Karappakam,"Main Building near KCG College of Technology, Karapakkam, Karapakkam, chennai",MALE,Both,2.6,5.0,DOUBLE,7500,3000,False,True,True,True,True,,,,,,,,,,Bike,0,False,False,False,False,False,False,,False,False,False
8a9fb08399f622110199f66cd36819e8,PG for Boys in Karapakkam,12.921793371704684,80.23965636242677,OMR-Karappakam,"Main Building near KCG College of Technology, Karapakkam, Karapakkam, chennai",MALE,Both,2.6,5.0,THREE,7000,3000,False,True,True,True,True,,,,,,,,,,Bike,0,False,False,False,False,False,False,,False,False,False
8a9fb08399f622110199f66cd36819e8,PG for Boys in Karapakkam,12.921793371704684,80.23965636242677,OMR-Karappakam,"Main Building near KCG College of Technology, Karapakkam, Karapakkam, chennai",MALE,Both,2.6,5.0,FOUR,6000,2000,False,True,True,True,True,,,,,,,,,,Bike,0,False,False,False,False,False,False,,False,False,False
8aa9b4849fefdd6c019fefe480c20427,PG for Boys in Kms Complex,12.9152243,80.2327979,OMR-Karappakam,"1/368 Shree Balaji Gents PG, indra gandhi main road,karapakkam, near hotchips back side, KMS Complex, KMS Complex, chennai",MALE,Both,6.3,6.3,SINGLE,7500,3000,True,True,True,True,True,True,True,True,False,True,True,True,True,True,Bike,4,True,True,False,False,True,True,10:00 PM,True,False,False
8aa9b4849fefdd6c019fefe480c20427,PG for Boys in Kms Complex,12.9152243,80.2327979,OMR-Karappakam,"1/368 Shree Balaji Gents PG, indra gandhi main road,karapakkam, near hotchips back side, KMS Complex, KMS Complex, chennai",MALE,Both,6.3,6.3,DOUBLE,7000,3000,True,True,True,True,True,True,True,True,False,True,True,True,True,True,Bike,4,True,True,False,False,True,True,10:00 PM,True,False,False
8aa9b4849fefdd6c019fefe480c20427,PG for Boys in Kms Complex,12.9152243,80.2327979,OMR-Karappakam,"1/368 Shree Balaji Gents PG, indra gandhi main road,karapakkam, near hotchips back side, KMS Complex, KMS Complex, chennai",MALE,Both,6.3,6.3,THREE,6500,3000,True,True,True,True,True,True,True,True,False,True,True,True,True,True,Bike,4,True,True,False,False,True,True,10:00 PM,True,False,False
8aa9b4849fefdd6c019fefe480c20427,PG for Boys in Kms Complex,12.9152243,80.2327979,OMR-Karappakam,"1/368 Shree Balaji Gents PG, indra gandhi main road,karapakkam, near hotchips back side, KMS Complex, KMS Complex, chennai",MALE,Both,6.3,6.3,FOUR,6000,3000,True,True,True,True,True,True,True,True,False,True,True,True,True,True,Bike,4,True,True,False,False,True,True,10:00 PM,True,False,False
ff8081816b36e8b3016b3b1358732269,PG for Boys in Karapakkam,12.91845099315047,80.23300758297013,Karapakkam,"Ranganathan St  near Yeshwa Badminton Academy, Karapakkam, Karapakkam, chennai",MALE,Both,,,DOUBLE,6500,3000,False,True,True,True,True,False,True,False,False,False,False,True,False,False,Bike,2,False,False,False,False,False,False,,False,False,False
ff8081816b36e8b3016b3b1358732269,PG for Boys in Karapakkam,12.91845099315047,80.23300758297013,Karapakkam,"Ranganathan St  near Yeshwa Badminton Academy, Karapakkam, Karapakkam, chennai",MALE,Both,,,THREE,7500,3000,False,True,True,True,True,False,True,False,False,False,False,True,False,False,Bike,2,True,False,False,False,False,False,,False,False,False
ff8081816b36e8b3016b3b1358732269,PG for Boys in Karapakkam,12.91845099315047,80.23300758297013,Karapakkam,"Ranganathan St  near Yeshwa Badminton Academy, Karapakkam, Karapakkam, chennai",MALE,Both,,,FOUR,6000,6000,True,True,True,True,True,False,True,False,False,False,False,True,False,False,Bike,2,True,True,False,True,True,True,,False,False,False
8a9f82c48cbda5ad018cbea2e8c70a82,PG for Boys in Karapakkam,12.911518776686878,80.22920836083274,OMR-Karappakam,"Sadagopan St near The Chennai Mobiles  &  Sri Balaji Electrical & Hardware, Karapakkam, Karapakkam, chennai",MALE,Both,,,DOUBLE,6500,3000,False,True,True,True,True,True,True,False,False,False,False,False,False,True,Bike,18,True,False,False,False,False,False,,False,True,True
8a9f82c48cbda5ad018cbea2e8c70a82,PG for Boys in Karapakkam,12.911518776686878,80.22920836083274,OMR-Karappakam,"Sadagopan St near The Chennai Mobiles  &  Sri Balaji Electrical & Hardware, Karapakkam, Karapakkam, chennai",MALE,Both,,,THREE,6000,3000,True,True,True,True,True,True,True,False,False,False,False,False,False,True,Bike,18,False,True,False,True,True,True,,False,True,True
8a9f82c48cbda5ad018cbea2e8c70a82,PG for Boys in Karapakkam,12.911518776686878,80.22920836083274,OMR-Karappakam,"Sadagopan St near The Chennai Mobiles  &  Sri Balaji Electrical & Hardware, Karapakkam, Karapakkam, chennai",MALE,Both,,,FOUR,6000,3000,False,True,True,True,True,True,True,False,False,False,False,False,False,True,Bike,18,False,False,False,False,False,False,,False,True,True
8a9f9203930a283601930a95eabe2d02,PG for Boys in Ramapuram,12.912802656002555,80.23171162269976,OMR-Karappakam,"venkateswara nagar 19 st near kalaivani mens pg , Ramapuram, Ramapuram, chennai",MALE,Working Professional,,,DOUBLE,7500,3500,False,False,False,False,False,False,False,False,False,False,False,False,False,False,Bike and Car,0,False,False,False,False,False,False,,False,False,False
8aa9bcf59b34fd86019b356f34792ead,PG for Boys in Karapakkam,12.912983913009061,80.22994216701994,OMR-Karappakam," Dr MGR St near Masjidul Anwaar, Karapakkam, Karapakkam, chennai",MALE,Both,6.3,6.3,THREE,6000,2000,False,True,True,True,True,,,,,,,,,,Bike,0,False,False,False,False,False,False,,False,False,False
ff8081816a76daf8016a771001341fa8,PG for Boys in Karapakkam,12.9139913444633,80.22969756577612,OMR-Karappakam,"Rajiv Gandhi Salai Near Shri Gangai Amman Temple, Karapakkam, Karapakkam, chennai",MALE,Both,,,SINGLE,7500,2000,True,True,True,True,True,False,True,True,False,False,False,False,False,True,Bike and Car,116,True,True,True,True,True,True,,False,False,False
ff8081816a76daf8016a771001341fa8,PG for Boys in Karapakkam,12.9139913444633,80.22969756577612,OMR-Karappakam,"Rajiv Gandhi Salai Near Shri Gangai Amman Temple, Karapakkam, Karapakkam, chennai",MALE,Both,,,DOUBLE,6500,2000,True,True,True,True,True,False,True,True,False,False,False,False,False,True,Bike and Car,116,True,True,True,True,True,True,,False,False,False
ff8081816a76daf8016a771001341fa8,PG for Boys in Karapakkam,12.9139913444633,80.22969756577612,OMR-Karappakam,"Rajiv Gandhi Salai Near Shri Gangai Amman Temple, Karapakkam, Karapakkam, chennai",MALE,Both,,,THREE,7500,3000,True,True,True,True,True,False,True,True,False,False,False,False,False,True,Bike and Car,116,True,True,True,True,True,True,,False,False,False
ff8081816a76daf8016a771001341fa8,PG for Boys in Karapakkam,12.9139913444633,80.22969756577612,OMR-Karappakam,"Rajiv Gandhi Salai Near Shri Gangai Amman Temple, Karapakkam, Karapakkam, chennai",MALE,Both,,,FOUR,8000,3000,True,True,True,True,True,False,True,True,False,False,False,False,False,True,Bike and Car,116,True,True,True,True,True,True,,False,False,False
8a9fc982827b9f8801827bebe2502f66,PG for Boys in Karapakkam,12.913859222241745,80.2297403906512,OMR-Karappakam,"Rajiv Gandhi Salai, , near Shri Gangai Amman Temple, Karapakkam, Karapakkam, chennai",MALE,Both,,,THREE,6000,2000,False,True,True,True,True,,,,,,,,,,Bike,0,True,False,False,False,False,False,,False,False,False
8a9fc982827b9f8801827bebe2502f66,PG for Boys in Karapakkam,12.913859222241745,80.2297403906512,OMR-Karappakam,"Rajiv Gandhi Salai, , near Shri Gangai Amman Temple, Karapakkam, Karapakkam, chennai",MALE,Both,,,THREE,6000,2000,False,True,True,True,True,,,,,,,,,,Bike,0,True,False,False,False,False,False,,False,False,False
8a9faf8393f7e8e60193f8155b010dd1,PG for Boys in Karapakkam,12.911613313649474,80.22921014606744,OMR-Karappakam,"Rajiv Gandhi Salai near  Bawaa Medicals OMR Karapakkam, Karapakkam, Karapakkam, chennai",MALE,Both,6.1,6.2,DOUBLE,6000,3000,False,True,True,True,True,,,,,,,,,,Bike,0,False,False,False,False,False,False,,False,False,False
ff808181682d1bd301682d2a82d9097c,PG for Boys in  Karapakkam,12.91588019544892,80.22931844114225,OMR-Karappakam,"Old Mahabalipuram Rd, Near GRT Jewellers,  Karapakkam,  Karapakkam, chennai",MALE,Working Professional,,,SINGLE,25000,5000,True,True,True,True,True,True,True,True,True,True,True,True,True,True,Bike and Car,126,True,True,True,True,True,True,,True,False,False
ff808181682d1bd301682d2a82d9097c,PG for Boys in  Karapakkam,12.91588019544892,80.22931844114225,OMR-Karappakam,"Old Mahabalipuram Rd, Near GRT Jewellers,  Karapakkam,  Karapakkam, chennai",MALE,Working Professional,,,DOUBLE,12000,5000,True,True,True,True,True,True,True,True,True,True,True,True,True,True,Bike and Car,126,True,True,True,True,True,True,,True,False,False
ff808181682d1bd301682d2a82d9097c,PG for Boys in  Karapakkam,12.91588019544892,80.22931844114225,OMR-Karappakam,"Old Mahabalipuram Rd, Near GRT Jewellers,  Karapakkam,  Karapakkam, chennai",MALE,Working Professional,,,THREE,8500,5000,True,True,True,True,True,True,True,True,True,True,True,True,True,True,Bike and Car,126,True,True,True,True,True,True,,True,False,False
ff808181682d1bd301682d2a82d9097c,PG for Boys in  Karapakkam,12.91588019544892,80.22931844114225,OMR-Karappakam,"Old Mahabalipuram Rd, Near GRT Jewellers,  Karapakkam,  Karapakkam, chennai",MALE,Working Professional,,,FOUR,7500,5000,False,True,True,True,True,True,True,True,True,True,True,True,True,True,Bike and Car,126,True,True,True,True,True,True,,True,False,False
8aa9a3ad9fd12cab019fd1bae0d86c72,PG for Boys in Karapakkam,12.91522424508079,80.2327983263264,OMR-Karappakam,"Karapakkam NEAR KMS Complex, Karapakkam, Karapakkam, chennai",MALE,Both,6.3,6.3,SINGLE,8000,3000,False,True,True,True,True,,,,,,,,,,Bike,0,False,False,False,False,False,False,,False,False,False
8aa9a3ad9fd12cab019fd1bae0d86c72,PG for Boys in Karapakkam,12.91522424508079,80.2327983263264,OMR-Karappakam,"Karapakkam NEAR KMS Complex, Karapakkam, Karapakkam, chennai",MALE,Both,6.3,6.3,DOUBLE,7500,3000,False,True,True,True,True,,,,,,,,,,Bike,0,False,False,False,False,False,False,,False,False,False
8aa9a3ad9fd12cab019fd1bae0d86c72,PG for Boys in Karapakkam,12.91522424508079,80.2327983263264,OMR-Karappakam,"Karapakkam NEAR KMS Complex, Karapakkam, Karapakkam, chennai",MALE,Both,6.3,6.3,THREE,6500,3000,False,True,True,True,True,,,,,,,,,,Bike,0,False,False,False,False,False,False,,False,False,False
8aa9a3ad9fd12cab019fd1bae0d86c72,PG for Boys in Karapakkam,12.91522424508079,80.2327983263264,OMR-Karappakam,"Karapakkam NEAR KMS Complex, Karapakkam, Karapakkam, chennai",MALE,Both,6.3,6.3,FOUR,6000,3000,False,True,True,True,True,,,,,,,,,,Bike,0,False,False,False,False,False,False,,False,False,False
8a9ff88288e844010188e96594450d58,PG for Boys in Karapakkam,12.915893221954557,80.22931203183978,OMR-Karappakam,"Rajiv Gandhi Salai, near GRT Jewellers, Karapakkam, Karapakkam, chennai",MALE,Working Professional,,,SINGLE,18000,5000,True,False,False,False,False,True,True,False,True,True,True,True,True,True,Bike,15,True,True,True,True,True,True,,True,True,False
8a9ff88288e844010188e96594450d58,PG for Boys in Karapakkam,12.915893221954557,80.22931203183978,OMR-Karappakam,"Rajiv Gandhi Salai, near GRT Jewellers, Karapakkam, Karapakkam, chennai",MALE,Working Professional,,,DOUBLE,10000,5000,True,False,False,False,False,True,True,False,True,True,True,True,True,True,Bike,15,True,True,True,True,True,True,,True,True,False
8a9ff88288e844010188e96594450d58,PG for Boys in Karapakkam,12.915893221954557,80.22931203183978,OMR-Karappakam,"Rajiv Gandhi Salai, near GRT Jewellers, Karapakkam, Karapakkam, chennai",MALE,Working Professional,,,THREE,8000,5000,True,False,False,False,False,True,True,False,True,True,True,True,True,True,Bike,15,True,True,True,True,True,True,,True,True,False
ff8081816d9ce4d2016da06202ec08a8,PG for Boys in Karappakam,12.912164915089402,80.22844345767211,OMR-Karappakam,"Rajiv Gandhi Salai Near  Capgemini , Karappakam, Karappakam, chennai",MALE,Both,,,SINGLE,14000,4000,False,True,True,True,True,True,True,False,False,True,True,True,True,False,None,83,False,False,False,False,False,False,,True,False,False
ff8081816d9ce4d2016da06202ec08a8,PG for Boys in Karappakam,12.912164915089402,80.22844345767211,OMR-Karappakam,"Rajiv Gandhi Salai Near  Capgemini , Karappakam, Karappakam, chennai",MALE,Both,,,DOUBLE,9000,3000,False,True,True,True,True,True,True,False,False,True,True,True,True,False,None,83,False,False,False,False,False,False,,True,False,False
ff8081816d9ce4d2016da06202ec08a8,PG for Boys in Karappakam,12.912164915089402,80.22844345767211,OMR-Karappakam,"Rajiv Gandhi Salai Near  Capgemini , Karappakam, Karappakam, chennai",MALE,Both,,,THREE,8000,3000,False,True,True,True,True,True,True,False,False,True,True,True,True,False,None,83,True,False,False,False,False,False,,True,False,False
ff8081816d9ce4d2016da06202ec08a8,PG for Boys in Karappakam,12.912164915089402,80.22844345767211,OMR-Karappakam,"Rajiv Gandhi Salai Near  Capgemini , Karappakam, Karappakam, chennai",MALE,Both,,,FOUR,7000,3000,False,True,True,True,True,True,True,False,False,True,True,True,True,False,None,83,False,False,False,False,False,False,,True,False,False
ff8081816d38c3a7016d38c6e60f01cd,PG for Boys in Karapakkam,12.915343516027537,80.22979214202199,OMR-Karappakam,"Old Mahabalipuram Rd Near Arvind Theatre, Karapakkam, Karapakkam, chennai",MALE,Both,,,,,,,True,True,True,True,,,,,,,,,,None,0,,,,,,,,False,False,False
8a9f88038dac3368018dac5b87241995,PG for Boys in Karapakkam,12.912729175071789,80.22887472670212,OMR-Karappakam,"rajiv gandhi salai near karapakkam bus stand, Karapakkam, Karapakkam, chennai",MALE,Both,,,THREE,7500,3000,False,True,True,True,True,,,,,,,,,,Bike,0,True,False,False,False,False,False,,False,False,False
8a9f88038dac3368018dac5b87241995,PG for Boys in Karapakkam,12.912729175071789,80.22887472670212,OMR-Karappakam,"rajiv gandhi salai near karapakkam bus stand, Karapakkam, Karapakkam, chennai",MALE,Both,,,FOUR,7000,3000,False,True,True,True,True,,,,,,,,,,Bike,0,True,False,False,False,False,False,,False,False,False
8aa98b8d9b8d2ea9019b8dc5b9604468,PG for Boys in Karapakkam,12.91847309569876,80.23425282128456,OMR-Karappakam,"KCG College Rd near    ? See photos ZIYA MEN?S HOSTEL, Karapakkam, Karapakkam, chennai",MALE,Both,5.1,6.3,DOUBLE,7500,3000,False,True,True,True,True,,,,,,,,,,Bike,0,False,False,False,False,False,False,,False,False,False
8aa98b8d9b8d2ea9019b8dc5b9604468,PG for Boys in Karapakkam,12.91847309569876,80.23425282128456,OMR-Karappakam,"KCG College Rd near    ? See photos ZIYA MEN?S HOSTEL, Karapakkam, Karapakkam, chennai",MALE,Both,5.1,6.3,THREE,6500,3250,False,True,True,True,True,,,,,,,,,,Bike,0,False,False,False,False,False,False,,False,False,False
8a9f8a839076fa3201907714c10c07f4,PG for Boys in Karapakkam,12.917226915236792,80.22662348685138,Karapakkam,"Raja?s Sahasra PG ,River View Residency, 5th W St, Karapakkam, Karapakkam, chennai",MALE,Working Professional,6.0,5.7,SINGLE,20000,5000,False,True,True,True,True,False,False,True,False,False,False,True,False,False,Bike,0,False,False,False,False,False,False,,False,False,False
8a9f8a839076fa3201907714c10c07f4,PG for Boys in Karapakkam,12.917226915236792,80.22662348685138,Karapakkam,"Raja?s Sahasra PG ,River View Residency, 5th W St, Karapakkam, Karapakkam, chennai",MALE,Working Professional,6.0,5.7,DOUBLE,13000,5000,False,True,True,True,True,False,False,True,False,False,False,True,False,False,Bike,0,False,False,False,False,False,False,,False,False,False
8a9f8a839076fa3201907714c10c07f4,PG for Boys in Karapakkam,12.917226915236792,80.22662348685138,Karapakkam,"Raja?s Sahasra PG ,River View Residency, 5th W St, Karapakkam, Karapakkam, chennai",MALE,Working Professional,6.0,5.7,THREE,11500,5000,False,True,True,True,True,False,False,True,False,False,False,True,False,False,Bike,0,False,False,False,False,False,False,,False,False,False
ff8081816c64a007016c65696e0b6e50,PG for Boys in Karapakkam,12.919618515556147,80.22737355604949,Karapakkam," Manimegalai nagar,neaer Beds & Dreams - STAYIO - Men?s hostel/serviced apartments, Karapakkam, Karapakkam, chennai",MALE,Both,,,SINGLE,8000,5000,False,True,True,False,True,True,True,True,True,True,True,True,True,False,Bike and Car,140,False,False,False,False,False,False,,False,False,False
ff8081816c64a007016c65696e0b6e50,PG for Boys in Karapakkam,12.919618515556147,80.22737355604949,Karapakkam," Manimegalai nagar,neaer Beds & Dreams - STAYIO - Men?s hostel/serviced apartments, Karapakkam, Karapakkam, chennai",MALE,Both,,,DOUBLE,8000,5000,False,True,True,False,True,True,True,True,True,True,True,True,True,False,Bike and Car,140,False,False,False,False,False,False,,False,False,False
ff8081816c64a007016c65696e0b6e50,PG for Boys in Karapakkam,12.919618515556147,80.22737355604949,Karapakkam," Manimegalai nagar,neaer Beds & Dreams - STAYIO - Men?s hostel/serviced apartments, Karapakkam, Karapakkam, chennai",MALE,Both,,,THREE,4500,4000,False,True,True,False,True,True,True,True,True,True,True,True,True,False,Bike and Car,140,False,False,False,False,False,False,,False,False,False
8a9fc88282d931be0182d984a4c23832,PG for Boys in Karapakkam,12.912766674777366,80.22990727876093,OMR-Karappakam,"Dr MGR St Near  Masjidul Anwaar , Karapakkam, Karapakkam, chennai",MALE,Working Professional,,,DOUBLE,8000,2000,False,True,True,True,True,,,,,,,,,,Bike,0,False,False,False,False,False,False,,False,False,False
8a9fc88282d931be0182d984a4c23832,PG for Boys in Karapakkam,12.912766674777366,80.22990727876093,OMR-Karappakam,"Dr MGR St Near  Masjidul Anwaar , Karapakkam, Karapakkam, chennai",MALE,Working Professional,,,THREE,6500,2000,False,True,True,True,True,,,,,,,,,,Bike,0,False,False,False,False,False,False,,False,False,False
8a9fc88282d931be0182d984a4c23832,PG for Boys in Karapakkam,12.912766674777366,80.22990727876093,OMR-Karappakam,"Dr MGR St Near  Masjidul Anwaar , Karapakkam, Karapakkam, chennai",MALE,Working Professional,,,FOUR,6500,2000,False,True,True,True,True,,,,,,,,,,Bike,0,False,False,False,False,False,False,,False,False,False
8aa9a8539b10830f019b109646f10289,PG for Boys in Karapakkam,12.921169942424484,80.24012297420502,OMR-Karappakam,"KCG College Rd,KCG College Of Technology, karapakkam, karapakkam, chennai",MALE,Both,2.7,4.9,SINGLE,17000,17000,False,False,False,False,False,,,,,,,,,,Bike,0,False,False,False,False,False,False,,False,False,False
8aa9a8539b10830f019b109646f10289,PG for Boys in Karapakkam,12.921169942424484,80.24012297420502,OMR-Karappakam,"KCG College Rd,KCG College Of Technology, karapakkam, karapakkam, chennai",MALE,Both,2.7,4.9,DOUBLE,11500,11500,False,False,False,False,False,,,,,,,,,,Bike,0,False,False,False,False,False,False,,False,False,False
8aa9a8539b10830f019b109646f10289,PG for Boys in Karapakkam,12.921169942424484,80.24012297420502,OMR-Karappakam,"KCG College Rd,KCG College Of Technology, karapakkam, karapakkam, chennai",MALE,Both,2.7,4.9,THREE,9500,9500,False,False,False,False,False,,,,,,,,,,Bike,0,False,False,False,False,False,False,,False,False,False
8aa9a8539b10830f019b109646f10289,PG for Boys in Karapakkam,12.921169942424484,80.24012297420502,OMR-Karappakam,"KCG College Rd,KCG College Of Technology, karapakkam, karapakkam, chennai",MALE,Both,2.7,4.9,FOUR,8000,8000,False,False,False,False,False,,,,,,,,,,Bike,0,False,False,False,False,False,False,,False,False,False
8a9fc2827f00b3bc017f01591c7b76db,PG for Boys in Karapakkam,12.912756,80.229965,OMR-Karappakam,"Dr MGR St, near  Masjidul Anwaar, Karapakkam, Karapakkam, chennai",MALE,Both,,,SINGLE,6000,2000,False,True,True,True,True,False,True,True,False,False,False,False,False,False,None,0,False,False,False,False,False,False,,False,False,False
8a9fc2827f00b3bc017f01591c7b76db,PG for Boys in Karapakkam,12.912756,80.229965,OMR-Karappakam,"Dr MGR St, near  Masjidul Anwaar, Karapakkam, Karapakkam, chennai",MALE,Both,,,DOUBLE,7000,2000,False,True,True,True,True,False,True,True,False,False,False,False,False,False,None,0,False,False,False,False,False,False,,False,False,False
8a9fc2827f00b3bc017f01591c7b76db,PG for Boys in Karapakkam,12.912756,80.229965,OMR-Karappakam,"Dr MGR St, near  Masjidul Anwaar, Karapakkam, Karapakkam, chennai",MALE,Both,,,THREE,6500,2000,False,True,True,True,True,False,True,True,False,False,False,False,False,False,None,0,True,False,False,False,False,False,,False,False,False
8a9fc2827f00b3bc017f01591c7b76db,PG for Boys in Karapakkam,12.912756,80.229965,OMR-Karappakam,"Dr MGR St, near  Masjidul Anwaar, Karapakkam, Karapakkam, chennai",MALE,Both,,,FOUR,6000,2000,False,True,True,True,True,False,True,True,False,False,False,False,False,False,None,0,True,False,False,False,False,False,,False,False,False
ff8081816d776119016d77e60d866028,PG for Boys in Karappakam,12.91264017841131,80.23044945294326,OMR-Karappakam,"Dr MGR St near New malar men's hostel, KARAPPAKAM, KARAPPAKAM, chennai",MALE,Both,,,DOUBLE,4500,2000,False,False,False,False,False,,,,,,,,,,Bike,0,True,False,False,False,False,False,,False,False,False
ff8081816d776119016d77e60d866028,PG for Boys in Karappakam,12.91264017841131,80.23044945294326,OMR-Karappakam,"Dr MGR St near New malar men's hostel, KARAPPAKAM, KARAPPAKAM, chennai",MALE,Both,,,FOUR,4500,3000,False,False,False,False,False,,,,,,,,,,Bike,0,True,False,False,False,False,False,,False,False,False
8aa9bba59c2cd3ee019c2ce77d430726,PG for Boys in Karapakkam,12.913654858759095,80.23221688919588,OMR-Karappakam,"OMR Kangaiyaman Vendarasi Amman Koil St, near Cure & Care Family Clinic, Karapakkam, Karapakkam, chennai",MALE,Both,6.6,6.2,DOUBLE,7000,2000,False,True,True,True,True,,,,,,,,,,Bike,0,False,False,False,False,False,False,,False,False,False
8aa9bba59c2cd3ee019c2ce77d430726,PG for Boys in Karapakkam,12.913654858759095,80.23221688919588,OMR-Karappakam,"OMR Kangaiyaman Vendarasi Amman Koil St, near Cure & Care Family Clinic, Karapakkam, Karapakkam, chennai",MALE,Both,6.6,6.2,THREE,6500,2000,False,True,True,True,True,,,,,,,,,,Bike,0,False,False,False,False,False,False,,False,False,False
8aa9bba59c2cd3ee019c2ce77d430726,PG for Boys in Karapakkam,12.913654858759095,80.23221688919588,OMR-Karappakam,"OMR Kangaiyaman Vendarasi Amman Koil St, near Cure & Care Family Clinic, Karapakkam, Karapakkam, chennai",MALE,Both,6.6,6.2,FOUR,6000,2000,False,True,True,True,True,,,,,,,,,,Bike,0,False,False,False,False,False,False,,False,False,False
ff8081816eb0a80a016eb1b4aa9847c3,PG for Boys in  Karappakam,12.917634043289798,80.23410309140172,OMR-Karappakam,"Kaliamman Koil St , Near Sri rama vengamamba PG,  Karappakam,  Karappakam, chennai",MALE,Working Professional,,,SINGLE,6500,3000,False,True,True,True,True,,,,,,,,,,Bike,0,False,False,False,False,False,False,,False,False,False
ff8081816eb0a80a016eb1b4aa9847c3,PG for Boys in  Karappakam,12.917634043289798,80.23410309140172,OMR-Karappakam,"Kaliamman Koil St , Near Sri rama vengamamba PG,  Karappakam,  Karappakam, chennai",MALE,Working Professional,,,THREE,7500,3000,False,True,True,True,True,,,,,,,,,,Bike,0,False,False,False,False,False,False,,False,False,False
ff8081816eb0a80a016eb1b4aa9847c3,PG for Boys in  Karappakam,12.917634043289798,80.23410309140172,OMR-Karappakam,"Kaliamman Koil St , Near Sri rama vengamamba PG,  Karappakam,  Karappakam, chennai",MALE,Working Professional,,,FOUR,7500,4000,False,True,True,True,True,,,,,,,,,,Bike,0,True,False,False,False,False,False,,False,False,False
ff8081816abbade9016abec15ceb2259,PG for Boys in Karappakam,12.91908053762031,80.22676185647859,Karapakkam,"1st Cross St Karapakkam Zolo Quintain - Gents PG in Thoraipakkam, Karappakam, Karappakam, chennai",MALE,Both,5.8,8.6,DOUBLE,8000,4000,True,True,True,True,True,True,True,True,True,True,True,True,True,True,Bike and Car,17,True,True,True,True,True,True,,True,True,False
ff8081816abbade9016abec15ceb2259,PG for Boys in Karappakam,12.91908053762031,80.22676185647859,Karapakkam,"1st Cross St Karapakkam Zolo Quintain - Gents PG in Thoraipakkam, Karappakam, Karappakam, chennai",MALE,Both,5.8,8.6,THREE,6000,3000,True,True,True,True,True,True,True,True,True,True,True,True,True,True,Bike and Car,17,True,True,True,True,True,True,,True,True,False
ff8081816abbade9016abec15ceb2259,PG for Boys in Karappakam,12.91908053762031,80.22676185647859,Karapakkam,"1st Cross St Karapakkam Zolo Quintain - Gents PG in Thoraipakkam, Karappakam, Karappakam, chennai",MALE,Both,5.8,8.6,FOUR,7000,4000,True,True,True,True,True,True,True,True,True,True,True,True,True,True,Bike and Car,17,True,True,True,True,True,True,,True,True,False
8aa9baf49de7a6ff019de7b117b103eb,PG for Boys in Sholinganallur,12.908478469241937,80.2303068699753,OMR-Karappakam,", Laxmi Nagar Extension near SAS WOMEN'S HOSTEL, Sholinganallur, Sholinganallur, chennai",MALE,Student,6.0,6.0,THREE,8000,3000,False,True,True,True,True,,,,,,,,,,Bike,0,False,False,False,False,False,False,,False,False,False
8aa99c8f9c416d4c019c4252b6a96e9b,PG for Boys in Karapakkam,12.91830137054837,80.22970609351127,Karapakkam,"Rajiv Gandhi Salai, Engineer?s PG | Men's Hostel, Karapakkam, Karapakkam, chennai",MALE,Both,6.9,8.6,SINGLE,13000,5000,True,True,True,True,True,,,,,,,,,,Bike,5,True,True,True,True,True,True,,False,False,False
8aa99c8f9c416d4c019c4252b6a96e9b,PG for Boys in Karapakkam,12.91830137054837,80.22970609351127,Karapakkam,"Rajiv Gandhi Salai, Engineer?s PG | Men's Hostel, Karapakkam, Karapakkam, chennai",MALE,Both,6.9,8.6,FOUR,7200,3000,True,True,True,True,True,,,,,,,,,,Bike,5,True,True,True,True,True,True,,False,False,False
8aa9a7e49aaf8673019aafceb63d2a63,PG for Boys in Karapakkam,12.91544906949314,80.22979193425611,OMR-Karappakam,"Rajiv Gandhi Salai near Arvind Theatre, Karapakkam, Karapakkam, chennai",MALE,Both,6.3,6.3,SINGLE,10000,6000,False,False,False,False,False,,,,,,,,,,Bike,0,True,False,False,False,False,False,,False,False,False
8aa9a7e49aaf8673019aafceb63d2a63,PG for Boys in Karapakkam,12.91544906949314,80.22979193425611,OMR-Karappakam,"Rajiv Gandhi Salai near Arvind Theatre, Karapakkam, Karapakkam, chennai",MALE,Both,6.3,6.3,DOUBLE,7000,5000,False,False,False,False,False,,,,,,,,,,Bike,0,True,False,False,False,False,False,,False,False,False
8aa9a7e49aaf8673019aafceb63d2a63,PG for Boys in Karapakkam,12.91544906949314,80.22979193425611,OMR-Karappakam,"Rajiv Gandhi Salai near Arvind Theatre, Karapakkam, Karapakkam, chennai",MALE,Both,6.3,6.3,THREE,6000,5000,False,False,False,False,False,,,,,,,,,,Bike,0,False,False,False,False,False,False,,False,False,False
8aa9b2eb9f82bc35019f8321def72f35,PG for Boys in Karapakkam,12.91666547081408,80.23119457663783,OMR-Karappakam," Indira Gandhi St, , Karapakkam, Karapakkam, chennai",MALE,Working Professional,5.6,6.3,THREE,7000,2000,True,False,False,False,False,False,False,True,False,False,False,True,True,False,Bike,2,True,True,True,True,True,True,,False,False,False
8a9ff082862f319601862fd5ee597829,PG for Boys in Karapakkam,12.912835985734388,80.23229577941044,OMR-Karappakam,"anna st,near Sri Srinivasa Perumal Thirukovil, Karapakkam, Karapakkam, chennai",MALE,Both,,,SINGLE,7000,2000,False,True,True,True,True,False,True,True,False,False,False,False,False,False,Bike,0,False,False,False,False,False,False,,False,False,False
8a9ff082862f319601862fd5ee597829,PG for Boys in Karapakkam,12.912835985734388,80.23229577941044,OMR-Karappakam,"anna st,near Sri Srinivasa Perumal Thirukovil, Karapakkam, Karapakkam, chennai",MALE,Both,,,DOUBLE,7000,2000,False,True,True,True,True,False,True,True,False,False,False,False,False,False,Bike,0,False,False,False,False,False,False,,False,False,False
8a9ff082862f319601862fd5ee597829,PG for Boys in Karapakkam,12.912835985734388,80.23229577941044,OMR-Karappakam,"anna st,near Sri Srinivasa Perumal Thirukovil, Karapakkam, Karapakkam, chennai",MALE,Both,,,THREE,6500,3000,False,True,True,True,True,False,True,True,False,False,False,False,False,False,Bike,0,False,False,False,False,False,False,,False,False,False
8a9ff082862f319601862fd5ee597829,PG for Boys in Karapakkam,12.912835985734388,80.23229577941044,OMR-Karappakam,"anna st,near Sri Srinivasa Perumal Thirukovil, Karapakkam, Karapakkam, chennai",MALE,Both,,,FOUR,6000,2000,False,True,True,True,True,False,True,True,False,False,False,False,False,False,Bike,0,False,False,False,False,False,False,,False,False,False
8aa9baf99cb73a78019cb77958d01abc,PG for Boys in Karapakkam,12.91949620570889,80.22740158780198,Karapakkam,"Manimegalai nagar Beds & Dreams - STAYIO - Menâs hoste, Karapakkam, Karapakkam, chennai",MALE,Both,5.8,8.6,SINGLE,10000,10000,False,False,False,False,False,,,,,,,,,,Bike,0,False,False,False,False,False,False,,False,False,False
8aa9baf99cb73a78019cb77958d01abc,PG for Boys in Karapakkam,12.91949620570889,80.22740158780198,Karapakkam,"Manimegalai nagar Beds & Dreams - STAYIO - Menâs hoste, Karapakkam, Karapakkam, chennai",MALE,Both,5.8,8.6,DOUBLE,11000,11000,False,False,False,False,False,,,,,,,,,,Bike,0,False,False,False,False,False,False,,False,False,False
8aa9baf99cb73a78019cb77958d01abc,PG for Boys in Karapakkam,12.91949620570889,80.22740158780198,Karapakkam,"Manimegalai nagar Beds & Dreams - STAYIO - Menâs hoste, Karapakkam, Karapakkam, chennai",MALE,Both,5.8,8.6,THREE,7500,7500,False,False,False,False,False,,,,,,,,,,Bike,0,False,False,False,False,False,False,,False,False,False
8aa9baf99cb73a78019cb77958d01abc,PG for Boys in Karapakkam,12.91949620570889,80.22740158780198,Karapakkam,"Manimegalai nagar Beds & Dreams - STAYIO - Menâs hoste, Karapakkam, Karapakkam, chennai",MALE,Both,5.8,8.6,FOUR,6500,6500,False,False,False,False,False,,,,,,,,,,Bike,0,False,False,False,False,False,False,,False,False,False
8a9fae839491f9b101949256fd2b225a,PG for Boys in Karapakkam,12.91848367199607,80.23430942519275,OMR-Karappakam,"Karapakkam rd near Jai Sri Ram gents hostel, Karapakkam, Karapakkam, chennai",MALE,Both,,,THREE,6500,4000,True,True,True,True,True,,,,,,,,,,Bike,15,False,False,False,False,False,True,,False,False,False
8a9f8c438fbedfa1018fbf29036523d6,PG for Boys in Karapakkam,12.915993194559393,80.22925984428734,OMR-Karappakam,"Old Mahabalipuram Road near GRT Jewellers, Karapakkam, OMR, Karapakkam, Karapakkam, chennai",MALE,Both,,,THREE,8500,5000,False,True,True,False,True,,,,,,,,,,Bike,0,False,False,False,False,False,False,,False,False,False
8a9f8c438fbedfa1018fbf29036523d6,PG for Boys in Karapakkam,12.915993194559393,80.22925984428734,OMR-Karappakam,"Old Mahabalipuram Road near GRT Jewellers, Karapakkam, OMR, Karapakkam, Karapakkam, chennai",MALE,Both,,,THREE,8500,5000,False,True,True,False,True,,,,,,,,,,Bike,0,False,False,False,False,False,False,,False,False,False
8a9f94869733cb7e0197341394271177,PG for Boys in Karapakkam,12.915985,80.229819,OMR-Karappakam,"Gajalakshmi Colony, Near Hot Chips Veg Restaurant, Karapakkam, Karapakkam, chennai",MALE,Both,6.4,6.3,THREE,7700,4000,False,True,True,True,True,,,,,,,,,,Bike,0,True,False,False,False,False,False,,False,False,False
8aa9a4f69f63d61c019f6437c3af2fb2,PG for Boys in Thoraipakkam,12.91533834410407,80.229982229327,OMR-Karappakam,"Old Mahabalipuram Rd near Apollo Cradle Hospital, Thoraipakkam, Thoraipakkam, chennai",MALE,Both,6.8,6.3,DOUBLE,12000,3000,False,True,True,True,True,,,,,,,,,,Bike,0,False,False,False,False,False,False,,False,False,False
8a9f8202750cdafd0175169d70e95be7,PG for Boys in Thoraipakkam,12.914884470596599,80.2297843598242,OMR-Karappakam,"Old Mahabalipuram Rd near Apollo Cradle Hospital, Thoraipakkam, Thoraipakkam, chennai",MALE,Both,,,DOUBLE,7000,2000,False,True,True,True,True,False,False,True,False,False,False,True,True,False,Bike,0,False,False,False,False,False,False,,False,False,False
8a9f8202750cdafd0175169d70e95be7,PG for Boys in Thoraipakkam,12.914884470596599,80.2297843598242,OMR-Karappakam,"Old Mahabalipuram Rd near Apollo Cradle Hospital, Thoraipakkam, Thoraipakkam, chennai",MALE,Both,,,THREE,6000,2000,False,True,True,True,True,False,False,True,False,False,False,True,True,False,Bike,0,False,False,False,False,False,False,,False,False,False
8a9f8202750cdafd0175169d70e95be7,PG for Boys in Thoraipakkam,12.914884470596599,80.2297843598242,OMR-Karappakam,"Old Mahabalipuram Rd near Apollo Cradle Hospital, Thoraipakkam, Thoraipakkam, chennai",MALE,Both,,,FOUR,5500,2000,False,True,True,True,True,False,False,True,False,False,False,True,True,False,Bike,0,False,False,False,False,False,False,,False,False,False
8a9fd182839c039301839c4e456b270a,PG for Boys in Karapakkam,12.915867816554355,80.23012321110043,OMR-Karappakam," Rajiv gandhi Salai , grt jewellers, Karapakkam, Karapakkam, chennai",MALE,Both,,,FOUR,6500,4000,False,True,True,True,True,,,,,,,,,,Bike,0,False,False,False,False,False,False,,False,False,False
8a9f8a8391fecc280191ff27c75f1c57,PG for Boys in Karapakkam,12.912851525977729,80.23225667148093,OMR-Karappakam,"NKS nagar near Sri Srinivasa Perumal Thirukovil, Karapakkam, Karapakkam, chennai",MALE,Working Professional,,,THREE,8000,3000,True,True,True,True,True,False,True,True,False,False,False,True,True,False,Bike,10,True,True,False,True,True,True,,False,False,False
8a9f8a8391fecc280191ff27c75f1c57,PG for Boys in Karapakkam,12.912851525977729,80.23225667148093,OMR-Karappakam,"NKS nagar near Sri Srinivasa Perumal Thirukovil, Karapakkam, Karapakkam, chennai",MALE,Working Professional,,,FOUR,7500,3000,True,True,True,True,True,False,True,True,False,False,False,True,True,False,Bike,10,True,True,False,True,True,True,,False,False,False
8a9fa684995c111e01995c17246d0120,PG for Boys in Karapakkam,12.9160110067527,80.22980503495296,OMR-Karappakam,"Rajiv Gandhi Salai, near  Hot Chips Veg Restaurant, Karapakkam, Karapakkam, chennai",MALE,Both,6.9,8.7,SINGLE,0,0,False,False,False,False,False,False,True,True,False,True,False,True,False,True,Bike,6,,,,,,,,True,False,False
8a9fa684995c111e01995c17246d0120,PG for Boys in Karapakkam,12.9160110067527,80.22980503495296,OMR-Karappakam,"Rajiv Gandhi Salai, near  Hot Chips Veg Restaurant, Karapakkam, Karapakkam, chennai",MALE,Both,6.9,8.7,DOUBLE,4500,2000,False,False,False,False,False,False,True,True,False,True,False,True,False,True,Bike,6,False,True,False,True,True,True,,True,False,False
8a9fa684995c111e01995c17246d0120,PG for Boys in Karapakkam,12.9160110067527,80.22980503495296,OMR-Karappakam,"Rajiv Gandhi Salai, near  Hot Chips Veg Restaurant, Karapakkam, Karapakkam, chennai",MALE,Both,6.9,8.7,THREE,4000,2000,True,False,False,False,False,False,True,True,False,True,False,True,False,True,Bike,6,False,True,False,True,True,True,,True,False,False
8a9fa684995c111e01995c17246d0120,PG for Boys in Karapakkam,12.9160110067527,80.22980503495296,OMR-Karappakam,"Rajiv Gandhi Salai, near  Hot Chips Veg Restaurant, Karapakkam, Karapakkam, chennai",MALE,Both,6.9,8.7,FOUR,4000,2000,False,False,False,False,False,False,True,True,False,True,False,True,False,True,Bike,6,False,True,False,True,True,True,,True,False,False
8a9ff08285de15330185de6e663d3db3,PG for Boys in Karapakkam,12.912232283273019,80.23253769671913,OMR-Karappakam,"Karapakkam near  Draupadi Amman Kovil, Karapakkam, Karapakkam, chennai",MALE,Working Professional,,,SINGLE,8500,3000,False,True,True,True,True,False,True,True,False,False,False,True,True,False,Bike,4,False,False,False,False,False,False,,True,False,False
8a9ff08285de15330185de6e663d3db3,PG for Boys in Karapakkam,12.912232283273019,80.23253769671913,OMR-Karappakam,"Karapakkam near  Draupadi Amman Kovil, Karapakkam, Karapakkam, chennai",MALE,Working Professional,,,DOUBLE,8500,3000,False,True,True,True,True,False,True,True,False,False,False,True,True,False,Bike,4,False,False,False,False,False,False,,True,False,False
8a9ff08285de15330185de6e663d3db3,PG for Boys in Karapakkam,12.912232283273019,80.23253769671913,OMR-Karappakam,"Karapakkam near  Draupadi Amman Kovil, Karapakkam, Karapakkam, chennai",MALE,Working Professional,,,THREE,7500,3000,False,True,True,True,True,False,True,True,False,False,False,True,True,False,Bike,4,False,False,False,False,False,False,,True,False,False
8a9ff08285de15330185de6e663d3db3,PG for Boys in Karapakkam,12.912232283273019,80.23253769671913,OMR-Karappakam,"Karapakkam near  Draupadi Amman Kovil, Karapakkam, Karapakkam, chennai",MALE,Working Professional,,,FOUR,6500,3000,False,True,True,True,True,False,True,True,False,False,False,True,True,False,Bike,4,False,False,False,False,False,False,,True,False,False
8a9f8ac38d6e08b9018d6e5b10f14a18,PG for Boys in Karapakkam,12.911855712219452,80.23514199999997,OMR-Karappakam,"15,lal bahadhur sasthri street Laxmi Nagar Extension,  near  Accenture Solutions Pvt Ltd (CDC-5), Karapakkam, Karapakkam, chennai",MALE,Both,,,SINGLE,7000,2000,False,True,True,True,True,True,True,False,False,True,False,True,False,False,Bike,14,False,False,False,False,True,False,,True,True,False
8a9f8ac38d6e08b9018d6e5b10f14a18,PG for Boys in Karapakkam,12.911855712219452,80.23514199999997,OMR-Karappakam,"15,lal bahadhur sasthri street Laxmi Nagar Extension,  near  Accenture Solutions Pvt Ltd (CDC-5), Karapakkam, Karapakkam, chennai",MALE,Both,,,DOUBLE,6500,2000,False,True,True,True,True,True,True,False,False,True,False,True,False,False,Bike,14,False,False,False,False,True,True,,True,True,False
8a9f8ac38d6e08b9018d6e5b10f14a18,PG for Boys in Karapakkam,12.911855712219452,80.23514199999997,OMR-Karappakam,"15,lal bahadhur sasthri street Laxmi Nagar Extension,  near  Accenture Solutions Pvt Ltd (CDC-5), Karapakkam, Karapakkam, chennai",MALE,Both,,,THREE,6300,2000,True,True,True,True,True,True,True,False,False,True,False,True,False,False,Bike,14,False,False,False,False,True,True,,True,True,False
8a9f8ac38d6e08b9018d6e5b10f14a18,PG for Boys in Karapakkam,12.911855712219452,80.23514199999997,OMR-Karappakam,"15,lal bahadhur sasthri street Laxmi Nagar Extension,  near  Accenture Solutions Pvt Ltd (CDC-5), Karapakkam, Karapakkam, chennai",MALE,Both,,,FOUR,6000,2000,False,True,True,True,True,True,True,False,False,True,False,True,False,False,Bike,14,False,False,False,False,False,False,,True,True,False
8a9fab827fed984c017fee3677397ca4,PG for Boys in Karapakkam,12.91811273741981,80.22967777559954,Karapakkam,"Old Mahabalipuram Rd Near Royaloak Furniture OMR Karapakkam, Karapakkam, Karapakkam, chennai",MALE,Both,,,SINGLE,9000,3000,False,True,True,True,True,,,,,,,,,,None,0,False,False,False,False,False,False,,False,False,False
8a9fab827fed984c017fee3677397ca4,PG for Boys in Karapakkam,12.91811273741981,80.22967777559954,Karapakkam,"Old Mahabalipuram Rd Near Royaloak Furniture OMR Karapakkam, Karapakkam, Karapakkam, chennai",MALE,Both,,,DOUBLE,8000,3000,False,True,True,True,True,,,,,,,,,,None,0,False,False,False,False,False,False,,False,False,False
8a9fab827fed984c017fee3677397ca4,PG for Boys in Karapakkam,12.91811273741981,80.22967777559954,Karapakkam,"Old Mahabalipuram Rd Near Royaloak Furniture OMR Karapakkam, Karapakkam, Karapakkam, chennai",MALE,Both,,,THREE,8700,3000,False,True,True,True,True,,,,,,,,,,None,0,False,False,False,False,False,False,,False,False,False
8a9fab827fed984c017fee3677397ca4,PG for Boys in Karapakkam,12.91811273741981,80.22967777559954,Karapakkam,"Old Mahabalipuram Rd Near Royaloak Furniture OMR Karapakkam, Karapakkam, Karapakkam, chennai",MALE,Both,,,FOUR,6000,3000,False,True,True,True,True,,,,,,,,,,None,0,False,False,False,False,False,False,,False,False,False
ff80818169e36f0c0169e43d90ab4b5b,PG for Boys in Karappakam,12.913928082332026,80.22964676687512,OMR-Karappakam," gangaiamman koil st  Near Gangai Amman Temple, Karappakam, Karappakam, chennai",MALE,Both,,,DOUBLE,8000,2000,False,False,False,False,False,False,True,True,False,True,True,True,True,True,None,183,False,False,False,False,False,False,,True,True,False
ff80818169e36f0c0169e43d90ab4b5b,PG for Boys in Karappakam,12.913928082332026,80.22964676687512,OMR-Karappakam," gangaiamman koil st  Near Gangai Amman Temple, Karappakam, Karappakam, chennai",MALE,Both,,,THREE,3500,2000,True,False,False,False,False,False,True,True,False,True,True,True,True,True,None,183,True,True,True,True,True,True,,True,True,False
ff80818169e36f0c0169e43d90ab4b5b,PG for Boys in Karappakam,12.913928082332026,80.22964676687512,OMR-Karappakam," gangaiamman koil st  Near Gangai Amman Temple, Karappakam, Karappakam, chennai",MALE,Both,,,FOUR,3000,2000,True,False,False,False,False,False,True,True,False,True,True,True,True,True,None,183,True,True,True,True,True,True,,True,True,False
8a9fc58582d7b1890182d85657912931,PG for Boys in Karapakkam,12.916027375598688,80.2298359198709,OMR-Karappakam,"Karapakkam near hot chips veg  Restaurant, Karapakkam, Karapakkam, chennai",MALE,Both,,,DOUBLE,7000,3000,False,True,True,True,True,,,,,,,,,,Bike,0,False,False,False,False,False,False,,False,False,False
8a9fc58582d7b1890182d85657912931,PG for Boys in Karapakkam,12.916027375598688,80.2298359198709,OMR-Karappakam,"Karapakkam near hot chips veg  Restaurant, Karapakkam, Karapakkam, chennai",MALE,Both,,,THREE,6500,3000,False,True,True,True,True,,,,,,,,,,Bike,0,False,False,False,False,False,False,,False,False,False
8a9fc58582d7b1890182d85657912931,PG for Boys in Karapakkam,12.916027375598688,80.2298359198709,OMR-Karappakam,"Karapakkam near hot chips veg  Restaurant, Karapakkam, Karapakkam, chennai",MALE,Both,,,FOUR,5500,3000,False,True,True,True,True,,,,,,,,,,Bike,0,False,False,False,False,False,False,,False,False,False
8a9faf8599a354910199a37527560af0,PG for Boys in Karapakkam,12.91307855851547,80.22937729937097,OMR-Karappakam,"Indira Gandhi St near Al Basheer Biriyani, Karapakkam, Karapakkam, chennai",MALE,Both,5.7,6.2,DOUBLE,7000,2000,False,True,True,True,True,,,,,,,,,,Bike,0,False,False,False,False,False,False,,False,False,False
8a9faf8599a354910199a37527560af0,PG for Boys in Karapakkam,12.91307855851547,80.22937729937097,OMR-Karappakam,"Indira Gandhi St near Al Basheer Biriyani, Karapakkam, Karapakkam, chennai",MALE,Both,5.7,6.2,THREE,6000,2000,False,True,True,True,True,,,,,,,,,,Bike,0,False,False,False,False,False,False,,False,False,False
8a9fa68594dfae3c0194e10695237668,PG for Anyone in Impelox Tech Private Limited,12.8952074,80.2232367,OMR-Sholinganallur,"impelox tech, Impelox Tech Private Limited, Impelox Tech Private Limited, chennai",BOTH,Both,6.1,2.5,SINGLE,15000,7000,False,True,True,True,True,True,True,True,True,True,True,True,True,True,Car,2,True,True,True,False,True,True,11:58 PM,False,False,False
8a9fa68594dfae3c0194e10695237668,PG for Anyone in Impelox Tech Private Limited,12.8952074,80.2232367,OMR-Sholinganallur,"impelox tech, Impelox Tech Private Limited, Impelox Tech Private Limited, chennai",BOTH,Both,6.1,2.5,DOUBLE,11000,7000,False,True,True,True,True,True,True,True,True,True,True,True,True,True,Car,2,True,True,True,False,True,True,11:58 PM,False,False,False
8a9fa68594dfae3c0194e10695237668,PG for Anyone in Impelox Tech Private Limited,12.8952074,80.2232367,OMR-Sholinganallur,"impelox tech, Impelox Tech Private Limited, Impelox Tech Private Limited, chennai",BOTH,Both,6.1,2.5,THREE,8000,6000,False,True,True,True,True,True,True,True,True,True,True,True,True,True,Car,2,True,True,False,False,True,True,11:58 PM,False,False,False
8a9fa68594dfae3c0194e10695237668,PG for Anyone in Impelox Tech Private Limited,12.8952074,80.2232367,OMR-Sholinganallur,"impelox tech, Impelox Tech Private Limited, Impelox Tech Private Limited, chennai",BOTH,Both,6.1,2.5,FOUR,0,0,False,True,True,True,True,True,True,True,True,True,True,True,True,True,Car,2,,,,,,,11:58 PM,False,False,False
8aa9a41c9f73b009019f73b7220c01d7,"PG for Anyone in W62h+4jc, Ezhil Nagar, Sholinganallur, Chennai, Tamil Nadu 600119, India",12.9000498,80.2288721,Sholinganallur,"sholinganallur, ecr link road, W62H+4JC, Ezhil Nagar, Sholinganallur, Chennai, Tamil Nadu 600119, India, W62H+4JC, Ezhil Nagar, Sholinganallur, Chennai, Tamil Nadu 600119, India, chennai",BOTH,Both,5.1,6.1,SINGLE,12000,3000,False,True,True,True,True,True,True,False,False,True,True,True,False,True,Bike,0,False,True,True,False,True,True,,False,True,False
8aa9a41c9f73b009019f73b7220c01d7,"PG for Anyone in W62h+4jc, Ezhil Nagar, Sholinganallur, Chennai, Tamil Nadu 600119, India",12.9000498,80.2288721,Sholinganallur,"sholinganallur, ecr link road, W62H+4JC, Ezhil Nagar, Sholinganallur, Chennai, Tamil Nadu 600119, India, W62H+4JC, Ezhil Nagar, Sholinganallur, Chennai, Tamil Nadu 600119, India, chennai",BOTH,Both,5.1,6.1,DOUBLE,7500,3000,False,True,True,True,True,True,True,False,False,True,True,True,False,True,Bike,0,False,True,True,False,True,True,,False,True,False
8aa9a41c9f73b009019f73b7220c01d7,"PG for Anyone in W62h+4jc, Ezhil Nagar, Sholinganallur, Chennai, Tamil Nadu 600119, India",12.9000498,80.2288721,Sholinganallur,"sholinganallur, ecr link road, W62H+4JC, Ezhil Nagar, Sholinganallur, Chennai, Tamil Nadu 600119, India, W62H+4JC, Ezhil Nagar, Sholinganallur, Chennai, Tamil Nadu 600119, India, chennai",BOTH,Both,5.1,6.1,THREE,6500,3000,False,True,True,True,True,True,True,False,False,True,True,True,False,True,Bike,0,True,True,True,False,True,True,,False,True,False
8aa9a41c9f73b009019f73b7220c01d7,"PG for Anyone in W62h+4jc, Ezhil Nagar, Sholinganallur, Chennai, Tamil Nadu 600119, India",12.9000498,80.2288721,Sholinganallur,"sholinganallur, ecr link road, W62H+4JC, Ezhil Nagar, Sholinganallur, Chennai, Tamil Nadu 600119, India, W62H+4JC, Ezhil Nagar, Sholinganallur, Chennai, Tamil Nadu 600119, India, chennai",BOTH,Both,5.1,6.1,FOUR,5500,3000,False,True,True,True,True,True,True,False,False,True,True,True,False,True,Bike,0,True,True,True,False,True,True,,False,True,False
8aa99d6c9c2cd3e9019c2ce6eabd06a3,PG for Anyone in Sholinganallur,12.900651047906969,80.2287919316225,Sholinganallur," Kalaignar Karunanidhi Salai near Rainbow Children's Hospital & BirthRight by Rainbow, Sholinganallur, Sholinganallur, Sholinganallur, chennai",BOTH,Both,5.1,6.1,SINGLE,10000,2000,False,True,True,True,True,,,,,,,,,,Bike,0,False,False,False,False,False,False,,False,False,False
8aa99d6c9c2cd3e9019c2ce6eabd06a3,PG for Anyone in Sholinganallur,12.900651047906969,80.2287919316225,Sholinganallur," Kalaignar Karunanidhi Salai near Rainbow Children's Hospital & BirthRight by Rainbow, Sholinganallur, Sholinganallur, Sholinganallur, chennai",BOTH,Both,5.1,6.1,DOUBLE,7000,2000,False,True,True,True,True,,,,,,,,,,Bike,0,False,False,False,False,False,False,,False,False,False
8aa99d6c9c2cd3e9019c2ce6eabd06a3,PG for Anyone in Sholinganallur,12.900651047906969,80.2287919316225,Sholinganallur," Kalaignar Karunanidhi Salai near Rainbow Children's Hospital & BirthRight by Rainbow, Sholinganallur, Sholinganallur, Sholinganallur, chennai",BOTH,Both,5.1,6.1,THREE,6500,2000,False,True,True,True,True,,,,,,,,,,Bike,0,False,False,False,False,False,False,,False,False,False
8aa99d6c9c2cd3e9019c2ce6eabd06a3,PG for Anyone in Sholinganallur,12.900651047906969,80.2287919316225,Sholinganallur," Kalaignar Karunanidhi Salai near Rainbow Children's Hospital & BirthRight by Rainbow, Sholinganallur, Sholinganallur, Sholinganallur, chennai",BOTH,Both,5.1,6.1,FOUR,6000,2000,False,True,True,True,True,,,,,,,,,,Bike,0,False,False,False,False,False,False,,False,False,False
8aa9b84e9c5b63d6019c5bc37ab326ed,PG for Boys in Karapakkam,12.921704308274734,80.24003618463702,OMR-Karappakam,"KCG College Rd near KCG College of Technology, Karapakkam, Karapakkam, chennai",MALE,Both,2.6,5.0,DOUBLE,9000,2000,False,True,True,True,True,,,,,,,,,,Bike,0,False,False,False,False,False,False,,False,False,False
8aa9b84e9c5b63d6019c5bc37ab326ed,PG for Boys in Karapakkam,12.921704308274734,80.24003618463702,OMR-Karappakam,"KCG College Rd near KCG College of Technology, Karapakkam, Karapakkam, chennai",MALE,Both,2.6,5.0,THREE,8000,2000,False,True,True,True,True,,,,,,,,,,Bike,0,False,False,False,False,False,False,,False,False,False
8aa9b84e9c5b63d6019c5bc37ab326ed,PG for Boys in Karapakkam,12.921704308274734,80.24003618463702,OMR-Karappakam,"KCG College Rd near KCG College of Technology, Karapakkam, Karapakkam, chennai",MALE,Both,2.6,5.0,FOUR,7000,2000,False,True,True,True,True,,,,,,,,,,Bike,0,False,False,False,False,False,False,,False,False,False
8aa9b8d89cb73aaf019cb75f84ff0f4b,PG for Boys in Karapakkam,12.916975,80.229304,Karapakkam,"OMR  near  Assembly of God Church Karapakkam, Karapakkam, Karapakkam, chennai",MALE,Both,8.4,8.1,FOUR,3000,2500,False,False,False,False,False,,,,,,,,,,Bike,0,False,False,False,False,False,False,,False,False,False
8aa9b0129dd7aa9a019dd80cc93333ed,PG for Boys in  Karapakkam,12.915296499999988,80.22972809999999,OMR-Karappakam,"Old Mamallapuram Road,  near City Union Bank,  Karapakkam,  Karapakkam, chennai",MALE,Both,6.1,6.2,THREE,6700,3000,False,True,True,True,True,,,,,,,,,,Bike,0,False,False,False,False,False,False,,False,False,False
ff80818166fce44e0166fdc12aa61f87,PG for Boys in Karappakam,12.913975927596537,80.23559914173347,OMR-Karappakam,"Indiranagar Near Karapakkam High School,, Karappakam, Karappakam, chennai",MALE,Both,,,DOUBLE,6000,3000,False,True,True,True,True,False,True,True,False,False,True,True,True,False,Bike and Car,11,False,False,False,False,False,False,,True,True,False
ff80818166fce44e0166fdc12aa61f87,PG for Boys in Karappakam,12.913975927596537,80.23559914173347,OMR-Karappakam,"Indiranagar Near Karapakkam High School,, Karappakam, Karappakam, chennai",MALE,Both,,,THREE,6500,3500,False,True,True,True,True,False,True,True,False,False,True,True,True,False,Bike and Car,11,False,False,False,False,False,False,,True,True,False
ff80818166fce44e0166fdc12aa61f87,PG for Boys in Karappakam,12.913975927596537,80.23559914173347,OMR-Karappakam,"Indiranagar Near Karapakkam High School,, Karappakam, Karappakam, chennai",MALE,Both,,,FOUR,6000,3000,True,True,True,True,True,False,True,True,False,False,True,True,True,False,Bike and Car,11,False,True,False,True,True,True,,True,True,False
8aa9d48d9e10cdd1019e1102f57018bb,PG for Boys in Karapakkam,12.911303663702526,80.22928458564786,OMR-Karappakam,"Karapakkam near chennai mobiles, Karapakkam, Karapakkam, chennai",MALE,Both,6.1,6.2,DOUBLE,0,0,False,True,True,True,True,,,,,,,,,,Bike,0,False,False,False,False,False,False,,False,False,False
8aa9d48d9e10cdd1019e1102f57018bb,PG for Boys in Karapakkam,12.911303663702526,80.22928458564786,OMR-Karappakam,"Karapakkam near chennai mobiles, Karapakkam, Karapakkam, chennai",MALE,Both,6.1,6.2,THREE,6500,3000,False,True,True,True,True,,,,,,,,,,Bike,0,False,False,False,False,False,False,,False,False,False
8a9f8b43920316590192032418eb014f,PG for Boys in Sholinganallur,12.902387195325087,80.21858798146954,Sholinganallur,"Elcot Sez, near ELCOT IT PARK, Sholinganallur, Chennai, Sholinganallur, Sholinganallur, chennai",MALE,Both,,,THREE,8000,5000,True,True,True,True,True,True,True,False,False,True,False,True,True,False,Bike,13,True,True,False,True,True,True,11:30 AM,True,False,False
ff8081815efff8db015f00eb7bdc777d,PG for Boys in Sholinganallur,12.905662,80.232964,Sholinganallur,"Anna St Near Selva Super Market, Sholinganallur, Sholinganallur, chennai",MALE,Both,,,SINGLE,8000,5000,False,True,True,True,True,False,False,False,False,False,False,False,False,False,Bike and Car,102,False,False,False,False,False,False,,False,True,False
ff8081815efff8db015f00eb7bdc777d,PG for Boys in Sholinganallur,12.905662,80.232964,Sholinganallur,"Anna St Near Selva Super Market, Sholinganallur, Sholinganallur, chennai",MALE,Both,,,DOUBLE,12000,5000,False,True,True,True,True,False,False,False,False,False,False,False,False,False,Bike and Car,102,True,False,False,False,False,False,,False,True,False
ff8081815efff8db015f00eb7bdc777d,PG for Boys in Sholinganallur,12.905662,80.232964,Sholinganallur,"Anna St Near Selva Super Market, Sholinganallur, Sholinganallur, chennai",MALE,Both,,,THREE,9000,5000,False,True,True,True,True,False,False,False,False,False,False,False,False,False,Bike and Car,102,True,False,False,False,False,False,,False,True,False
ff8081815efff8db015f00eb7bdc777d,PG for Boys in Sholinganallur,12.905662,80.232964,Sholinganallur,"Anna St Near Selva Super Market, Sholinganallur, Sholinganallur, chennai",MALE,Both,,,FOUR,7500,5000,False,True,True,True,True,False,False,False,False,False,False,False,False,False,Bike and Car,102,True,False,False,False,False,False,,False,True,False
8a9f8d8894ef4b300194ef850a3215c2,PG for Boys in Sholinganallur,12.885097037942366,80.22632463739967,OMR-Sholinganallur,"Ponniamman Kovil  near  ,2nd street , sugam hospital  Sathi Vinayagar temple, Sholinganallur, Sholinganallur, chennai",MALE,Both,,,SINGLE,12000,3000,False,True,True,True,True,True,True,False,False,True,True,False,False,True,Bike,11,True,True,False,True,True,True,,False,False,False
8a9f8d8894ef4b300194ef850a3215c2,PG for Boys in Sholinganallur,12.885097037942366,80.22632463739967,OMR-Sholinganallur,"Ponniamman Kovil  near  ,2nd street , sugam hospital  Sathi Vinayagar temple, Sholinganallur, Sholinganallur, chennai",MALE,Both,,,DOUBLE,9500,3000,False,True,True,True,True,True,True,False,False,True,True,False,False,True,Bike,11,True,True,False,True,True,True,,False,False,False
8a9f8d8894ef4b300194ef850a3215c2,PG for Boys in Sholinganallur,12.885097037942366,80.22632463739967,OMR-Sholinganallur,"Ponniamman Kovil  near  ,2nd street , sugam hospital  Sathi Vinayagar temple, Sholinganallur, Sholinganallur, chennai",MALE,Both,,,THREE,7300,3000,True,True,True,True,True,True,True,False,False,True,True,False,False,True,Bike,11,True,True,False,True,True,True,,False,False,False
8a9f8d8894ef4b300194ef850a3215c2,PG for Boys in Sholinganallur,12.885097037942366,80.22632463739967,OMR-Sholinganallur,"Ponniamman Kovil  near  ,2nd street , sugam hospital  Sathi Vinayagar temple, Sholinganallur, Sholinganallur, chennai",MALE,Both,,,FOUR,5500,3000,False,True,True,True,True,True,True,False,False,True,True,False,False,True,Bike,11,True,True,False,True,True,True,,False,False,False
8a9f91838bc9089a018bc9554bf62ca0,PG for Boys in Sholinganallur,12.88482518187663,80.22863733980601,OMR-Sholinganallur,"Ponniamman Koil 1st St, near Pillayar Koil, Sholinganallur, Sholinganallur, chennai",MALE,Both,,,DOUBLE,4500,5500,True,False,False,False,False,False,True,False,False,False,False,True,True,True,Bike,2,False,False,False,False,True,True,,True,True,False
8a9f91838bc9089a018bc9554bf62ca0,PG for Boys in Sholinganallur,12.88482518187663,80.22863733980601,OMR-Sholinganallur,"Ponniamman Koil 1st St, near Pillayar Koil, Sholinganallur, Sholinganallur, chennai",MALE,Both,,,THREE,5000,5000,False,False,False,False,False,False,True,False,False,False,False,True,True,True,Bike,2,False,False,False,False,False,False,,True,True,False
8a9f8f0393b8d2ab0193b8df7b3f0154,PG for Boys in Sholinganallur,12.88367359520976,80.2285516,OMR-Sholinganallur,"Rajiv Gandhi Salai,Near HMPA CHURCH, Sholinganallur, Sholinganallur, chennai",MALE,Both,,,SINGLE,9000,3000,True,True,True,True,True,True,True,False,True,True,True,False,False,True,Bike,24,False,True,True,True,True,True,,True,True,True
8a9f8f0393b8d2ab0193b8df7b3f0154,PG for Boys in Sholinganallur,12.88367359520976,80.2285516,OMR-Sholinganallur,"Rajiv Gandhi Salai,Near HMPA CHURCH, Sholinganallur, Sholinganallur, chennai",MALE,Both,,,DOUBLE,7000,3000,True,True,True,True,True,True,True,False,True,True,True,False,False,True,Bike,24,False,True,True,True,True,True,,True,True,True
8a9f8f0393b8d2ab0193b8df7b3f0154,PG for Boys in Sholinganallur,12.88367359520976,80.2285516,OMR-Sholinganallur,"Rajiv Gandhi Salai,Near HMPA CHURCH, Sholinganallur, Sholinganallur, chennai",MALE,Both,,,THREE,7000,7000,True,True,True,True,True,True,True,False,True,True,True,False,False,True,Bike,24,False,True,True,True,True,True,,True,True,True
8a9f8f0393b8d2ab0193b8df7b3f0154,PG for Boys in Sholinganallur,12.88367359520976,80.2285516,OMR-Sholinganallur,"Rajiv Gandhi Salai,Near HMPA CHURCH, Sholinganallur, Sholinganallur, chennai",MALE,Both,,,FOUR,6000,3000,True,True,True,True,True,True,True,False,True,True,True,False,False,True,Bike,24,False,True,True,True,True,True,,True,True,True
ff8081816b0c84f1016b0caad013226c,"PG for Girls in Old Mahabalipuram Road, ",12.913773966500246,80.22976532578468,OMR-Karappakam,"Anna St, Near  Karapakkam Sivan Temple, Old Mahabalipuram Road, , Old Mahabalipuram Road, , chennai",FEMALE,Both,,,SINGLE,8000,3000,True,True,True,True,True,True,True,False,False,True,True,True,True,True,Bike,205,True,True,True,True,True,True,,True,True,False
ff8081816b0c84f1016b0caad013226c,"PG for Girls in Old Mahabalipuram Road, ",12.913773966500246,80.22976532578468,OMR-Karappakam,"Anna St, Near  Karapakkam Sivan Temple, Old Mahabalipuram Road, , Old Mahabalipuram Road, , chennai",FEMALE,Both,,,DOUBLE,7000,3000,True,True,True,True,True,True,True,False,False,True,True,True,True,True,Bike,205,True,True,True,True,True,True,,True,True,False
ff8081816b0c84f1016b0caad013226c,"PG for Girls in Old Mahabalipuram Road, ",12.913773966500246,80.22976532578468,OMR-Karappakam,"Anna St, Near  Karapakkam Sivan Temple, Old Mahabalipuram Road, , Old Mahabalipuram Road, , chennai",FEMALE,Both,,,THREE,6000,3000,True,True,True,True,True,True,True,False,False,True,True,True,True,True,Bike,205,True,True,True,True,True,True,,True,True,False
ff8081816b0c84f1016b0caad013226c,"PG for Girls in Old Mahabalipuram Road, ",12.913773966500246,80.22976532578468,OMR-Karappakam,"Anna St, Near  Karapakkam Sivan Temple, Old Mahabalipuram Road, , Old Mahabalipuram Road, , chennai",FEMALE,Both,,,FOUR,5000,3000,True,True,True,True,True,True,True,False,False,True,True,True,True,True,Bike,205,True,True,True,True,True,True,,True,True,False
ff80818167f47c5a0167f4b9b2582457,"PG for Girls in Mig-2, Tnhb Main Rd, Tnhb, Sholinganallur, Chennai, Tamil Nadu 600119, India",12.89695973894688,80.23537784814835,OMR-Sholinganallur,"tnhb 1500 sholinganallur, MIG-2, TNHB Main Rd, TNHB, Sholinganallur, Chennai, Tamil Nadu 600119, India, MIG-2, TNHB Main Rd, TNHB, Sholinganallur, Chennai, Tamil Nadu 600119, India, chennai",FEMALE,Working Professional,,,DOUBLE,10000,30000,False,False,False,False,False,False,True,True,True,True,True,True,True,False,Car,5,True,True,True,True,True,True,,True,True,False
ff80818167f47c5a0167f4b9b2582457,"PG for Girls in Mig-2, Tnhb Main Rd, Tnhb, Sholinganallur, Chennai, Tamil Nadu 600119, India",12.89695973894688,80.23537784814835,OMR-Sholinganallur,"tnhb 1500 sholinganallur, MIG-2, TNHB Main Rd, TNHB, Sholinganallur, Chennai, Tamil Nadu 600119, India, MIG-2, TNHB Main Rd, TNHB, Sholinganallur, Chennai, Tamil Nadu 600119, India, chennai",FEMALE,Working Professional,,,FOUR,0,0,False,False,False,False,False,False,True,True,True,True,True,True,True,False,Car,5,,,,,,,,True,True,False
8a9f948497ab0cac0197ab4eface23d3,"PG for Girls in 39, Rajiv Gandhi Salai, Ezhil Nagar, Omr, Sholinganallur, Chennai, Tamil Nadu 600119, India",12.899284385500332,80.22851139307022,Sholinganallur,"Rajiv Gandhi Salai near Sri Lakshmi Jewellers, 39, Rajiv Gandhi Salai, Ezhil Nagar, OMR, Sholinganallur, Chennai, Tamil Nadu 600119, India, 39, Rajiv Gandhi Salai, Ezhil Nagar, OMR, Sholinganallur, Chennai, Tamil Nadu 600119, India, chennai",FEMALE,Both,6.2,6.2,SINGLE,6500,3000,False,True,True,True,True,True,True,True,False,True,False,True,True,True,Bike,4,False,False,False,False,False,False,11:00 PM,True,False,False
8a9f948497ab0cac0197ab4eface23d3,"PG for Girls in 39, Rajiv Gandhi Salai, Ezhil Nagar, Omr, Sholinganallur, Chennai, Tamil Nadu 600119, India",12.899284385500332,80.22851139307022,Sholinganallur,"Rajiv Gandhi Salai near Sri Lakshmi Jewellers, 39, Rajiv Gandhi Salai, Ezhil Nagar, OMR, Sholinganallur, Chennai, Tamil Nadu 600119, India, 39, Rajiv Gandhi Salai, Ezhil Nagar, OMR, Sholinganallur, Chennai, Tamil Nadu 600119, India, chennai",FEMALE,Both,6.2,6.2,DOUBLE,7000,3000,False,True,True,True,True,True,True,True,False,True,False,True,True,True,Bike,4,False,False,False,False,False,False,11:00 PM,True,False,False
8a9f948497ab0cac0197ab4eface23d3,"PG for Girls in 39, Rajiv Gandhi Salai, Ezhil Nagar, Omr, Sholinganallur, Chennai, Tamil Nadu 600119, India",12.899284385500332,80.22851139307022,Sholinganallur,"Rajiv Gandhi Salai near Sri Lakshmi Jewellers, 39, Rajiv Gandhi Salai, Ezhil Nagar, OMR, Sholinganallur, Chennai, Tamil Nadu 600119, India, 39, Rajiv Gandhi Salai, Ezhil Nagar, OMR, Sholinganallur, Chennai, Tamil Nadu 600119, India, chennai",FEMALE,Both,6.2,6.2,THREE,7000,3000,False,True,True,True,True,True,True,True,False,True,False,True,True,True,Bike,4,False,False,False,False,False,False,11:00 PM,True,False,False
8a9f948497ab0cac0197ab4eface23d3,"PG for Girls in 39, Rajiv Gandhi Salai, Ezhil Nagar, Omr, Sholinganallur, Chennai, Tamil Nadu 600119, India",12.899284385500332,80.22851139307022,Sholinganallur,"Rajiv Gandhi Salai near Sri Lakshmi Jewellers, 39, Rajiv Gandhi Salai, Ezhil Nagar, OMR, Sholinganallur, Chennai, Tamil Nadu 600119, India, 39, Rajiv Gandhi Salai, Ezhil Nagar, OMR, Sholinganallur, Chennai, Tamil Nadu 600119, India, chennai",FEMALE,Both,6.2,6.2,FOUR,5500,3000,True,True,True,True,True,True,True,True,False,True,False,True,True,True,Bike,4,True,True,False,True,True,True,11:00 PM,True,False,False
8a9fbb83811a374401811a4a46f70971,PG for Girls in Karapakkam,12.915931744630013,80.22926324559758,OMR-Karappakam,"Rajiv Gandhi Salai,Near GRT Jewellers, Karapakkam, Karapakkam, chennai",FEMALE,Both,,,SINGLE,20000,10000,False,True,True,True,True,False,False,True,False,False,False,True,True,False,Bike,0,False,False,False,False,False,False,,True,False,False
8a9fbb83811a374401811a4a46f70971,PG for Girls in Karapakkam,12.915931744630013,80.22926324559758,OMR-Karappakam,"Rajiv Gandhi Salai,Near GRT Jewellers, Karapakkam, Karapakkam, chennai",FEMALE,Both,,,DOUBLE,13000,13000,False,True,True,True,True,False,False,True,False,False,False,True,True,False,Bike,0,False,False,False,False,False,False,,True,False,False
8a9fbb83811a374401811a4a46f70971,PG for Girls in Karapakkam,12.915931744630013,80.22926324559758,OMR-Karappakam,"Rajiv Gandhi Salai,Near GRT Jewellers, Karapakkam, Karapakkam, chennai",FEMALE,Both,,,THREE,10000,5000,False,True,True,True,True,False,False,True,False,False,False,True,True,False,Bike,0,False,False,False,False,False,False,,True,False,False
8a9fbb83811a374401811a4a46f70971,PG for Girls in Karapakkam,12.915931744630013,80.22926324559758,OMR-Karappakam,"Rajiv Gandhi Salai,Near GRT Jewellers, Karapakkam, Karapakkam, chennai",FEMALE,Both,,,FOUR,8000,5000,False,True,True,True,True,False,False,True,False,False,False,True,True,False,Bike,0,False,False,False,False,False,False,,True,False,False
8aa9ae1a9f40ced1019f4105995b2102,PG for Girls in Sholinganallur,12.910725,80.231203,OMR-Karappakam,"Avvaiyar st Near Sri Krishna Men's PG/Hostel, Sholinganallur, Sholinganallur, chennai",FEMALE,Both,5.1,8.5,DOUBLE,8500,8500,False,True,True,True,True,True,True,True,False,True,True,True,True,False,Bike,0,False,False,False,False,False,False,,False,False,False
8a9f92438cd389eb018cd40846b9580e,PG for Girls in Karapakkam,12.913894,80.229662,OMR-Karappakam,"Rajiv Gandhi Salai near to  Sri Bhaktha Anjaneyar swamy Temple, Karapakkam, Karapakkam, chennai",FEMALE,Both,6.7,6.3,DOUBLE,0,0,False,True,True,True,True,,,,,,,,,,Bike,0,False,False,False,False,False,False,,False,False,False
8a9f92438cd389eb018cd40846b9580e,PG for Girls in Karapakkam,12.913894,80.229662,OMR-Karappakam,"Rajiv Gandhi Salai near to  Sri Bhaktha Anjaneyar swamy Temple, Karapakkam, Karapakkam, chennai",FEMALE,Both,6.7,6.3,THREE,6500,2000,False,True,True,True,True,,,,,,,,,,Bike,0,False,False,False,False,False,False,,False,False,False
8a9f92438cd389eb018cd40846b9580e,PG for Girls in Karapakkam,12.913894,80.229662,OMR-Karappakam,"Rajiv Gandhi Salai near to  Sri Bhaktha Anjaneyar swamy Temple, Karapakkam, Karapakkam, chennai",FEMALE,Both,6.7,6.3,FOUR,6000,2000,False,True,True,True,True,,,,,,,,,,Bike,0,False,False,False,False,False,False,,False,False,False
8a9fac839a4360fc019a4397f0661bde,PG for Girls in Karapakkam,12.912171144871971,80.23093878437906,OMR-Karappakam," Veerapandiya Kattaboman St, near Padma ladies pg, Karapakkam, Karapakkam, chennai",FEMALE,Both,6.2,6.3,THREE,7000,3000,False,True,True,True,True,,,,,,,,,,Bike,0,False,False,False,False,False,False,,False,False,False
8a9fac839a4360fc019a4397f0661bde,PG for Girls in Karapakkam,12.912171144871971,80.23093878437906,OMR-Karappakam," Veerapandiya Kattaboman St, near Padma ladies pg, Karapakkam, Karapakkam, chennai",FEMALE,Both,6.2,6.3,FOUR,6500,3000,False,True,True,True,True,,,,,,,,,,Bike,0,False,False,False,False,False,False,,False,False,False
8a9fb08595c0fb190195c10aa71b028f,PG for Girls in Sholinganallur,12.9088139,80.2309932,OMR-Karappakam,"Nehru Main Road near JAGANNATH VIDYALAYA MATRICULATION HR SEC SCHOOL, Sholinganallur, Sholinganallur, chennai",FEMALE,Both,5.8,6.3,DOUBLE,8000,3000,False,True,True,True,True,,,,,,,,,,Bike,0,True,False,False,False,False,False,,False,False,False
8a9fb08595c0fb190195c10aa71b028f,PG for Girls in Sholinganallur,12.9088139,80.2309932,OMR-Karappakam,"Nehru Main Road near JAGANNATH VIDYALAYA MATRICULATION HR SEC SCHOOL, Sholinganallur, Sholinganallur, chennai",FEMALE,Both,5.8,6.3,THREE,7500,3000,False,True,True,True,True,,,,,,,,,,Bike,0,False,False,False,False,False,False,,False,False,False
8a9fb08595c0fb190195c10aa71b028f,PG for Girls in Sholinganallur,12.9088139,80.2309932,OMR-Karappakam,"Nehru Main Road near JAGANNATH VIDYALAYA MATRICULATION HR SEC SCHOOL, Sholinganallur, Sholinganallur, chennai",FEMALE,Both,5.8,6.3,FOUR,7000,3000,False,True,True,True,True,,,,,,,,,,Bike,0,True,False,False,False,False,False,,False,False,False
8a9f93517430318a0174333d03800f10,PG for Girls in Sholinganallur,12.909549615747915,80.2294317460327,OMR-Karappakam,"Sholinganallur  Near Saravana Stores The Crown Mall, Sholinganallur, Sholinganallur, chennai",FEMALE,Both,,,SINGLE,15000,15000,False,True,True,True,True,,,,,,,,,,Bike,0,False,False,False,False,False,False,,False,False,False
8a9f93517430318a0174333d03800f10,PG for Girls in Sholinganallur,12.909549615747915,80.2294317460327,OMR-Karappakam,"Sholinganallur  Near Saravana Stores The Crown Mall, Sholinganallur, Sholinganallur, chennai",FEMALE,Both,,,DOUBLE,9500,9500,False,True,True,True,True,,,,,,,,,,Bike,0,False,False,False,False,False,False,,False,False,False
8a9f93517430318a0174333d03800f10,PG for Girls in Sholinganallur,12.909549615747915,80.2294317460327,OMR-Karappakam,"Sholinganallur  Near Saravana Stores The Crown Mall, Sholinganallur, Sholinganallur, chennai",FEMALE,Both,,,THREE,8500,8500,False,True,True,True,True,,,,,,,,,,Bike,0,True,False,False,False,False,False,,False,False,False
8a9f93517430318a0174333d03800f10,PG for Girls in Sholinganallur,12.909549615747915,80.2294317460327,OMR-Karappakam,"Sholinganallur  Near Saravana Stores The Crown Mall, Sholinganallur, Sholinganallur, chennai",FEMALE,Both,,,FOUR,8000,8000,False,True,True,True,True,,,,,,,,,,Bike,0,False,False,True,False,False,False,,False,False,False
8a9fbb83961da77101961e0cb7ad1a74,PG for Girls in Karapakkam,12.915901630173757,80.22926756494373,OMR-Karappakam,"Rajiv Gandhi Salai near GRT Jewellers, Karapakkam, OMR, Karapakkam, Karapakkam, chennai",FEMALE,Both,6.4,5.8,DOUBLE,8000,5000,False,True,True,True,True,,,,,,,,,,Bike,0,False,False,False,False,False,False,,False,False,False
8a9fbb83961da77101961e0cb7ad1a74,PG for Girls in Karapakkam,12.915901630173757,80.22926756494373,OMR-Karappakam,"Rajiv Gandhi Salai near GRT Jewellers, Karapakkam, OMR, Karapakkam, Karapakkam, chennai",FEMALE,Both,6.4,5.8,THREE,7500,5000,False,True,True,True,True,,,,,,,,,,Bike,0,False,False,False,False,False,False,,False,False,False
8a9fbb83961da77101961e0cb7ad1a74,PG for Girls in Karapakkam,12.915901630173757,80.22926756494373,OMR-Karappakam,"Rajiv Gandhi Salai near GRT Jewellers, Karapakkam, OMR, Karapakkam, Karapakkam, chennai",FEMALE,Both,6.4,5.8,FOUR,6000,5000,False,True,True,True,True,,,,,,,,,,Bike,0,False,False,False,False,False,False,,False,False,False
8aa9af659d0068f5019d00c0feeb2440,PG for Girls in Karapakkam,12.910895993679848,80.23188657249145,OMR-Karappakam,"Sadagopan St near to Park, Karapakkam, Karapakkam, Karapakkam, chennai",FEMALE,Working Professional,5.9,6.0,THREE,8500,3000,False,True,True,True,True,,,,,,,,,,Bike,0,False,False,False,False,False,False,,False,False,False
8aa9af659d0068f5019d00c0feeb2440,PG for Girls in Karapakkam,12.910895993679848,80.23188657249145,OMR-Karappakam,"Sadagopan St near to Park, Karapakkam, Karapakkam, Karapakkam, chennai",FEMALE,Working Professional,5.9,6.0,FOUR,8000,3000,False,True,True,True,True,,,,,,,,,,Bike,0,False,False,False,False,False,False,,False,False,False
8aa9b6ce9d61dd6a019d61e6854f02e6,PG for Girls in Karapakkam,12.915957341405909,80.22927857030032,OMR-Karappakam,"OMR near GRT Jewellers - OMR, Karapakkam, Karapakkam, Karapakkam, chennai",FEMALE,Both,,,THREE,8000,3000,False,True,True,True,True,,,,,,,,,,Bike,0,False,False,False,False,False,False,,False,False,False
8aa9b6ce9d61dd6a019d61e6854f02e6,PG for Girls in Karapakkam,12.915957341405909,80.22927857030032,OMR-Karappakam,"OMR near GRT Jewellers - OMR, Karapakkam, Karapakkam, Karapakkam, chennai",FEMALE,Both,,,FOUR,7500,3000,False,True,True,True,True,,,,,,,,,,Bike,0,False,False,False,False,False,False,,False,False,False
8a9f85038ca5489c018ca57e395e254d,PG for Girls in Karapakkam,12.91591931008185,80.22927322279655,OMR-Karappakam,"Muthamizh Nagar, near GRT Jewellers, Karapakkam, OMR, Karapakkam, Karapakkam, chennai",FEMALE,Both,,,DOUBLE,13000,5000,False,True,True,True,True,,,,,,,,,,Bike,0,False,False,False,False,False,False,,False,False,False
8a9f85038ca5489c018ca57e395e254d,PG for Girls in Karapakkam,12.91591931008185,80.22927322279655,OMR-Karappakam,"Muthamizh Nagar, near GRT Jewellers, Karapakkam, OMR, Karapakkam, Karapakkam, chennai",FEMALE,Both,,,THREE,9500,5000,False,True,True,True,True,,,,,,,,,,Bike,0,False,False,False,False,False,False,,False,False,False
8a9f85038ca5489c018ca57e395e254d,PG for Girls in Karapakkam,12.91591931008185,80.22927322279655,OMR-Karappakam,"Muthamizh Nagar, near GRT Jewellers, Karapakkam, OMR, Karapakkam, Karapakkam, chennai",FEMALE,Both,,,FOUR,7800,5000,False,True,True,True,True,,,,,,,,,,Bike,0,False,False,False,False,False,False,,False,False,False
8aa9d3129de79b1c019de7b14f490939,PG for Girls in Sholinganallur,12.908454939419196,80.23031491660234,OMR-Karappakam,", Laxmi Nagar Extension near SAS WOMEN'S HOSTEL, Sholinganallur, Sholinganallur, chennai",FEMALE,Both,,,THREE,6000,3000,False,True,True,True,True,,,,,,,,,,Bike,0,False,False,False,False,False,False,,False,False,False
8aa997389ff92ed0019ff9c5db9363a4,PG for Girls in Karapakkam,12.911081445771226,80.22949405987,OMR-Karappakam," avvaiyar strret thangabalu engeneering sree geetha ladies pg, karapakkam, karapakkam, chennai",FEMALE,Both,6.0,6.3,THREE,0,0,False,True,True,True,True,,,,,,,,,,Bike,0,False,False,False,False,False,False,,True,True,False
8aa997389ff92ed0019ff9c5db9363a4,PG for Girls in Karapakkam,12.911081445771226,80.22949405987,OMR-Karappakam," avvaiyar strret thangabalu engeneering sree geetha ladies pg, karapakkam, karapakkam, chennai",FEMALE,Both,6.0,6.3,FOUR,6000,6000,False,True,True,True,True,,,,,,,,,,Bike,0,False,False,False,False,False,False,,True,True,False
8aa9ab179f75a570019f7627389935a3,"PG for Girls in Navarathana Apartment, River View Residency 2nd St, Karapakkam, Chennai, Tamil Nadu 600097, India",12.918476845696235,80.22742476314306,Karapakkam,"svs ladies hostel . 8 , Navarathana Apartment, River View Residency 2nd St, Karapakkam, Chennai, Tamil Nadu 600097, India, Navarathana Apartment, River View Residency 2nd St, Karapakkam, Chennai, Tamil Nadu 600097, India, chennai",FEMALE,Both,6.9,8.1,SINGLE,15000,10000,False,False,False,False,False,False,True,True,False,True,True,True,False,True,Car,0,True,True,True,False,True,True,,True,False,False
8aa9ab179f75a570019f7627389935a3,"PG for Girls in Navarathana Apartment, River View Residency 2nd St, Karapakkam, Chennai, Tamil Nadu 600097, India",12.918476845696235,80.22742476314306,Karapakkam,"svs ladies hostel . 8 , Navarathana Apartment, River View Residency 2nd St, Karapakkam, Chennai, Tamil Nadu 600097, India, Navarathana Apartment, River View Residency 2nd St, Karapakkam, Chennai, Tamil Nadu 600097, India, chennai",FEMALE,Both,6.9,8.1,DOUBLE,8500,10000,False,False,False,False,False,False,True,True,False,True,True,True,False,True,Car,0,True,True,True,False,True,True,,True,False,False
8aa9ab179f75a570019f7627389935a3,"PG for Girls in Navarathana Apartment, River View Residency 2nd St, Karapakkam, Chennai, Tamil Nadu 600097, India",12.918476845696235,80.22742476314306,Karapakkam,"svs ladies hostel . 8 , Navarathana Apartment, River View Residency 2nd St, Karapakkam, Chennai, Tamil Nadu 600097, India, Navarathana Apartment, River View Residency 2nd St, Karapakkam, Chennai, Tamil Nadu 600097, India, chennai",FEMALE,Both,6.9,8.1,THREE,8000,10000,False,False,False,False,False,False,True,True,False,True,True,True,False,True,Car,0,True,True,True,False,True,True,,True,False,False
ff80818160204e9b016020fcf61d62f3,PG for Girls in Karappakam,12.911119,80.229148,OMR-Karappakam,"Old Mahabalipuram Rd,  Near The Chennai Mobiles, Karappakam, Karappakam, chennai",FEMALE,Both,,,DOUBLE,13500,13500,False,True,True,True,True,True,False,False,False,False,True,True,False,True,Bike,47,True,False,False,False,False,False,,True,True,False
ff8081816d29d362016d2b09daf42db0,PG for Girls in Karappakam,12.915899884798216,80.22935096504703,OMR-Karappakam,"Old Mahabalipuram Rd, , GRT Jewellers back side6th street river view ias colony , Karappakam, Karappakam, chennai",FEMALE,Working Professional,,,THREE,8000,5000,False,True,True,True,True,,,,,,,,,,Bike and Car,0,True,False,False,False,False,False,,False,False,False
ff8081816d29d362016d2b09daf42db0,PG for Girls in Karappakam,12.915899884798216,80.22935096504703,OMR-Karappakam,"Old Mahabalipuram Rd, , GRT Jewellers back side6th street river view ias colony , Karappakam, Karappakam, chennai",FEMALE,Working Professional,,,FOUR,8000,3000,False,True,True,True,True,,,,,,,,,,Bike and Car,0,True,False,False,False,False,False,,False,False,False
8aa9c0479b34fd53019b356f414930ab,PG for Girls in Karapakkam,12.913109403097524,80.22995826027403,OMR-Karappakam," Dr MGR St near Masjidul Anwaar, Karapakkam, Karapakkam, chennai",FEMALE,Both,6.3,6.3,THREE,7000,2000,False,True,True,True,True,,,,,,,,,,Bike,0,True,False,False,False,False,False,,False,False,False
8a9f8a848d5ae245018d5e54feac315a,PG for Girls in Karapakkam,12.915344,80.229809,OMR-Karappakam,"Old Mahabalipuram Rd Near Arvind Theatre, Karapakkam, Karapakkam, chennai",FEMALE,Both,,,DOUBLE,8500,2000,False,True,True,True,True,,,,,,,,,,Bike,0,False,False,False,False,False,False,,False,False,False
8a9f8a848d5ae245018d5e54feac315a,PG for Girls in Karapakkam,12.915344,80.229809,OMR-Karappakam,"Old Mahabalipuram Rd Near Arvind Theatre, Karapakkam, Karapakkam, chennai",FEMALE,Both,,,THREE,7000,3000,False,True,True,True,True,,,,,,,,,,Bike,0,False,False,False,False,False,False,,False,False,False
8a9f8a848d5ae245018d5e54feac315a,PG for Girls in Karapakkam,12.915344,80.229809,OMR-Karappakam,"Old Mahabalipuram Rd Near Arvind Theatre, Karapakkam, Karapakkam, chennai",FEMALE,Both,,,FOUR,6000,2000,False,True,True,True,True,,,,,,,,,,Bike,0,True,False,False,False,False,False,,False,False,False
8a9fac8497c382dd0197c4549ffe2232,PG for Girls in Karapakkam,12.912955164700385,80.2310902049282,OMR-Karappakam,"Jayam ladies hostel Anna St Karapakkam, Karapakkam, Karapakkam, chennai",FEMALE,Both,6.8,7.8,THREE,6500,3000,False,True,True,True,True,,,,,,,,,,Bike,0,False,False,False,False,False,False,,False,False,False
8a9fac8497c382dd0197c4549ffe2232,PG for Girls in Karapakkam,12.912955164700385,80.2310902049282,OMR-Karappakam,"Jayam ladies hostel Anna St Karapakkam, Karapakkam, Karapakkam, chennai",FEMALE,Both,6.8,7.8,FOUR,6000,3000,False,True,True,True,True,,,,,,,,,,Bike,0,False,False,False,False,False,False,,False,False,False
8a9f8a03915e4a5901915eade1bd1c93,PG for Girls in Karapakkam,12.91281215458531,80.22894430579365,OMR-Karappakam," Rajiv Gandhi Salai  near   Madras Machan's , Karapakkam, Karapakkam, chennai",FEMALE,Both,,,,,,,True,True,True,True,,,,,,,,,,Bike,0,,,,,,,,False,False,False
8aa9a3f69fabef54019fac71a17c4a85,PG for Girls in Karappakam,12.913022028753335,80.22936060000012,OMR-Karappakam,"mgr street Near   Madurai Sri Vaigai Hotel, Karappakam, Karappakam, chennai",FEMALE,Both,5.7,6.2,DOUBLE,5500,2000,False,True,True,True,True,,,,,,,,,,Bike,0,False,False,False,False,False,False,,False,False,False
8aa9b33a9f9ed862019fa1a6405c283b,PG for Girls in Karapakkam,12.916008025648287,80.23098159803789,OMR-Karappakam," Indira Gandhi St near Garuda Women's PG, Karapakkam, Karapakkam, chennai",FEMALE,Both,5.6,6.3,DOUBLE,9000,3000,False,True,False,False,False,,,,,,,,,,Bike,0,False,False,False,False,False,False,,False,False,False
8aa9b33a9f9ed862019fa1a6405c283b,PG for Girls in Karapakkam,12.916008025648287,80.23098159803789,OMR-Karappakam," Indira Gandhi St near Garuda Women's PG, Karapakkam, Karapakkam, chennai",FEMALE,Both,5.6,6.3,THREE,8000,3000,False,True,False,False,False,,,,,,,,,,Bike,0,False,False,False,False,False,False,,False,False,False
8aa9b6ef9fa1a228019fa23260a05b5e,PG for Girls in Karapakkam,12.91037765478541,80.2310635025162,OMR-Karappakam,", Avvaiyar St,  near   Kiddie zone, Karapakkam, Karapakkam, chennai",FEMALE,Both,,,SINGLE,4500,5000,False,False,False,False,False,,,,,,,,,,Bike,0,False,False,False,False,False,False,,False,False,False
8aa9b6ef9fa1a228019fa23260a05b5e,PG for Girls in Karapakkam,12.91037765478541,80.2310635025162,OMR-Karappakam,", Avvaiyar St,  near   Kiddie zone, Karapakkam, Karapakkam, chennai",FEMALE,Both,,,DOUBLE,4500,5000,False,False,False,False,False,,,,,,,,,,Bike,0,False,False,False,False,False,False,,False,False,False
8aa9b6ef9fa1a228019fa23260a05b5e,PG for Girls in Karapakkam,12.91037765478541,80.2310635025162,OMR-Karappakam,", Avvaiyar St,  near   Kiddie zone, Karapakkam, Karapakkam, chennai",FEMALE,Both,,,THREE,4500,5000,False,False,False,False,False,,,,,,,,,,Bike,0,False,False,False,False,False,False,,False,False,False
8a9f934390a1775d0190a195e8530c38,PG for Girls in Karapakkam,12.912938932027554,80.23109366256561,OMR-Karappakam,"Anna St near Jayam ladies hostel, Karapakkam, Karapakkam, chennai",FEMALE,Both,,,FOUR,7000,3000,False,True,True,True,True,,,,,,,,,,Bike,0,True,False,False,False,False,False,,False,False,False
8a9f934390a1775d0190a195e8530c38,PG for Girls in Karapakkam,12.912938932027554,80.23109366256561,OMR-Karappakam,"Anna St near Jayam ladies hostel, Karapakkam, Karapakkam, chennai",FEMALE,Both,,,FOUR,7000,3000,False,True,True,True,True,,,,,,,,,,Bike,0,True,False,False,False,False,False,,False,False,False
8aa9aee79c2bc114019c2c0ee193143e,PG for Girls in Karapakkam,12.915933554954488,80.231576794207,OMR-Karappakam,"Indira Gandhi St,  near S.J.SRI.LADIES PG, Karapakkam, Karapakkam, chennai",FEMALE,Both,5.6,6.3,SINGLE,8500,2000,False,True,True,True,True,True,True,False,False,True,False,True,True,True,None,2,False,False,False,False,False,False,,False,False,False
8aa9aee79c2bc114019c2c0ee193143e,PG for Girls in Karapakkam,12.915933554954488,80.231576794207,OMR-Karappakam,"Indira Gandhi St,  near S.J.SRI.LADIES PG, Karapakkam, Karapakkam, chennai",FEMALE,Both,5.6,6.3,DOUBLE,8000,2000,True,True,True,True,True,True,True,False,False,True,False,True,True,True,None,2,True,False,False,False,False,True,,False,False,False
8aa9aee79c2bc114019c2c0ee193143e,PG for Girls in Karapakkam,12.915933554954488,80.231576794207,OMR-Karappakam,"Indira Gandhi St,  near S.J.SRI.LADIES PG, Karapakkam, Karapakkam, chennai",FEMALE,Both,5.6,6.3,THREE,7000,2500,False,True,True,True,True,True,True,False,False,True,False,True,True,True,None,2,False,False,False,False,False,False,,False,False,False
8aa9aee79c2bc114019c2c0ee193143e,PG for Girls in Karapakkam,12.915933554954488,80.231576794207,OMR-Karappakam,"Indira Gandhi St,  near S.J.SRI.LADIES PG, Karapakkam, Karapakkam, chennai",FEMALE,Both,5.6,6.3,FOUR,7000,2000,False,True,True,True,True,True,True,False,False,True,False,True,True,True,None,2,False,False,False,False,False,False,,False,False,False
8a9fa88599c6f2d70199c70cb3bb04a1,PG for Girls in Shollinganallur,12.91230646462728,80.2295512373762,OMR-Karappakam,"Rajiv Gandhi Salai, Venkateswara Ladies Hostel, Shollinganallur, Shollinganallur, chennai",FEMALE,Both,5.8,6.3,DOUBLE,8000,3000,False,True,True,True,True,,,,,,,,,,Bike,0,True,False,False,False,False,False,,False,False,False
8a9fa88599c6f2d70199c70cb3bb04a1,PG for Girls in Shollinganallur,12.91230646462728,80.2295512373762,OMR-Karappakam,"Rajiv Gandhi Salai, Venkateswara Ladies Hostel, Shollinganallur, Shollinganallur, chennai",FEMALE,Both,5.8,6.3,THREE,7500,3000,False,True,True,True,True,,,,,,,,,,Bike,0,False,False,False,False,False,False,,False,False,False
8a9fa88599c6f2d70199c70cb3bb04a1,PG for Girls in Shollinganallur,12.91230646462728,80.2295512373762,OMR-Karappakam,"Rajiv Gandhi Salai, Venkateswara Ladies Hostel, Shollinganallur, Shollinganallur, chennai",FEMALE,Both,5.8,6.3,FOUR,6500,3000,False,True,True,True,True,,,,,,,,,,Bike,0,False,False,False,False,False,False,,False,False,False
8a9fc7038ce7f488018ce826f71723f5,PG for Girls in Karapakkam,12.916019797879974,80.22984195655145,OMR-Karappakam,"omr service rd near Hot Chips Veg Restaurant, Karapakkam, Karapakkam, chennai",FEMALE,Both,,,DOUBLE,9000,3000,False,True,True,True,True,,,,,,,,,,Bike,0,False,False,False,False,False,False,,False,False,False
8a9fc7038ce7f488018ce826f71723f5,PG for Girls in Karapakkam,12.916019797879974,80.22984195655145,OMR-Karappakam,"omr service rd near Hot Chips Veg Restaurant, Karapakkam, Karapakkam, chennai",FEMALE,Both,,,THREE,7500,3000,False,True,True,True,True,,,,,,,,,,Bike,0,False,False,False,False,False,False,,False,False,False
8a9fc7038ce7f488018ce826f71723f5,PG for Girls in Karapakkam,12.916019797879974,80.22984195655145,OMR-Karappakam,"omr service rd near Hot Chips Veg Restaurant, Karapakkam, Karapakkam, chennai",FEMALE,Both,,,FOUR,7000,3000,False,True,True,True,True,,,,,,,,,,Bike,0,False,False,False,False,False,False,,False,False,False
8a9fa7899950eed8019950f4a24200cb,"PG for Girls in  Karapakkam,",12.91596671784473,80.22925316359078,OMR-Karappakam," OMR Service Road, Rajiv Gandhi Salai, Muthamizh Nagar near GRT Jewellers, Karapakkam, OMR,  Karapakkam,,  Karapakkam,, chennai",FEMALE,Both,6.6,6.3,DOUBLE,8000,5000,False,True,True,True,True,,,,,,,,,,Bike,0,False,False,False,False,False,False,,False,False,False
8a9fa7899950eed8019950f4a24200cb,"PG for Girls in  Karapakkam,",12.91596671784473,80.22925316359078,OMR-Karappakam," OMR Service Road, Rajiv Gandhi Salai, Muthamizh Nagar near GRT Jewellers, Karapakkam, OMR,  Karapakkam,,  Karapakkam,, chennai",FEMALE,Both,6.6,6.3,THREE,7500,5000,False,True,True,True,True,,,,,,,,,,Bike,0,False,False,False,False,False,False,,False,False,False
8a9fa7899950eed8019950f4a24200cb,"PG for Girls in  Karapakkam,",12.91596671784473,80.22925316359078,OMR-Karappakam," OMR Service Road, Rajiv Gandhi Salai, Muthamizh Nagar near GRT Jewellers, Karapakkam, OMR,  Karapakkam,,  Karapakkam,, chennai",FEMALE,Both,6.6,6.3,FOUR,6500,5000,False,True,True,True,True,,,,,,,,,,Bike,0,False,False,False,False,False,False,,False,False,False
8a9f97827e6257f8017e62ee1b534aa5,PG for Girls in Karapakkam,12.913804627575017,80.22965636441803,OMR-Karappakam,"Rajiv Gandhi Salai, , near Karapakkam Shivan Temple, Karapakkam, Karapakkam, chennai",FEMALE,Both,,,,,,,True,True,True,True,,,,,,,,,,Bike,0,,,,,,,,False,False,False
8aa9b7849b25838b019b261173743de5,PG for Girls in Karapakkam,12.912376725838076,80.22839893649056,OMR-Karappakam," Rajiv Gandhi Salai near Capgemini, Karapakkam, Karapakkam, chennai",FEMALE,Both,5.5,6.3,DOUBLE,8000,3000,False,True,True,True,True,,,,,,,,,,Bike,0,True,False,False,False,False,False,,False,False,False
8aa9b7849b25838b019b261173743de5,PG for Girls in Karapakkam,12.912376725838076,80.22839893649056,OMR-Karappakam," Rajiv Gandhi Salai near Capgemini, Karapakkam, Karapakkam, chennai",FEMALE,Both,5.5,6.3,THREE,7000,3000,False,True,True,True,True,,,,,,,,,,Bike,0,True,False,False,False,False,False,,False,False,False
8aa9b7849b25838b019b261173743de5,PG for Girls in Karapakkam,12.912376725838076,80.22839893649056,OMR-Karappakam," Rajiv Gandhi Salai near Capgemini, Karapakkam, Karapakkam, chennai",FEMALE,Both,5.5,6.3,FOUR,6000,3000,False,True,True,True,True,,,,,,,,,,Bike,0,False,False,False,False,False,False,,False,False,False
ff8081814f79be78014f8304c3d03117,PG for Girls in Karappakam,12.91324633092185,80.22936970787184,OMR-Karappakam,"Old Mahabalipuram Road, Near Hot Chips Restaurants,near busstop, Karappakam, Karappakam, chennai",FEMALE,Both,,,THREE,6500,5000,True,True,True,True,True,True,True,False,False,True,True,True,True,True,Bike,29,False,True,True,True,True,True,10:30 PM,True,True,False
ff8081814f79be78014f8304c3d03117,PG for Girls in Karappakam,12.91324633092185,80.22936970787184,OMR-Karappakam,"Old Mahabalipuram Road, Near Hot Chips Restaurants,near busstop, Karappakam, Karappakam, chennai",FEMALE,Both,,,FOUR,5500,3000,True,True,True,True,True,True,True,False,False,True,True,True,True,True,Bike,29,True,True,True,True,True,True,10:30 PM,True,True,False
8a9fb8839a61d9cf019a621f950a20f2,PG for Girls in Karapakkam,12.911648092804274,80.23065358220902,OMR-Karappakam,"Mahatma Gandhi St near End Time Zion Church, Karapakkam, Karapakkam, chennai",FEMALE,Both,6.2,6.3,DOUBLE,9000,4000,False,False,False,False,False,,,,,,,,,,Bike,0,False,True,True,True,True,True,,False,False,False
8a9fb8839a61d9cf019a621f950a20f2,PG for Girls in Karapakkam,12.911648092804274,80.23065358220902,OMR-Karappakam,"Mahatma Gandhi St near End Time Zion Church, Karapakkam, Karapakkam, chennai",FEMALE,Both,6.2,6.3,THREE,8000,4000,False,False,False,False,False,,,,,,,,,,Bike,0,False,False,False,False,False,False,,False,False,False
8a9fb8839a61d9cf019a621f950a20f2,PG for Girls in Karapakkam,12.911648092804274,80.23065358220902,OMR-Karappakam,"Mahatma Gandhi St near End Time Zion Church, Karapakkam, Karapakkam, chennai",FEMALE,Both,6.2,6.3,FOUR,7000,4000,False,False,False,False,False,,,,,,,,,,Bike,0,False,False,False,False,False,False,,False,False,False
ff808181589fcb9f0158a075ac7c0dfe,PG for Girls in Sholinganallur,12.909813931273634,80.22965777612694,OMR-Karappakam,"Old Mahabalipuram Road,Near Saravana Stores The Crown Mall , Sholinganallur, Sholinganallur, chennai",FEMALE,Both,,,DOUBLE,6000,3000,True,True,True,True,True,False,True,True,False,True,False,True,True,False,Bike,210,False,True,True,True,True,True,,True,True,False
ff808181589fcb9f0158a075ac7c0dfe,PG for Girls in Sholinganallur,12.909813931273634,80.22965777612694,OMR-Karappakam,"Old Mahabalipuram Road,Near Saravana Stores The Crown Mall , Sholinganallur, Sholinganallur, chennai",FEMALE,Both,,,THREE,7500,3000,True,True,True,True,True,False,True,True,False,True,False,True,True,False,Bike,210,True,True,True,True,True,True,,True,True,False
ff808181589fcb9f0158a075ac7c0dfe,PG for Girls in Sholinganallur,12.909813931273634,80.22965777612694,OMR-Karappakam,"Old Mahabalipuram Road,Near Saravana Stores The Crown Mall , Sholinganallur, Sholinganallur, chennai",FEMALE,Both,,,FOUR,6000,3000,True,True,True,True,True,False,True,True,False,True,False,True,True,False,Bike,210,False,True,True,True,True,True,,True,True,False
8a9f8e838fbedfa6018fbf2a2c7624c4,PG for Girls in Karapakkam,12.916009866087029,80.22922502149581,OMR-Karappakam,"Old Mahabalipuram Road near GRT Jewellers, Karapakkam, OMR, Karapakkam, Karapakkam, chennai",FEMALE,Both,,,THREE,8500,5000,False,True,True,False,True,,,,,,,,,,Bike,0,False,False,False,False,False,False,,False,False,False
8a9fa2889733c54301973411323311a0,PG for Girls in Karapakkam,12.915984672634018,80.22981862527787,OMR-Karappakam,"Gajalakshmi Colony, Near Hot Chips Veg Restaurant, Karapakkam, Karapakkam, chennai",FEMALE,Both,6.4,6.3,SINGLE,15000,15000,False,True,True,True,True,,,,,,,,,,Bike,0,False,False,False,False,False,False,,False,False,False
8a9fa2889733c54301973411323311a0,PG for Girls in Karapakkam,12.915984672634018,80.22981862527787,OMR-Karappakam,"Gajalakshmi Colony, Near Hot Chips Veg Restaurant, Karapakkam, Karapakkam, chennai",FEMALE,Both,6.4,6.3,DOUBLE,12500,6000,False,True,True,True,True,,,,,,,,,,Bike,0,False,False,False,False,False,False,,False,False,False
8a9fa2889733c54301973411323311a0,PG for Girls in Karapakkam,12.915984672634018,80.22981862527787,OMR-Karappakam,"Gajalakshmi Colony, Near Hot Chips Veg Restaurant, Karapakkam, Karapakkam, chennai",FEMALE,Both,6.4,6.3,THREE,8500,4000,False,True,True,True,True,,,,,,,,,,Bike,0,False,False,False,False,False,False,,False,False,False
8a9fa2889733c54301973411323311a0,PG for Girls in Karapakkam,12.915984672634018,80.22981862527787,OMR-Karappakam,"Gajalakshmi Colony, Near Hot Chips Veg Restaurant, Karapakkam, Karapakkam, chennai",FEMALE,Both,6.4,6.3,FOUR,7500,4000,False,True,True,True,True,,,,,,,,,,Bike,0,False,False,False,False,False,False,,False,False,False
8a9fca82819e2e3301819e45e5570b44,PG for Girls in Karappakam,12.916007999964176,80.22977778385649,OMR-Karappakam,"OMR Service road near Hot Chips Veg Restaurant, Karappakam, Karappakam, chennai",FEMALE,Both,,,DOUBLE,9500,4000,True,True,True,True,True,False,True,True,False,True,False,False,False,False,Bike,23,True,True,False,False,True,True,,False,False,False
8a9fca82819e2e3301819e45e5570b44,PG for Girls in Karappakam,12.916007999964176,80.22977778385649,OMR-Karappakam,"OMR Service road near Hot Chips Veg Restaurant, Karappakam, Karappakam, chennai",FEMALE,Both,,,THREE,8000,4000,True,True,True,True,True,False,True,True,False,True,False,False,False,False,Bike,23,True,True,False,False,True,True,,False,False,False
8a9fca82819e2e3301819e45e5570b44,PG for Girls in Karappakam,12.916007999964176,80.22977778385649,OMR-Karappakam,"OMR Service road near Hot Chips Veg Restaurant, Karappakam, Karappakam, chennai",FEMALE,Both,,,FOUR,7000,4000,False,True,True,True,True,False,True,True,False,True,False,False,False,False,Bike,23,False,False,False,False,False,False,,False,False,False
8a9f84838bd35575018bd42661f1593e,PG for Girls in Anna Street,12.913428,80.23006529999999,OMR-Karappakam,"jayam ladies hostel karapakkam, Anna Street, Anna Street, chennai",FEMALE,Both,,,DOUBLE,0,0,False,True,True,True,True,True,True,True,False,True,True,True,True,True,Bike,4,,,,,,,,False,False,False
8a9f84838bd35575018bd42661f1593e,PG for Girls in Anna Street,12.913428,80.23006529999999,OMR-Karappakam,"jayam ladies hostel karapakkam, Anna Street, Anna Street, chennai",FEMALE,Both,,,THREE,8000,3000,True,True,True,True,True,True,True,True,False,True,True,True,True,True,Bike,4,True,True,True,True,True,True,,False,False,False
8a9f84838bd35575018bd42661f1593e,PG for Girls in Anna Street,12.913428,80.23006529999999,OMR-Karappakam,"jayam ladies hostel karapakkam, Anna Street, Anna Street, chennai",FEMALE,Both,,,FOUR,6000,3000,True,True,True,True,True,True,True,True,False,True,True,True,True,True,Bike,4,True,True,True,True,False,True,,False,False,False
8a9fa78b9835b167019836224bb1326e,PG for Girls in Karapakkam,12.915957554024857,80.22924390178298,OMR-Karappakam,"Omr service rd near GRT Jewellers, Karapakkam, OMR, Karapakkam, Karapakkam, chennai",FEMALE,Both,6.4,5.8,DOUBLE,8000,3000,False,True,True,True,True,,,,,,,,,,Bike,0,True,False,False,False,False,False,,False,False,False
8a9fa78b9835b167019836224bb1326e,PG for Girls in Karapakkam,12.915957554024857,80.22924390178298,OMR-Karappakam,"Omr service rd near GRT Jewellers, Karapakkam, OMR, Karapakkam, Karapakkam, chennai",FEMALE,Both,6.4,5.8,THREE,7000,3000,False,True,True,True,True,,,,,,,,,,Bike,0,False,False,False,False,False,False,,False,False,False
8a9fa78b9835b167019836224bb1326e,PG for Girls in Karapakkam,12.915957554024857,80.22924390178298,OMR-Karappakam,"Omr service rd near GRT Jewellers, Karapakkam, OMR, Karapakkam, Karapakkam, chennai",FEMALE,Both,6.4,5.8,FOUR,6000,3000,False,True,True,True,True,,,,,,,,,,Bike,0,False,False,False,False,False,False,,False,False,False
8aa9b7399aa4cbab019aa4e72dbb0b48,PG for Girls in Karapakkam,12.915940707436949,80.2292676703389,OMR-Karappakam,"GRT Jewellers, Karapakkam, OMR, Karapakkam, Karapakkam, chennai",FEMALE,Both,6.4,5.8,THREE,8000,3000,False,True,True,True,True,,,,,,,,,,Bike,0,False,False,False,False,False,False,,False,False,False
8a9fb7837d47276b017d47a351a64ab3,PG for Girls in Karapakkam,12.911160234441185,80.22906429508915,OMR-Karappakam,"Old Mahabalipuram Rd Near The Chennai Mobiles, Karapakkam, Karapakkam, chennai",FEMALE,Both,,,DOUBLE,5500,3000,False,True,True,True,True,,,,,,,,,,Bike,0,False,False,False,False,False,False,,False,False,False
8a9fb7837d47276b017d47a351a64ab3,PG for Girls in Karapakkam,12.911160234441185,80.22906429508915,OMR-Karappakam,"Old Mahabalipuram Rd Near The Chennai Mobiles, Karapakkam, Karapakkam, chennai",FEMALE,Both,,,THREE,6500,3000,False,True,True,True,True,,,,,,,,,,Bike,0,False,False,False,False,False,False,,False,False,False
8a9f938288d9c38f0188dbaa4dd8352e,PG for Girls in Karapakkam,12.91721379914194,80.22737916558981,Karapakkam,"5th street , River vived residency ,near indusin bank,Karapakam, Karapakkam, Karapakkam, chennai",FEMALE,Working Professional,,,DOUBLE,7500,5000,True,False,False,False,False,True,True,False,False,True,True,False,False,True,Bike,2,True,True,True,True,True,True,,True,False,False
8a9f938288d9c38f0188dbaa4dd8352e,PG for Girls in Karapakkam,12.91721379914194,80.22737916558981,Karapakkam,"5th street , River vived residency ,near indusin bank,Karapakam, Karapakkam, Karapakkam, chennai",FEMALE,Working Professional,,,THREE,8500,5000,False,False,False,False,False,True,True,False,False,True,True,False,False,True,Bike,2,False,False,False,False,False,False,,True,False,False
8a9f938288d9c38f0188dbaa4dd8352e,PG for Girls in Karapakkam,12.91721379914194,80.22737916558981,Karapakkam,"5th street , River vived residency ,near indusin bank,Karapakam, Karapakkam, Karapakkam, chennai",FEMALE,Working Professional,,,FOUR,0,0,False,False,False,False,False,True,True,False,False,True,True,False,False,True,Bike,2,,,,,,,,True,False,False
8aa9cd3e9de6bf1a019de7838d6e5a9e,PG for Girls in Karapakkam,12.912739458182287,80.23018693068848,OMR-Karappakam,"Kajarajan Main Rd near Selvam Super Market, Karapakkam, Karapakkam, chennai",FEMALE,Both,6.3,6.3,DOUBLE,9500,4000,False,True,True,True,True,,,,,,,,,,Bike,0,True,False,False,False,False,False,,False,False,False
8a9fa68594dfae3c0194e10695237668,PG for Anyone in Impelox Tech Private Limited,12.8952074,80.2232367,OMR-Sholinganallur,"impelox tech, Impelox Tech Private Limited, Impelox Tech Private Limited, chennai",BOTH,Both,6.1,2.5,SINGLE,15000,7000,False,True,True,True,True,True,True,True,True,True,True,True,True,True,Car,2,True,True,True,False,True,True,11:58 PM,False,False,False
8a9fa68594dfae3c0194e10695237668,PG for Anyone in Impelox Tech Private Limited,12.8952074,80.2232367,OMR-Sholinganallur,"impelox tech, Impelox Tech Private Limited, Impelox Tech Private Limited, chennai",BOTH,Both,6.1,2.5,DOUBLE,11000,7000,False,True,True,True,True,True,True,True,True,True,True,True,True,True,Car,2,True,True,True,False,True,True,11:58 PM,False,False,False
8a9fa68594dfae3c0194e10695237668,PG for Anyone in Impelox Tech Private Limited,12.8952074,80.2232367,OMR-Sholinganallur,"impelox tech, Impelox Tech Private Limited, Impelox Tech Private Limited, chennai",BOTH,Both,6.1,2.5,THREE,8000,6000,False,True,True,True,True,True,True,True,True,True,True,True,True,True,Car,2,True,True,False,False,True,True,11:58 PM,False,False,False
8a9fa68594dfae3c0194e10695237668,PG for Anyone in Impelox Tech Private Limited,12.8952074,80.2232367,OMR-Sholinganallur,"impelox tech, Impelox Tech Private Limited, Impelox Tech Private Limited, chennai",BOTH,Both,6.1,2.5,FOUR,0,0,False,True,True,True,True,True,True,True,True,True,True,True,True,True,Car,2,,,,,,,11:58 PM,False,False,False
8aa9a41c9f73b009019f73b7220c01d7,"PG for Anyone in W62h+4jc, Ezhil Nagar, Sholinganallur, Chennai, Tamil Nadu 600119, India",12.9000498,80.2288721,Sholinganallur,"sholinganallur, ecr link road, W62H+4JC, Ezhil Nagar, Sholinganallur, Chennai, Tamil Nadu 600119, India, W62H+4JC, Ezhil Nagar, Sholinganallur, Chennai, Tamil Nadu 600119, India, chennai",BOTH,Both,5.1,6.1,SINGLE,12000,3000,False,True,True,True,True,True,True,False,False,True,True,True,False,True,Bike,0,False,True,True,False,True,True,,False,True,False
8aa9a41c9f73b009019f73b7220c01d7,"PG for Anyone in W62h+4jc, Ezhil Nagar, Sholinganallur, Chennai, Tamil Nadu 600119, India",12.9000498,80.2288721,Sholinganallur,"sholinganallur, ecr link road, W62H+4JC, Ezhil Nagar, Sholinganallur, Chennai, Tamil Nadu 600119, India, W62H+4JC, Ezhil Nagar, Sholinganallur, Chennai, Tamil Nadu 600119, India, chennai",BOTH,Both,5.1,6.1,DOUBLE,7500,3000,False,True,True,True,True,True,True,False,False,True,True,True,False,True,Bike,0,False,True,True,False,True,True,,False,True,False
8aa9a41c9f73b009019f73b7220c01d7,"PG for Anyone in W62h+4jc, Ezhil Nagar, Sholinganallur, Chennai, Tamil Nadu 600119, India",12.9000498,80.2288721,Sholinganallur,"sholinganallur, ecr link road, W62H+4JC, Ezhil Nagar, Sholinganallur, Chennai, Tamil Nadu 600119, India, W62H+4JC, Ezhil Nagar, Sholinganallur, Chennai, Tamil Nadu 600119, India, chennai",BOTH,Both,5.1,6.1,THREE,6500,3000,False,True,True,True,True,True,True,False,False,True,True,True,False,True,Bike,0,True,True,True,False,True,True,,False,True,False
8aa9a41c9f73b009019f73b7220c01d7,"PG for Anyone in W62h+4jc, Ezhil Nagar, Sholinganallur, Chennai, Tamil Nadu 600119, India",12.9000498,80.2288721,Sholinganallur,"sholinganallur, ecr link road, W62H+4JC, Ezhil Nagar, Sholinganallur, Chennai, Tamil Nadu 600119, India, W62H+4JC, Ezhil Nagar, Sholinganallur, Chennai, Tamil Nadu 600119, India, chennai",BOTH,Both,5.1,6.1,FOUR,5500,3000,False,True,True,True,True,True,True,False,False,True,True,True,False,True,Bike,0,True,True,True,False,True,True,,False,True,False
8aa99d6c9c2cd3e9019c2ce6eabd06a3,PG for Anyone in Sholinganallur,12.900651047906969,80.2287919316225,Sholinganallur," Kalaignar Karunanidhi Salai near Rainbow Children's Hospital & BirthRight by Rainbow, Sholinganallur, Sholinganallur, Sholinganallur, chennai",BOTH,Both,5.1,6.1,SINGLE,10000,2000,False,True,True,True,True,,,,,,,,,,Bike,0,False,False,False,False,False,False,,False,False,False
8aa99d6c9c2cd3e9019c2ce6eabd06a3,PG for Anyone in Sholinganallur,12.900651047906969,80.2287919316225,Sholinganallur," Kalaignar Karunanidhi Salai near Rainbow Children's Hospital & BirthRight by Rainbow, Sholinganallur, Sholinganallur, Sholinganallur, chennai",BOTH,Both,5.1,6.1,DOUBLE,7000,2000,False,True,True,True,True,,,,,,,,,,Bike,0,False,False,False,False,False,False,,False,False,False
8aa99d6c9c2cd3e9019c2ce6eabd06a3,PG for Anyone in Sholinganallur,12.900651047906969,80.2287919316225,Sholinganallur," Kalaignar Karunanidhi Salai near Rainbow Children's Hospital & BirthRight by Rainbow, Sholinganallur, Sholinganallur, Sholinganallur, chennai",BOTH,Both,5.1,6.1,THREE,6500,2000,False,True,True,True,True,,,,,,,,,,Bike,0,False,False,False,False,False,False,,False,False,False
8aa99d6c9c2cd3e9019c2ce6eabd06a3,PG for Anyone in Sholinganallur,12.900651047906969,80.2287919316225,Sholinganallur," Kalaignar Karunanidhi Salai near Rainbow Children's Hospital & BirthRight by Rainbow, Sholinganallur, Sholinganallur, Sholinganallur, chennai",BOTH,Both,5.1,6.1,FOUR,6000,2000,False,True,True,True,True,,,,,,,,,,Bike,0,False,False,False,False,False,False,,False,False,False
8aa9a4c59fe04ae9019fe114a5723643,PG for Girls in Karapakkam,12.912218380782752,80.22836835779191,OMR-Karappakam,"rajiv gandhi salai near Capgemini, Karapakkam, Karapakkam, chennai",FEMALE,Both,5.2,6.3,FOUR,7000,7000,True,True,True,True,True,,,,,,,,,,Bike,1,False,True,False,True,True,True,,False,False,False
8aa9be4c9d84e64f019d852eb3b715c5,PG for Girls in Sholinganallur,12.90657425164699,80.23310733719829,Sholinganallur," Lal Bahadur Shastri St near MANI'S CAFE, Sholinganallur, Sholinganallur, chennai",FEMALE,Both,7.7,8.2,THREE,6500,3000,False,True,True,True,True,,,,,,,,,,Bike,0,False,False,False,False,False,False,,False,False,False
8aa9be4c9d84e64f019d852eb3b715c5,PG for Girls in Sholinganallur,12.90657425164699,80.23310733719829,Sholinganallur," Lal Bahadur Shastri St near MANI'S CAFE, Sholinganallur, Sholinganallur, chennai",FEMALE,Both,7.7,8.2,FOUR,6000,3000,False,True,True,True,True,,,,,,,,,,Bike,0,False,False,False,False,False,False,,False,False,False
8aa9b9c79ba6ee6d019ba8495c942a38,PG for Girls in Sholinganallur,12.882929211851167,80.23085573572082,OMR-Sholinganallur,"TNHB  near  PHOENIX MENS PG, Sholinganallur, Sholinganallur, chennai",FEMALE,Both,1.3,6.4,SINGLE,10000,5000,False,True,True,True,True,,,,,,,,,,Bike,0,False,False,False,False,False,False,,False,False,False
8aa9b9c79ba6ee6d019ba8495c942a38,PG for Girls in Sholinganallur,12.882929211851167,80.23085573572082,OMR-Sholinganallur,"TNHB  near  PHOENIX MENS PG, Sholinganallur, Sholinganallur, chennai",FEMALE,Both,1.3,6.4,DOUBLE,8000,5000,False,True,True,True,True,,,,,,,,,,Bike,0,False,False,False,False,False,False,,False,False,False
8aa9b9c79ba6ee6d019ba8495c942a38,PG for Girls in Sholinganallur,12.882929211851167,80.23085573572082,OMR-Sholinganallur,"TNHB  near  PHOENIX MENS PG, Sholinganallur, Sholinganallur, chennai",FEMALE,Both,1.3,6.4,THREE,7500,5000,False,True,True,True,True,,,,,,,,,,Bike,0,False,False,False,False,False,False,,False,False,False
8aa9b9c79ba6ee6d019ba8495c942a38,PG for Girls in Sholinganallur,12.882929211851167,80.23085573572082,OMR-Sholinganallur,"TNHB  near  PHOENIX MENS PG, Sholinganallur, Sholinganallur, chennai",FEMALE,Both,1.3,6.4,FOUR,7000,5000,False,True,True,True,True,,,,,,,,,,Bike,0,False,False,False,False,False,False,,False,False,False
ff8081815efff8db015f010421960259,PG for Girls in Sholinganallur,12.905620168731295,80.23296400000002,Sholinganallur,"3rd Cross St, Near  Selvam Super Market, Sholinganallur, Sholinganallur, chennai",FEMALE,Both,,,DOUBLE,13000,5000,True,True,True,True,True,False,False,False,False,False,False,False,False,False,Bike and Car,85,True,True,True,True,True,True,,True,True,False
ff8081815efff8db015f010421960259,PG for Girls in Sholinganallur,12.905620168731295,80.23296400000002,Sholinganallur,"3rd Cross St, Near  Selvam Super Market, Sholinganallur, Sholinganallur, chennai",FEMALE,Both,,,THREE,10000,5000,True,True,True,True,True,False,False,False,False,False,False,False,False,False,Bike and Car,85,True,True,True,True,True,True,,True,True,False
ff8081815efff8db015f010421960259,PG for Girls in Sholinganallur,12.905620168731295,80.23296400000002,Sholinganallur,"3rd Cross St, Near  Selvam Super Market, Sholinganallur, Sholinganallur, chennai",FEMALE,Both,,,FOUR,8000,5000,True,True,True,True,True,False,False,False,False,False,False,False,False,False,Bike and Car,85,True,True,True,True,True,True,,True,True,False
ff8081815efff8db015f010421960259,PG for Girls in Sholinganallur,12.905620168731295,80.23296400000002,Sholinganallur,"3rd Cross St, Near  Selvam Super Market, Sholinganallur, Sholinganallur, chennai",FEMALE,Both,,,DOUBLE,13000,5000,True,True,True,True,True,False,False,False,False,False,False,False,False,False,Bike and Car,85,True,True,True,True,True,True,,True,True,False
ff8081815efff8db015f010421960259,PG for Girls in Sholinganallur,12.905620168731295,80.23296400000002,Sholinganallur,"3rd Cross St, Near  Selvam Super Market, Sholinganallur, Sholinganallur, chennai",FEMALE,Both,,,THREE,10000,5000,True,True,True,True,True,False,False,False,False,False,False,False,False,False,Bike and Car,85,True,True,True,True,True,True,,True,True,False
ff8081815efff8db015f010421960259,PG for Girls in Sholinganallur,12.905620168731295,80.23296400000002,Sholinganallur,"3rd Cross St, Near  Selvam Super Market, Sholinganallur, Sholinganallur, chennai",FEMALE,Both,,,FOUR,8000,5000,True,True,True,True,True,False,False,False,False,False,False,False,False,False,Bike and Car,85,True,True,True,True,True,True,,True,True,False
8a9f8cc38d400a97018d406012234ce6,PG for Girls in Sholinganallur,12.902844838057774,80.23286678491885,Sholinganallur,"Village High Rd  near  Bhajanai Kovil, Anjaneyar, Sholinganallur, Sholinganallur, chennai",FEMALE,Both,,,DOUBLE,9000,3000,False,True,True,True,True,,,,,,,,,,Bike,0,False,False,False,False,False,False,,False,False,False
8a9f8cc38d400a97018d406012234ce6,PG for Girls in Sholinganallur,12.902844838057774,80.23286678491885,Sholinganallur,"Village High Rd  near  Bhajanai Kovil, Anjaneyar, Sholinganallur, Sholinganallur, chennai",FEMALE,Both,,,THREE,7000,3000,False,True,True,True,True,,,,,,,,,,Bike,0,False,False,False,False,False,False,,False,False,False
8a9f8cc38d400a97018d406012234ce6,PG for Girls in Sholinganallur,12.902844838057774,80.23286678491885,Sholinganallur,"Village High Rd  near  Bhajanai Kovil, Anjaneyar, Sholinganallur, Sholinganallur, chennai",FEMALE,Both,,,FOUR,7500,3000,False,True,True,True,True,,,,,,,,,,Bike,0,True,False,False,False,False,False,,False,False,False
8a9f834390a4e5bd0190a54c28f01d0f,PG for Girls in Sholinganallur,12.906759988837281,80.23045576950935,Sholinganallur,"11Lal Bahadur, Lal Bahadur Shastri St, Laxmi Nagar Extension, Sholinganallur, Chennai, Tamil Nadu 600119, Sholinganallur, Sholinganallur, chennai",FEMALE,Both,,,THREE,8000,4000,False,True,True,True,True,,,,,,,,,,Bike,0,True,False,False,False,False,False,,False,False,False
8a9f834390a4e5bd0190a54c28f01d0f,PG for Girls in Sholinganallur,12.906759988837281,80.23045576950935,Sholinganallur,"11Lal Bahadur, Lal Bahadur Shastri St, Laxmi Nagar Extension, Sholinganallur, Chennai, Tamil Nadu 600119, Sholinganallur, Sholinganallur, chennai",FEMALE,Both,,,FOUR,7900,4000,False,True,True,True,True,,,,,,,,,,Bike,0,True,False,False,False,False,False,,False,False,False
8aa9b8e0a0233d6601a0239214233974,PG for Girls in Sholinganallur,12.899603,80.2323009,Sholinganallur,"Ezhil Nagar, SRI MKS GENTS PG, Sholinganallur, Sholinganallur, chennai",FEMALE,Working Professional,5.9,6.2,,,,,False,False,False,False,,,,,,,,,,Bike,0,,,,,,,,False,False,False
8a9f84838e6ed853018e6f3ab28a4f82,PG for Girls in Sholinganallur,12.900474,80.223809,Sholinganallur,"Medavakkam Main Rd  near Mohamed Sathak College Of Arts & Science, Sholinganallur, Sholinganallur, chennai",FEMALE,Both,6.5,7.7,DOUBLE,8500,5000,False,True,True,True,True,,,,,,,,,,Bike,0,False,False,False,False,False,False,,False,False,False
8a9f84838e6ed853018e6f3ab28a4f82,PG for Girls in Sholinganallur,12.900474,80.223809,Sholinganallur,"Medavakkam Main Rd  near Mohamed Sathak College Of Arts & Science, Sholinganallur, Sholinganallur, chennai",FEMALE,Both,6.5,7.7,THREE,7500,4000,False,True,True,True,True,,,,,,,,,,Bike,0,False,False,False,False,False,False,,False,False,False
8a9f84838e6ed853018e6f3ab28a4f82,PG for Girls in Sholinganallur,12.900474,80.223809,Sholinganallur,"Medavakkam Main Rd  near Mohamed Sathak College Of Arts & Science, Sholinganallur, Sholinganallur, chennai",FEMALE,Both,6.5,7.7,FOUR,7000,5000,False,True,True,True,True,,,,,,,,,,Bike,0,False,False,False,False,False,False,,False,False,False
8aa9b0939f5eaf80019f5ebaf3d70267,PG for Girls in Sholinganallur,12.898759193094824,80.22962752729322,Sholinganallur,"Ganesh Nagar near Siri deluxe pg for ladies, Sholinganallur, Sholinganallur, chennai",FEMALE,Both,5.4,6.2,THREE,6300,3000,False,True,False,False,False,,,,,,,,,,Bike,0,False,False,False,False,False,False,,False,False,False
8aa9b0939f5eaf80019f5ebaf3d70267,PG for Girls in Sholinganallur,12.898759193094824,80.22962752729322,Sholinganallur,"Ganesh Nagar near Siri deluxe pg for ladies, Sholinganallur, Sholinganallur, chennai",FEMALE,Both,5.4,6.2,FOUR,6000,3000,False,True,False,False,False,,,,,,,,,,Bike,0,False,False,False,False,False,False,,False,False,False
8a9fb38499c8a89e0199c8c853f00a9e,PG for Girls in Solinganallur,12.897867,80.228096,Sholinganallur,"Ezhil Nagar near  Canara Bank, Solinganallur, Solinganallur, chennai",FEMALE,Both,5.1,8.7,SINGLE,8000,3000,False,True,True,True,True,,,,,,,,,,Bike,0,False,False,False,False,False,False,,False,False,False
8a9fb38499c8a89e0199c8c853f00a9e,PG for Girls in Solinganallur,12.897867,80.228096,Sholinganallur,"Ezhil Nagar near  Canara Bank, Solinganallur, Solinganallur, chennai",FEMALE,Both,5.1,8.7,DOUBLE,9500,3000,False,True,True,True,True,,,,,,,,,,Bike,0,False,False,False,False,False,False,,False,False,False
8a9fb38499c8a89e0199c8c853f00a9e,PG for Girls in Solinganallur,12.897867,80.228096,Sholinganallur,"Ezhil Nagar near  Canara Bank, Solinganallur, Solinganallur, chennai",FEMALE,Both,5.1,8.7,THREE,8500,3000,False,True,True,True,True,,,,,,,,,,Bike,0,True,False,False,False,False,False,,False,False,False
8a9fb38499c8a89e0199c8c853f00a9e,PG for Girls in Solinganallur,12.897867,80.228096,Sholinganallur,"Ezhil Nagar near  Canara Bank, Solinganallur, Solinganallur, chennai",FEMALE,Both,5.1,8.7,FOUR,7500,1500,False,True,True,True,True,,,,,,,,,,Bike,0,False,False,False,False,False,False,,False,False,False
8a9fc74392a404cd0192a46b374222a0,PG for Girls in  Sholinganallur,12.907090408405836,80.22864210919266,Sholinganallur,"Lal Bahadur Shastri St Laxmi Nagar Extension, Sholinganallur,near Accenture Solutions Pvt Ltd,  Sholinganallur,  Sholinganallur, chennai",FEMALE,Both,,,DOUBLE,8500,4000,False,True,True,True,True,,,,,,,,,,Bike,0,False,False,False,False,False,False,,False,False,False
8a9fc74392a404cd0192a46b374222a0,PG for Girls in  Sholinganallur,12.907090408405836,80.22864210919266,Sholinganallur,"Lal Bahadur Shastri St Laxmi Nagar Extension, Sholinganallur,near Accenture Solutions Pvt Ltd,  Sholinganallur,  Sholinganallur, chennai",FEMALE,Both,,,THREE,8000,4000,False,True,True,True,True,,,,,,,,,,Bike,0,False,False,False,False,False,False,,False,False,False
8a9fc74392a404cd0192a46b374222a0,PG for Girls in  Sholinganallur,12.907090408405836,80.22864210919266,Sholinganallur,"Lal Bahadur Shastri St Laxmi Nagar Extension, Sholinganallur,near Accenture Solutions Pvt Ltd,  Sholinganallur,  Sholinganallur, chennai",FEMALE,Both,,,FOUR,7000,4000,False,True,True,True,True,,,,,,,,,,Bike,0,False,False,False,False,False,False,,False,False,False
8a9f8c839342607d01934277d88c03cd,PG for Girls in Sholinganallur,12.897195047888928,80.22826798259392,Sholinganallur,"Rajiv Gandhi Salai, near Adroit Artistica (Adroit Gold Magnifiq), Sholinganallur, Sholinganallur, chennai",FEMALE,Both,,,THREE,7000,3000,False,True,True,True,True,,,,,,,,,,Bike,0,False,False,False,False,False,False,,False,False,False
8aa9b8799abfd103019ac03041952a0f,PG for Girls in Karapakkam,12.905322489216662,80.22922401222822,Sholinganallur,"It Expressway nearby Novotel Chennai OMR, Karapakkam, Karapakkam, chennai",FEMALE,Both,6.8,8.5,THREE,7000,3000,False,True,True,True,True,,,,,,,,,,Bike,0,False,False,False,False,False,False,,False,False,False
ff808181661b064301661e74ddcc692b,PG for Girls in Sholinganallur,12.900643624620875,80.22879075232544,Sholinganallur," Kalaignar Karunanidhi Salai,  Near Rainbow Children's Hospital , Sholinganallur, Sholinganallur, chennai",FEMALE,Both,,,DOUBLE,9000,3000,True,True,True,True,True,False,True,False,False,False,True,True,True,False,None,73,True,True,True,False,True,True,,False,False,False
ff808181661b064301661e74ddcc692b,PG for Girls in Sholinganallur,12.900643624620875,80.22879075232544,Sholinganallur," Kalaignar Karunanidhi Salai,  Near Rainbow Children's Hospital , Sholinganallur, Sholinganallur, chennai",FEMALE,Both,,,THREE,7500,3000,True,True,True,True,True,False,True,False,False,False,True,True,True,False,None,73,True,True,True,False,True,True,,False,False,False
ff808181661b064301661e74ddcc692b,PG for Girls in Sholinganallur,12.900643624620875,80.22879075232544,Sholinganallur," Kalaignar Karunanidhi Salai,  Near Rainbow Children's Hospital , Sholinganallur, Sholinganallur, chennai",FEMALE,Both,,,FOUR,6500,3000,True,True,True,True,True,False,True,False,False,False,True,True,True,False,None,73,True,True,True,False,True,True,,False,False,False
8a9fe582847f403101847f4e705107fc,PG for Girls in Sholinganallur,12.907061635234877,80.22862223191257,Sholinganallur,"Old, Mahabalipuram Road, near Accenture Solutions Pvt Ltd (CDC-5), Sholinganallur, Sholinganallur, chennai",FEMALE,Both,,,SINGLE,10500,10500,False,True,True,True,True,,,,,,,,,,Bike,0,False,False,False,False,False,False,,False,False,False
8a9fe582847f403101847f4e705107fc,PG for Girls in Sholinganallur,12.907061635234877,80.22862223191257,Sholinganallur,"Old, Mahabalipuram Road, near Accenture Solutions Pvt Ltd (CDC-5), Sholinganallur, Sholinganallur, chennai",FEMALE,Both,,,DOUBLE,10500,10500,False,True,True,True,True,,,,,,,,,,Bike,0,True,False,False,False,False,False,,False,False,False
8a9fe582847f403101847f4e705107fc,PG for Girls in Sholinganallur,12.907061635234877,80.22862223191257,Sholinganallur,"Old, Mahabalipuram Road, near Accenture Solutions Pvt Ltd (CDC-5), Sholinganallur, Sholinganallur, chennai",FEMALE,Both,,,THREE,9500,9500,False,True,True,True,True,,,,,,,,,,Bike,0,True,False,False,False,False,False,,False,False,False
8a9fe582847f403101847f4e705107fc,PG for Girls in Sholinganallur,12.907061635234877,80.22862223191257,Sholinganallur,"Old, Mahabalipuram Road, near Accenture Solutions Pvt Ltd (CDC-5), Sholinganallur, Sholinganallur, chennai",FEMALE,Both,,,FOUR,7500,7500,False,True,True,True,True,,,,,,,,,,Bike,0,False,False,False,False,False,False,,False,False,False
8aa9bb949d84e667019d8537f4901a8a,PG for Girls in Sholinganallur,12.901240875242495,80.22887477097298,Sholinganallur,"Doraiswamy Street, near Tulips Multispeciality Hospital, Sholinganallur, Sholinganallur, chennai",FEMALE,Both,6.4,6.7,DOUBLE,7500,3000,False,True,True,True,True,,,,,,,,,,Bike,0,False,False,False,False,False,False,,False,False,False
8aa9bb949d84e667019d8537f4901a8a,PG for Girls in Sholinganallur,12.901240875242495,80.22887477097298,Sholinganallur,"Doraiswamy Street, near Tulips Multispeciality Hospital, Sholinganallur, Sholinganallur, chennai",FEMALE,Both,6.4,6.7,THREE,6800,3000,False,True,True,True,True,,,,,,,,,,Bike,0,False,False,False,False,False,False,,False,False,False
8aa9bb949d84e667019d8537f4901a8a,PG for Girls in Sholinganallur,12.901240875242495,80.22887477097298,Sholinganallur,"Doraiswamy Street, near Tulips Multispeciality Hospital, Sholinganallur, Sholinganallur, chennai",FEMALE,Both,6.4,6.7,FOUR,0,0,False,True,True,True,True,,,,,,,,,,Bike,0,False,False,False,False,False,False,,False,False,False
ff8081816286203401628635479c0f4d,PG for Girls in Sholinganallur,12.904141940832005,80.23292421779092,Sholinganallur,"Village Main Rd,  near Seethal Ladies Hostel Sholinganallur | Ladies PG Sholinganallur, Sholinganallur, Sholinganallur, chennai",FEMALE,Both,,,THREE,6500,6500,True,False,False,False,False,False,True,True,True,True,True,True,True,True,Bike and Car,16,True,True,True,True,True,True,,True,False,False
8aa9ba5d9b2fd746019b30c8ff2d68be,PG for Girls in Sholinganallur,12.89274429975604,80.23089253663179,OMR-Sholinganallur,"Neduncheliyan street near  to Pazhandi Amman Temple, Sholinganallur, Sholinganallur, chennai",FEMALE,Both,1.8,6.4,SINGLE,9000,3000,False,True,True,True,True,,,,,,,,,,Bike,0,False,False,False,False,False,False,,False,False,False
8aa9ba5d9b2fd746019b30c8ff2d68be,PG for Girls in Sholinganallur,12.89274429975604,80.23089253663179,OMR-Sholinganallur,"Neduncheliyan street near  to Pazhandi Amman Temple, Sholinganallur, Sholinganallur, chennai",FEMALE,Both,1.8,6.4,DOUBLE,6500,3000,False,True,True,True,True,,,,,,,,,,Bike,0,False,False,False,False,False,False,,False,False,False
8aa9ba5d9b2fd746019b30c8ff2d68be,PG for Girls in Sholinganallur,12.89274429975604,80.23089253663179,OMR-Sholinganallur,"Neduncheliyan street near  to Pazhandi Amman Temple, Sholinganallur, Sholinganallur, chennai",FEMALE,Both,1.8,6.4,THREE,6000,3000,False,True,True,True,True,,,,,,,,,,Bike,0,False,False,False,False,False,False,,False,False,False
8aa9ba5d9b2fd746019b30c8ff2d68be,PG for Girls in Sholinganallur,12.89274429975604,80.23089253663179,OMR-Sholinganallur,"Neduncheliyan street near  to Pazhandi Amman Temple, Sholinganallur, Sholinganallur, chennai",FEMALE,Both,1.8,6.4,FOUR,6000,3000,False,True,True,True,True,,,,,,,,,,Bike,0,False,False,False,False,False,False,,False,False,False
8aa99baaa018f34201a01a3c9e8273e1,PG for Girls in Sholinganallur,12.90669016128275,80.2304428998919,Sholinganallur," Lal Bahadur Shastri St, Laxmi Nagar Extension, , Sholinganallur, Sholinganallur, chennai",FEMALE,Both,6.6,6.3,THREE,7900,4000,True,True,True,True,True,,,,,,,,,,Bike,4,True,True,True,True,True,True,,False,False,False
8aa99baaa018f34201a01a3c9e8273e1,PG for Girls in Sholinganallur,12.90669016128275,80.2304428998919,Sholinganallur," Lal Bahadur Shastri St, Laxmi Nagar Extension, , Sholinganallur, Sholinganallur, chennai",FEMALE,Both,6.6,6.3,FOUR,7900,4000,True,True,True,True,True,,,,,,,,,,Bike,4,True,True,True,True,True,True,,False,False,False
8a9f098286d020310186d08a99c34902,PG for Girls in Sholinganallur,12.900599968520044,80.22810573187917,Sholinganallur," Ezhil Nagar near J-10 Semmenchery Police Station, Sholinganallur, Sholinganallur, chennai",FEMALE,Both,,,SINGLE,8500,3000,False,True,True,True,True,,,False,,,,False,False,,Bike,0,False,False,False,False,False,False,,False,False,False
8a9f098286d020310186d08a99c34902,PG for Girls in Sholinganallur,12.900599968520044,80.22810573187917,Sholinganallur," Ezhil Nagar near J-10 Semmenchery Police Station, Sholinganallur, Sholinganallur, chennai",FEMALE,Both,,,DOUBLE,8500,3000,False,True,True,True,True,,,False,,,,False,False,,Bike,0,False,False,False,False,False,False,,False,False,False
8a9f098286d020310186d08a99c34902,PG for Girls in Sholinganallur,12.900599968520044,80.22810573187917,Sholinganallur," Ezhil Nagar near J-10 Semmenchery Police Station, Sholinganallur, Sholinganallur, chennai",FEMALE,Both,,,THREE,8000,3000,False,True,True,True,True,,,False,,,,False,False,,Bike,0,False,False,False,False,False,False,,False,False,False
8a9f098286d020310186d08a99c34902,PG for Girls in Sholinganallur,12.900599968520044,80.22810573187917,Sholinganallur," Ezhil Nagar near J-10 Semmenchery Police Station, Sholinganallur, Sholinganallur, chennai",FEMALE,Both,,,FOUR,6500,3000,False,True,True,True,True,,,False,,,,False,False,,Bike,0,False,False,False,False,False,False,,False,False,False
ff8081816acdd828016acfa3dd2f2f99,PG for Girls in Sholinganallur,12.906858461343354,80.2253064147123,Sholinganallur,"Old Mahabalipuram Road, Near  Wipro Limited , Sholinganallur, Sholinganallur, chennai",FEMALE,Both,,,SINGLE,8000,3000,False,True,True,True,True,False,False,True,True,True,False,True,True,False,Bike,191,False,False,False,False,False,False,,False,False,False
ff8081816acdd828016acfa3dd2f2f99,PG for Girls in Sholinganallur,12.906858461343354,80.2253064147123,Sholinganallur,"Old Mahabalipuram Road, Near  Wipro Limited , Sholinganallur, Sholinganallur, chennai",FEMALE,Both,,,DOUBLE,6000,3000,False,True,True,True,True,False,False,True,True,True,False,True,True,False,Bike,191,False,False,False,False,False,False,,False,False,False
ff8081816acdd828016acfa3dd2f2f99,PG for Girls in Sholinganallur,12.906858461343354,80.2253064147123,Sholinganallur,"Old Mahabalipuram Road, Near  Wipro Limited , Sholinganallur, Sholinganallur, chennai",FEMALE,Both,,,THREE,8000,3000,True,True,True,True,True,False,False,True,True,True,False,True,True,False,Bike,191,True,True,False,False,True,True,,False,False,False
ff8081816acdd828016acfa3dd2f2f99,PG for Girls in Sholinganallur,12.906858461343354,80.2253064147123,Sholinganallur,"Old Mahabalipuram Road, Near  Wipro Limited , Sholinganallur, Sholinganallur, chennai",FEMALE,Both,,,FOUR,6500,3000,True,True,True,True,True,False,False,True,True,True,False,True,True,False,Bike,191,True,True,False,False,True,True,,False,False,False
8a9fe28283309cbf018330e0c38b2c99,PG for Girls in Sholinganallur,12.906204118569285,80.2258388920762,Sholinganallur,"T E K Meadows, Old, Mahabalipuram Road, Sholinganallur, Chennai, Sholinganallur, Sholinganallur, chennai",FEMALE,Both,,,DOUBLE,8000,5000,False,True,True,True,True,,,,,,,,,,Bike,0,True,False,False,False,False,False,,False,False,False
8a9fe28283309cbf018330e0c38b2c99,PG for Girls in Sholinganallur,12.906204118569285,80.2258388920762,Sholinganallur,"T E K Meadows, Old, Mahabalipuram Road, Sholinganallur, Chennai, Sholinganallur, Sholinganallur, chennai",FEMALE,Both,,,THREE,7500,4000,False,True,True,True,True,,,,,,,,,,Bike,0,False,False,False,False,False,False,,False,False,False
8a9fe28283309cbf018330e0c38b2c99,PG for Girls in Sholinganallur,12.906204118569285,80.2258388920762,Sholinganallur,"T E K Meadows, Old, Mahabalipuram Road, Sholinganallur, Chennai, Sholinganallur, Sholinganallur, chennai",FEMALE,Both,,,FOUR,6000,3000,False,True,True,True,True,,,,,,,,,,Bike,0,False,False,False,False,False,False,,False,False,False
8aa9aef19f1bbd0b019f1c187019261b,PG for Girls in Sholinganallur,12.90049189843382,80.22383586492037,Sholinganallur,"medavakkam road near Mohamed Sathak College Of Arts & Science, Sholinganallur, Sholinganallur, chennai",FEMALE,Both,,,THREE,11000,5000,True,True,True,True,True,,,,,,,,,,Bike,4,True,True,False,True,True,True,,False,False,False
8aa9aef19f1bbd0b019f1c187019261b,PG for Girls in Sholinganallur,12.90049189843382,80.22383586492037,Sholinganallur,"medavakkam road near Mohamed Sathak College Of Arts & Science, Sholinganallur, Sholinganallur, chennai",FEMALE,Both,,,FOUR,9000,5000,True,True,True,True,True,,,,,,,,,,Bike,4,True,True,False,True,True,True,,False,False,False
8aa9b48b9fff30aa01a00026917c2f7d,PG for Girls in Sholinganallur,12.897956,80.23131,Sholinganallur,"MGR Rd,  near  Ramana Vidyalaya , Sholinganallur, Sholinganallur, chennai",FEMALE,Both,2.2,6.3,THREE,7000,3000,False,True,True,True,True,,,,,,,,,,Bike,0,False,False,False,False,False,False,,False,False,False
8a9f9f827c54fdc8017c55e612f30108,PG for Girls in Sholinganallur,12.897344530538955,80.23045246934672,Sholinganallur,"Ezhil Nagar  Near NANDHI MEDICALS MAIN, Sholinganallur, Sholinganallur, chennai",FEMALE,Working Professional,,,SINGLE,10000,4000,False,True,True,True,True,True,True,False,False,True,False,True,False,True,Bike,19,False,False,False,False,False,False,,True,False,False
8a9f9f827c54fdc8017c55e612f30108,PG for Girls in Sholinganallur,12.897344530538955,80.23045246934672,Sholinganallur,"Ezhil Nagar  Near NANDHI MEDICALS MAIN, Sholinganallur, Sholinganallur, chennai",FEMALE,Working Professional,,,DOUBLE,12000,4000,True,True,True,True,True,True,True,False,False,True,False,True,False,True,Bike,19,True,True,True,True,True,True,,True,False,False
8a9f9f827c54fdc8017c55e612f30108,PG for Girls in Sholinganallur,12.897344530538955,80.23045246934672,Sholinganallur,"Ezhil Nagar  Near NANDHI MEDICALS MAIN, Sholinganallur, Sholinganallur, chennai",FEMALE,Working Professional,,,THREE,8500,4000,True,True,True,True,True,True,True,False,False,True,False,True,False,True,Bike,19,False,True,True,True,True,True,,True,False,False
8a9f9f827c54fdc8017c55e612f30108,PG for Girls in Sholinganallur,12.897344530538955,80.23045246934672,Sholinganallur,"Ezhil Nagar  Near NANDHI MEDICALS MAIN, Sholinganallur, Sholinganallur, chennai",FEMALE,Working Professional,,,FOUR,7000,4000,False,True,True,True,True,True,True,False,False,True,False,True,False,True,Bike,19,False,False,False,False,False,False,,True,False,False
8aa99d5f9b2fd71b019b30e66e1f6f39,PG for Girls in Sholinganallur,12.891490930499772,80.22769425288686,OMR-Sholinganallur,"Nedunchezian Salai, near Infosys, Sholinganallur, Sholinganallur, chennai",FEMALE,Both,5.8,3.1,DOUBLE,8500,1000,False,True,True,True,True,,,,,,,,,,Bike,0,False,False,False,False,False,False,,False,False,False
8aa9b70f9ff40868019ff4151d670322,PG for Girls in Sholinganallur,12.899426318849317,80.22826741277751,Sholinganallur,"Rajiv Gandhi Salai NEAR Sri Sai Nandeeswaraa Luxury ladies PG, Sholinganallur, Sholinganallur, chennai",FEMALE,Both,6.4,7.7,THREE,8000,3000,False,True,False,False,False,,,,,,,,,,Bike,0,False,False,False,False,False,False,,False,False,False
8aa9b70f9ff40868019ff4151d670322,PG for Girls in Sholinganallur,12.899426318849317,80.22826741277751,Sholinganallur,"Rajiv Gandhi Salai NEAR Sri Sai Nandeeswaraa Luxury ladies PG, Sholinganallur, Sholinganallur, chennai",FEMALE,Both,6.4,7.7,FOUR,7000,3000,False,True,False,False,False,,,,,,,,,,Bike,0,False,False,False,False,False,False,,False,False,False
8a9fdf828607ed0401860814203f170f,PG for Girls in Sholinganallur,12.903984,80.230209,Sholinganallur," Anna St near Selva Super Market , Sholinganallur, Sholinganallur, chennai",FEMALE,Both,,,SINGLE,7500,4000,False,True,True,True,True,,,,,,,,,,Bike,0,False,False,False,False,False,False,,False,False,False
8a9fdf828607ed0401860814203f170f,PG for Girls in Sholinganallur,12.903984,80.230209,Sholinganallur," Anna St near Selva Super Market , Sholinganallur, Sholinganallur, chennai",FEMALE,Both,,,DOUBLE,5500,4000,False,True,True,True,True,,,,,,,,,,Bike,0,False,False,False,False,False,False,,False,False,False
8a9fdf828607ed0401860814203f170f,PG for Girls in Sholinganallur,12.903984,80.230209,Sholinganallur," Anna St near Selva Super Market , Sholinganallur, Sholinganallur, chennai",FEMALE,Both,,,THREE,7500,4000,False,True,True,True,True,,,,,,,,,,Bike,0,True,False,False,False,False,False,,False,False,False
8a9fdf828607ed0401860814203f170f,PG for Girls in Sholinganallur,12.903984,80.230209,Sholinganallur," Anna St near Selva Super Market , Sholinganallur, Sholinganallur, chennai",FEMALE,Both,,,FOUR,5500,4000,False,True,True,True,True,,,,,,,,,,Bike,0,False,False,False,False,False,False,,False,False,False
8aa9a05a9bedf484019bee8183463070,PG for Girls in Sholinganallur,12.883137923785046,80.23001142835597,OMR-Sholinganallur,"KKJ Ladies hostel  Near Kumaran Hospital, 12, Ponniamman Koil 2nd St, TNHB, Sholinganallur, Chennai, Tamil Nadu 600119, Sholinganallur, Sholinganallur, chennai",FEMALE,Both,1.5,6.4,SINGLE,12500,5000,True,True,True,True,True,True,True,True,False,True,True,True,True,False,Bike,24,True,True,True,True,True,True,,True,True,False
8aa9a05a9bedf484019bee8183463070,PG for Girls in Sholinganallur,12.883137923785046,80.23001142835597,OMR-Sholinganallur,"KKJ Ladies hostel  Near Kumaran Hospital, 12, Ponniamman Koil 2nd St, TNHB, Sholinganallur, Chennai, Tamil Nadu 600119, Sholinganallur, Sholinganallur, chennai",FEMALE,Both,1.5,6.4,DOUBLE,10000,5000,True,True,True,True,True,True,True,True,False,True,True,True,True,False,Bike,24,True,True,True,True,True,True,,True,True,False
8aa9a05a9bedf484019bee8183463070,PG for Girls in Sholinganallur,12.883137923785046,80.23001142835597,OMR-Sholinganallur,"KKJ Ladies hostel  Near Kumaran Hospital, 12, Ponniamman Koil 2nd St, TNHB, Sholinganallur, Chennai, Tamil Nadu 600119, Sholinganallur, Sholinganallur, chennai",FEMALE,Both,1.5,6.4,THREE,8500,5000,True,True,True,True,True,True,True,True,False,True,True,True,True,False,Bike,24,True,True,True,True,True,True,,True,True,False
8aa9a05a9bedf484019bee8183463070,PG for Girls in Sholinganallur,12.883137923785046,80.23001142835597,OMR-Sholinganallur,"KKJ Ladies hostel  Near Kumaran Hospital, 12, Ponniamman Koil 2nd St, TNHB, Sholinganallur, Chennai, Tamil Nadu 600119, Sholinganallur, Sholinganallur, chennai",FEMALE,Both,1.5,6.4,FOUR,7500,5000,True,True,True,True,True,True,True,True,False,True,True,True,True,False,Bike,24,True,True,True,True,True,True,,True,True,False
8a9fbf8280dfccc40180e00d413c285a,PG for Boys in Tharamani,12.985578719404513,80.2438792734955,Tharamani,"CSIR Road Near Institute for Water Studies, Tharamani, Tharamani, chennai",MALE,Student,7.7,6.2,SINGLE,0,0,False,False,False,False,False,False,False,False,False,False,False,True,True,False,Bike,11,,,,,,,,True,True,False
8a9fbf8280dfccc40180e00d413c285a,PG for Boys in Tharamani,12.985578719404513,80.2438792734955,Tharamani,"CSIR Road Near Institute for Water Studies, Tharamani, Tharamani, chennai",MALE,Student,7.7,6.2,DOUBLE,2500,5000,False,False,False,False,False,False,False,False,False,False,False,True,True,False,Bike,11,False,False,False,False,False,False,,True,True,False
8a9fbd827ec80db3017ec86499122654,PG for Boys in Tharamani,12.985750620706462,80.24058256785085,Tharamani,"Mahathma Gandhi Nagar, Near Ration Shop TNCSC, Tharamani, Tharamani, chennai",MALE,Both,,,THREE,7000,3000,False,True,True,True,True,,,,,,,,,,None,0,False,False,False,False,False,False,,False,False,False
8a9fbd827ec80db3017ec86499122654,PG for Boys in Tharamani,12.985750620706462,80.24058256785085,Tharamani,"Mahathma Gandhi Nagar, Near Ration Shop TNCSC, Tharamani, Tharamani, chennai",MALE,Both,,,FOUR,6000,3000,False,True,True,True,True,,,,,,,,,,None,0,False,False,False,False,False,False,,False,False,False
8aa9a4679d0f51f8019d0fea1e1f41ab,PG for Boys in  Kottivakkam,12.985701077428267,80.24605788766537,Tharamani,"Rajiv Gandhi STREET NEAR IDFC FIRST Bank - Chennai, Kottivakkam Branch,  Kottivakkam,  Kottivakkam, chennai",MALE,Both,8.4,6.0,DOUBLE,8500,8500,False,False,False,False,False,,,,,,,,,,Bike,0,False,False,False,False,False,False,,False,False,False
8aa9a4679d0f51f8019d0fea1e1f41ab,PG for Boys in  Kottivakkam,12.985701077428267,80.24605788766537,Tharamani,"Rajiv Gandhi STREET NEAR IDFC FIRST Bank - Chennai, Kottivakkam Branch,  Kottivakkam,  Kottivakkam, chennai",MALE,Both,8.4,6.0,THREE,7500,7500,False,False,False,False,False,,,,,,,,,,Bike,0,False,False,False,False,False,False,,False,False,False
8aa9a4679d0f51f8019d0fea1e1f41ab,PG for Boys in  Kottivakkam,12.985701077428267,80.24605788766537,Tharamani,"Rajiv Gandhi STREET NEAR IDFC FIRST Bank - Chennai, Kottivakkam Branch,  Kottivakkam,  Kottivakkam, chennai",MALE,Both,8.4,6.0,FOUR,7500,7500,False,False,False,False,False,,,,,,,,,,Bike,0,False,False,False,False,False,False,,False,False,False
8a9fde82878d637e01878d7d20b20a1d,PG for Boys in Tharamani,12.984832481741243,80.24598620417227,Tharamani,"CSIR Rd, Near  Ascendas IT Park, Tharamani, Tharamani, chennai",MALE,Both,7.4,8.6,SINGLE,10000,20000,False,True,True,True,True,False,True,False,True,True,False,True,True,False,Bike,4,True,True,False,True,True,True,,True,True,False
8a9fde82878d637e01878d7d20b20a1d,PG for Boys in Tharamani,12.984832481741243,80.24598620417227,Tharamani,"CSIR Rd, Near  Ascendas IT Park, Tharamani, Tharamani, chennai",MALE,Both,7.4,8.6,DOUBLE,8000,16000,True,True,True,True,True,False,True,False,True,True,False,True,True,False,Bike,4,True,True,False,True,True,True,,True,True,False
8a9f92c3908b93ff01908becf8cb2947,PG for Boys in Tharamani,12.983907081674072,80.23983397175829,Tharamani,"Mahathma Gandhi near SVH Men PG, Sky hostel, Tharamani, Tharamani, chennai",MALE,Both,,,DOUBLE,12000,5000,False,True,True,True,True,,,,,,,,,,Bike,0,False,False,False,False,False,False,,False,False,False
8a9fa78697ba8da70197bac07eb91a5c,PG for Boys in Tharamani,12.98384142259963,80.2397978679792,Tharamani,"Mahathma Gandhi Nagar,  SVH Men PG, Sky hostel, Tharamani, Tharamani, chennai",MALE,Both,8.3,8.1,,,,,True,True,True,True,,,,,,,,,,Bike,0,,,,,,,,False,False,False
8aa9b7ae9c483c85019c4b45415208e0,PG for Boys in Tharamani,12.984305574664878,80.2392317666653,Tharamani,"beside IIT,near Sri Lakshmi Meghana PG For Ladies, Tharamani, Tharamani, chennai",MALE,Both,7.8,6.2,DOUBLE,12000,4000,False,True,True,True,True,,,,,,,,,,Bike,0,False,False,False,False,False,False,,False,False,False
8aa9b7ae9c483c85019c4b45415208e0,PG for Boys in Tharamani,12.984305574664878,80.2392317666653,Tharamani,"beside IIT,near Sri Lakshmi Meghana PG For Ladies, Tharamani, Tharamani, chennai",MALE,Both,7.8,6.2,THREE,8000,4000,False,True,True,True,True,,,,,,,,,,Bike,0,False,False,False,False,False,False,,False,False,False
8aa9b7ae9c483c85019c4b45415208e0,PG for Boys in Tharamani,12.984305574664878,80.2392317666653,Tharamani,"beside IIT,near Sri Lakshmi Meghana PG For Ladies, Tharamani, Tharamani, chennai",MALE,Both,7.8,6.2,FOUR,7500,4000,False,True,True,True,True,,,,,,,,,,Bike,0,False,False,False,False,False,False,,False,False,False
8a9f94038ec1ac6c018ec1beb9790798,PG for Boys in Taramani ,12.984271374453952,80.23913032348402,Tharamani,"anna nagar near Mummy Daddy Andhra Mess, Taramani , Taramani , chennai",MALE,Both,,,SINGLE,0,0,False,False,False,False,False,False,False,False,False,False,False,True,True,False,Bike,3,,,,,,,,True,True,False
8a9f94038ec1ac6c018ec1beb9790798,PG for Boys in Taramani ,12.984271374453952,80.23913032348402,Tharamani,"anna nagar near Mummy Daddy Andhra Mess, Taramani , Taramani , chennai",MALE,Both,,,DOUBLE,2500,5000,False,False,False,False,False,False,False,False,False,False,False,True,True,False,Bike,3,False,False,False,False,False,False,,True,True,False
8a9f94038ec1ac6c018ec1beb9790798,PG for Boys in Taramani ,12.984271374453952,80.23913032348402,Tharamani,"anna nagar near Mummy Daddy Andhra Mess, Taramani , Taramani , chennai",MALE,Both,,,FOUR,0,0,False,False,False,False,False,False,False,False,False,False,False,True,True,False,Bike,3,,,,,,,,True,True,False
8a9f87038dd3be16018dd439f4db2bff,PG for Boys in Tharamani,12.984304271251947,80.23903645831106,Tharamani,"Pillaiyar Koil St near Mummy Daddy Andhra Mess, Tharamani, Tharamani, chennai",MALE,Both,,,THREE,7000,3000,False,True,True,True,True,,,,,,,,,,Bike,0,False,False,False,False,False,False,,False,False,False
8a9f87038dd3be16018dd439f4db2bff,PG for Boys in Tharamani,12.984304271251947,80.23903645831106,Tharamani,"Pillaiyar Koil St near Mummy Daddy Andhra Mess, Tharamani, Tharamani, chennai",MALE,Both,,,FOUR,8000,3000,False,True,True,True,True,,,,,,,,,,Bike,0,False,False,False,False,False,False,,False,False,False
8aa9a4b99efede75019eff011e390dea,PG for Boys in Tharamani,12.984517073149416,80.24762740294757,Tharamani,"CSIR Rd,   near     National Agro Foundation, Tharamani, Tharamani, chennai",MALE,Both,8.4,6.0,DOUBLE,8000,3000,False,True,True,True,True,,,,,,,,,,Bike,0,False,False,False,False,False,False,,False,False,False
8aa9a4b99efede75019eff011e390dea,PG for Boys in Tharamani,12.984517073149416,80.24762740294757,Tharamani,"CSIR Rd,   near     National Agro Foundation, Tharamani, Tharamani, chennai",MALE,Both,8.4,6.0,THREE,6500,3000,False,True,True,True,True,,,,,,,,,,Bike,0,False,False,False,False,False,False,,False,False,False
8aa9a4b99efede75019eff011e390dea,PG for Boys in Tharamani,12.984517073149416,80.24762740294757,Tharamani,"CSIR Rd,   near     National Agro Foundation, Tharamani, Tharamani, chennai",MALE,Both,8.4,6.0,FOUR,6000,3000,False,True,True,True,True,,,,,,,,,,Bike,0,False,False,False,False,False,False,,False,False,False
8aa9ac899b977b13019b9841f0a5551f,PG for Boys in Tharamani,12.984289573716156,80.23890543803688,Tharamani," Anna Nagar near SRI SAI RAM ANDHRA SNACKS, Tharamani, Tharamani, chennai",MALE,Both,8.5,6.2,THREE,7500,2000,False,True,True,True,True,,,,,,,,,,Bike,0,False,False,False,False,False,False,,False,False,False
8a9fb0827da8f335017da92d6f06313b,PG for Boys in Tharamani,12.98174807504726,80.24204684637776,Tharamani," Taramani Link Rd near St.Antony's Church Tharamani, Tharamani, Tharamani, chennai",MALE,Both,,,SINGLE,4500,4500,False,False,False,False,False,,,,,,,,,,Bike,0,False,False,False,False,False,False,,False,False,False
8a9fb0827da8f335017da92d6f06313b,PG for Boys in Tharamani,12.98174807504726,80.24204684637776,Tharamani," Taramani Link Rd near St.Antony's Church Tharamani, Tharamani, Tharamani, chennai",MALE,Both,,,DOUBLE,3250,2000,False,False,False,False,False,,,,,,,,,,Bike,0,False,False,False,False,False,False,,False,False,False
8a9fb0827da8f335017da92d6f06313b,PG for Boys in Tharamani,12.98174807504726,80.24204684637776,Tharamani," Taramani Link Rd near St.Antony's Church Tharamani, Tharamani, Tharamani, chennai",MALE,Both,,,THREE,3250,2000,False,False,False,False,False,,,,,,,,,,Bike,0,False,False,False,False,False,False,,False,False,False
8a9f8a838faab474018faaba58510047,PG for Boys in Tharamani,12.982098029776425,80.24624601761305,Tharamani,"100 Feet Rd near American International School, Tharamani, Tharamani, chennai",MALE,Both,,,DOUBLE,8500,3000,False,True,True,True,True,,,,,,,,,,Bike,0,True,False,False,False,False,False,,False,False,False
8a9f8a838faab474018faaba58510047,PG for Boys in Tharamani,12.982098029776425,80.24624601761305,Tharamani,"100 Feet Rd near American International School, Tharamani, Tharamani, chennai",MALE,Both,,,THREE,7000,3000,False,True,True,True,True,,,,,,,,,,Bike,0,True,False,False,False,False,False,,False,False,False
8a9f8a838faab474018faaba58510047,PG for Boys in Tharamani,12.982098029776425,80.24624601761305,Tharamani,"100 Feet Rd near American International School, Tharamani, Tharamani, chennai",MALE,Both,,,FOUR,6000,3000,False,True,True,True,True,,,,,,,,,,Bike,0,False,False,False,False,False,False,,False,False,False
8a9f868d6f8fad87016f98ebc5b77cda,PG for Boys in Taramani,12.981578594737758,80.24106328464781,Tharamani,"Jawaharlal Nehru Salai, near Masjid Allah, Taramani, Taramani, chennai",MALE,Both,,,DOUBLE,7000,3000,False,True,True,True,True,,,,,,,,,,Bike,0,False,False,False,False,False,False,,False,False,False
8a9f868d6f8fad87016f98ebc5b77cda,PG for Boys in Taramani,12.981578594737758,80.24106328464781,Tharamani,"Jawaharlal Nehru Salai, near Masjid Allah, Taramani, Taramani, chennai",MALE,Both,,,THREE,7500,3000,False,True,True,True,True,,,,,,,,,,Bike,0,False,False,False,False,False,False,,False,False,False
8a9f868d6f8fad87016f98ebc5b77cda,PG for Boys in Taramani,12.981578594737758,80.24106328464781,Tharamani,"Jawaharlal Nehru Salai, near Masjid Allah, Taramani, Taramani, chennai",MALE,Both,,,FOUR,6000,3000,False,True,True,True,True,,,,,,,,,,Bike,0,False,False,False,False,False,False,,False,False,False
8a9f91a697fde7660197fe1fa08719b0,PG for Boys in Taramani,12.983376670490479,80.23877494477652,Tharamani,"Anna Nagar, Near Kavya Gents PG, Taramani, Taramani, chennai",MALE,Both,8.8,6.2,DOUBLE,7000,3000,False,True,True,True,True,,,,,,,,,,Bike,0,False,False,False,False,False,False,,False,False,False
8a9f91a697fde7660197fe1fa08719b0,PG for Boys in Taramani,12.983376670490479,80.23877494477652,Tharamani,"Anna Nagar, Near Kavya Gents PG, Taramani, Taramani, chennai",MALE,Both,8.8,6.2,THREE,8000,3000,False,True,True,True,True,,,,,,,,,,Bike,0,False,False,False,False,False,False,,False,False,False
8a9f91a697fde7660197fe1fa08719b0,PG for Boys in Taramani,12.983376670490479,80.23877494477652,Tharamani,"Anna Nagar, Near Kavya Gents PG, Taramani, Taramani, chennai",MALE,Both,8.8,6.2,FOUR,6500,3000,False,True,True,True,True,,,,,,,,,,Bike,0,False,False,False,False,False,False,,False,False,False
8a9f9384993be12b01993c491eea1b11,PG for Boys in Tharamani,12.98144471085428,80.24113362346878,Tharamani,"100 Feet Road near Jumma Masjid, Tharamani, Tharamani, chennai",MALE,Both,8.6,6.2,FOUR,6500,6500,False,True,True,True,True,,,,,,,,,,Bike,0,False,False,False,False,False,False,,False,False,False
8a9faf827beeb499017befb01ac12bb3,PG for Boys in Tharamani ,12.982787,80.2391517,Tharamani,"Anna Nagar,Near Tharamani Government School, Tharamani , Tharamani , chennai",MALE,Both,7.2,8.0,SINGLE,12000,12000,False,True,True,False,True,True,True,False,True,True,False,True,True,False,Bike,14,True,True,False,True,True,True,12:00 AM,True,False,False
8a9faf827beeb499017befb01ac12bb3,PG for Boys in Tharamani ,12.982787,80.2391517,Tharamani,"Anna Nagar,Near Tharamani Government School, Tharamani , Tharamani , chennai",MALE,Both,7.2,8.0,DOUBLE,9500,9500,False,True,True,False,True,True,True,False,True,True,False,True,True,False,Bike,14,True,True,False,True,True,True,12:00 AM,True,False,False
8a9faf827beeb499017befb01ac12bb3,PG for Boys in Tharamani ,12.982787,80.2391517,Tharamani,"Anna Nagar,Near Tharamani Government School, Tharamani , Tharamani , chennai",MALE,Both,7.2,8.0,THREE,8000,8000,False,True,True,False,True,True,True,False,True,True,False,True,True,False,Bike,14,True,True,False,True,True,True,12:00 AM,True,False,False
8a9f911273be65190173beb34ba921c7,PG for Boys in Tharamani,12.991600109380341,80.24390824973753,Tharamani,"MGR Film City Road near IIT Madras Research Park, Tharamani, Tharamani, chennai",MALE,Both,8.6,7.9,DOUBLE,6500,1000,False,True,True,True,True,True,True,False,False,True,True,True,False,False,Bike,52,False,False,False,False,False,False,11:30 PM,False,False,False
8a9f911273be65190173beb34ba921c7,PG for Boys in Tharamani,12.991600109380341,80.24390824973753,Tharamani,"MGR Film City Road near IIT Madras Research Park, Tharamani, Tharamani, chennai",MALE,Both,8.6,7.9,THREE,6000,1000,False,True,True,True,True,True,True,False,False,True,True,True,False,False,Bike,52,False,False,False,False,False,False,11:30 PM,False,False,False
8a9f911273be65190173beb34ba921c7,PG for Boys in Tharamani,12.991600109380341,80.24390824973753,Tharamani,"MGR Film City Road near IIT Madras Research Park, Tharamani, Tharamani, chennai",MALE,Both,8.6,7.9,FOUR,5500,1000,False,True,True,True,True,True,True,False,False,True,True,True,False,False,Bike,52,False,False,False,False,False,False,11:30 PM,False,False,False
8a9fa2859781e2b00197823a62d8239c,PG for Boys in Tharamani ,12.991929463125631,80.2437254072952,Tharamani,"MGR Film City Road Kanagam, Tharamani Chennai near IIT Madras Research Park, Tharamani , Tharamani , chennai",MALE,Both,6.6,6.0,THREE,7000,2000,False,True,True,True,True,,,,,,,,,,Bike,0,False,False,False,False,False,False,,False,False,False
8a9f849f6f8fa168016f98bb03b573a3,PG for Boys in Taramani,12.990833,80.246944,Tharamani,"Ramanujan IT City MGR Film City Road, near Cognizant Technology Solutions CRC Campus, Taramani, Taramani, chennai",MALE,Both,7.3,6.2,SINGLE,9000,3000,False,True,True,True,True,,,,,,,,,,Bike,5,False,False,False,False,False,False,,False,False,False
8a9f849f6f8fa168016f98bb03b573a3,PG for Boys in Taramani,12.990833,80.246944,Tharamani,"Ramanujan IT City MGR Film City Road, near Cognizant Technology Solutions CRC Campus, Taramani, Taramani, chennai",MALE,Both,7.3,6.2,DOUBLE,7000,3000,False,True,True,True,True,,,,,,,,,,Bike,5,False,False,False,False,False,False,,False,False,False
8a9f849f6f8fa168016f98bb03b573a3,PG for Boys in Taramani,12.990833,80.246944,Tharamani,"Ramanujan IT City MGR Film City Road, near Cognizant Technology Solutions CRC Campus, Taramani, Taramani, chennai",MALE,Both,7.3,6.2,THREE,7000,3000,False,True,True,True,True,,,,,,,,,,Bike,5,False,False,False,False,False,False,,False,False,False
8a9f849f6f8fa168016f98bb03b573a3,PG for Boys in Taramani,12.990833,80.246944,Tharamani,"Ramanujan IT City MGR Film City Road, near Cognizant Technology Solutions CRC Campus, Taramani, Taramani, chennai",MALE,Both,7.3,6.2,FOUR,6000,3000,True,True,True,True,True,,,,,,,,,,Bike,5,False,False,False,False,False,True,,False,False,False
8aa9ac009fb1f0fd019fb26c5fa65502,"PG for Boys in Tharamani,",12.981092360211848,80.24054451971284,Tharamani,"5, Barathiyar St, Thanthai Periyar Nagar, , Tharamani,, Tharamani,, chennai",MALE,Both,8.4,6.2,DOUBLE,7000,2000,True,True,True,True,True,,,,,,,,,,Bike,1,False,True,True,True,True,True,,False,False,False
8a9f8b83924b9cd901924bfe2e3f26c4,PG for Boys in Tharamani,12.981044266494159,80.24061183049811,Tharamani,"100 Feet Rd, Thanthai Periyar Nagar near  Hema Mahal, Tharamani, Tharamani, chennai",MALE,Both,,,DOUBLE,7500,2000,False,True,True,True,True,,,,,,,,,,Bike,0,False,False,False,False,False,False,,False,False,False
8a9f8b83924b9cd901924bfe2e3f26c4,PG for Boys in Tharamani,12.981044266494159,80.24061183049811,Tharamani,"100 Feet Rd, Thanthai Periyar Nagar near  Hema Mahal, Tharamani, Tharamani, chennai",MALE,Both,,,THREE,7500,2000,False,True,True,True,True,,,,,,,,,,Bike,0,True,False,False,False,False,False,,False,False,False
8a9f8b83924b9cd901924bfe2e3f26c4,PG for Boys in Tharamani,12.981044266494159,80.24061183049811,Tharamani,"100 Feet Rd, Thanthai Periyar Nagar near  Hema Mahal, Tharamani, Tharamani, chennai",MALE,Both,,,FOUR,5000,2000,False,True,True,True,True,,,,,,,,,,Bike,0,False,False,False,False,False,False,,False,False,False
ff8081816d48ee10016d4909d5f212e8,PG for Boys in Tharamani,12.982596667059163,80.23817955033188,Tharamani,"Lake View Street Near Panchamukha Hanuman Temple, Tharamani, Tharamani, chennai",MALE,Working Professional,,,SINGLE,6500,3000,False,True,True,True,True,False,False,False,False,False,False,False,True,False,Bike,0,False,False,False,False,False,False,,False,False,False
ff8081816d48ee10016d4909d5f212e8,PG for Boys in Tharamani,12.982596667059163,80.23817955033188,Tharamani,"Lake View Street Near Panchamukha Hanuman Temple, Tharamani, Tharamani, chennai",MALE,Working Professional,,,DOUBLE,6000,3000,False,True,True,True,True,False,False,False,False,False,False,False,True,False,Bike,0,False,False,False,False,False,False,,False,False,False
ff8081816d48ee10016d4909d5f212e8,PG for Boys in Tharamani,12.982596667059163,80.23817955033188,Tharamani,"Lake View Street Near Panchamukha Hanuman Temple, Tharamani, Tharamani, chennai",MALE,Working Professional,,,THREE,7000,2998,False,True,True,True,True,False,False,False,False,False,False,False,True,False,Bike,0,False,False,False,False,False,False,,False,False,False
ff8081816d48ee10016d4909d5f212e8,PG for Boys in Tharamani,12.982596667059163,80.23817955033188,Tharamani,"Lake View Street Near Panchamukha Hanuman Temple, Tharamani, Tharamani, chennai",MALE,Working Professional,,,FOUR,6500,5000,False,True,True,True,True,False,False,False,False,False,False,False,True,False,Bike,0,False,False,False,False,False,False,,False,False,False
8a9faf8499cc13010199cc7f19511a11,PG for Boys in Taramani,12.989444879832691,80.24868034976204,Tharamani,"canal bank road near tcs, taramani, taramani, chennai",MALE,Both,8.6,8.3,THREE,7000,3000,False,True,True,True,True,False,False,True,False,False,False,False,False,False,Bike,0,False,False,False,False,False,False,,False,False,False
8a9faf8499cc13010199cc7f19511a11,PG for Boys in Taramani,12.989444879832691,80.24868034976204,Tharamani,"canal bank road near tcs, taramani, taramani, chennai",MALE,Both,8.6,8.3,FOUR,7000,3000,False,True,True,True,True,False,False,True,False,False,False,False,False,False,Bike,0,False,False,False,False,False,False,,False,False,False
8a9f960390716717019071c6e9e714f2,PG for Boys in Tharamani,12.989435790472866,80.24868617601123,Tharamani,"Canal Bank Rd,  near to  TCS, Tharamani, Tharamani, chennai",MALE,Both,,,,,,,True,True,True,True,False,True,True,False,False,False,False,False,False,Bike,9,,,,,,,10:00 PM,False,False,False
8aa9bef19b40ca69019b446c01ed1046,PG for Anyone in  Tharamani,12.989588734728379,80.24859918233872,Tharamani,"Rajiv Gandhi IT Expy,  near TIDEL Park,  Tharamani,  Tharamani, chennai",BOTH,Working Professional,7.9,8.3,SINGLE,19500,29250,False,False,False,False,False,True,True,True,False,True,True,True,True,True,Bike,14,True,True,False,True,True,False,,True,False,True
8aa9bef19b40ca69019b446c01ed1046,PG for Anyone in  Tharamani,12.989588734728379,80.24859918233872,Tharamani,"Rajiv Gandhi IT Expy,  near TIDEL Park,  Tharamani,  Tharamani, chennai",BOTH,Working Professional,7.9,8.3,DOUBLE,14500,21750,True,False,False,False,False,True,True,True,False,True,True,True,True,True,Bike,14,True,True,False,True,True,True,,True,False,True
8aa9bef19b40ca69019b446c01ed1046,PG for Anyone in  Tharamani,12.989588734728379,80.24859918233872,Tharamani,"Rajiv Gandhi IT Expy,  near TIDEL Park,  Tharamani,  Tharamani, chennai",BOTH,Working Professional,7.9,8.3,THREE,13500,20250,True,False,False,False,False,True,True,True,False,True,True,True,True,True,Bike,14,True,True,False,True,True,True,,True,False,True
8aa9bef19b40ca69019b446c01ed1046,PG for Anyone in  Tharamani,12.989588734728379,80.24859918233872,Tharamani,"Rajiv Gandhi IT Expy,  near TIDEL Park,  Tharamani,  Tharamani, chennai",BOTH,Working Professional,7.9,8.3,SINGLE,19500,29250,False,False,False,False,False,True,True,True,False,True,True,True,True,True,Bike,14,True,True,False,True,True,False,,True,False,True
8aa9bef19b40ca69019b446c01ed1046,PG for Anyone in  Tharamani,12.989588734728379,80.24859918233872,Tharamani,"Rajiv Gandhi IT Expy,  near TIDEL Park,  Tharamani,  Tharamani, chennai",BOTH,Working Professional,7.9,8.3,DOUBLE,14500,21750,True,False,False,False,False,True,True,True,False,True,True,True,True,True,Bike,14,True,True,False,True,True,True,,True,False,True
8aa9bef19b40ca69019b446c01ed1046,PG for Anyone in  Tharamani,12.989588734728379,80.24859918233872,Tharamani,"Rajiv Gandhi IT Expy,  near TIDEL Park,  Tharamani,  Tharamani, chennai",BOTH,Working Professional,7.9,8.3,THREE,13500,20250,True,False,False,False,False,True,True,True,False,True,True,True,True,True,Bike,14,True,True,False,True,True,True,,True,False,True
8aa98da99b82e1a1019b83cbb0f574ef,PG for Boys in Tharamani,12.98261555173071,80.23812377324944,Tharamani,"Lake View Street near Panchamukha Hanuman Temple, Tharamani, Tharamani, chennai",MALE,Both,7.5,6.2,THREE,8500,4000,False,True,True,True,True,,,,,,,,,,Bike,0,False,False,False,False,False,False,,False,False,False
8aa98da99b82e1a1019b83cbb0f574ef,PG for Boys in Tharamani,12.98261555173071,80.23812377324944,Tharamani,"Lake View Street near Panchamukha Hanuman Temple, Tharamani, Tharamani, chennai",MALE,Both,7.5,6.2,FOUR,7000,4000,False,True,True,True,True,,,,,,,,,,Bike,0,False,False,False,False,False,False,,False,False,False
8aa9b2159fa1a21f019fa1d428a415e3,PG for Boys in Tharamani,12.982582656282796,80.23814056527387,Tharamani,"Anna Nagar,   near   Panchamukha Hanuman Temple, Tharamani, Tharamani, chennai",MALE,Both,8.7,6.2,THREE,7500,3000,False,True,True,True,True,,,,,,,,,,Bike,0,False,False,False,False,False,False,,False,False,False
8aa9b2159fa1a21f019fa1d428a415e3,PG for Boys in Tharamani,12.982582656282796,80.23814056527387,Tharamani,"Anna Nagar,   near   Panchamukha Hanuman Temple, Tharamani, Tharamani, chennai",MALE,Both,8.7,6.2,FOUR,7000,3000,False,True,True,True,True,,,,,,,,,,Bike,0,False,False,False,False,False,False,,False,False,False
8aa9d5519dd7aa51019dd7ca54160dd7,PG for Boys in Tharamani,12.982618394523513,80.2381000472498,Tharamani,"Anna Nagar, near Panchamukha Hanuman Temple, Tharamani, Tharamani, chennai",MALE,Working Professional,,,THREE,7000,3000,False,True,True,True,True,,,,,,,,,,Bike,0,False,False,False,False,False,False,,False,False,False
ff8081815f0491da015f04968648016c,PG for Boys in Tharamani,12.982619032004427,80.23808905214956,Tharamani,"Anna Nagar Near Panchamukha Hanuman Temple, Tharamani, Tharamani, chennai",MALE,Both,,,DOUBLE,8000,3000,True,True,True,False,True,True,True,False,True,True,False,True,True,False,Bike,40,False,True,True,True,True,True,,False,False,False
ff8081815f0491da015f04968648016c,PG for Boys in Tharamani,12.982619032004427,80.23808905214956,Tharamani,"Anna Nagar Near Panchamukha Hanuman Temple, Tharamani, Tharamani, chennai",MALE,Both,,,THREE,7500,3000,True,True,True,False,True,True,True,False,True,True,False,True,True,False,Bike,40,False,True,True,True,True,True,,False,False,False
ff8081815f0491da015f04968648016c,PG for Boys in Tharamani,12.982619032004427,80.23808905214956,Tharamani,"Anna Nagar Near Panchamukha Hanuman Temple, Tharamani, Tharamani, chennai",MALE,Both,,,FOUR,6500,5000,False,True,True,False,True,True,True,False,True,True,False,True,True,False,Bike,40,True,False,False,False,False,False,,False,False,False
8a9f058389bb62a90189bba523b52a7e,PG for Boys in Tharamani,12.981146196195834,80.23963270173392,Tharamani,"Muthumariamman Kovil St near Kadhar Bai Dum Biriyani?s, Tharamani, Tharamani, chennai",MALE,Both,,,SINGLE,14000,3000,True,True,True,True,True,False,True,False,False,True,True,True,True,False,Bike,21,False,True,True,False,True,True,,True,False,False
8a9f058389bb62a90189bba523b52a7e,PG for Boys in Tharamani,12.981146196195834,80.23963270173392,Tharamani,"Muthumariamman Kovil St near Kadhar Bai Dum Biriyani?s, Tharamani, Tharamani, chennai",MALE,Both,,,DOUBLE,8000,3000,True,True,True,True,True,False,True,False,False,True,True,True,True,False,Bike,21,False,True,True,False,True,True,,True,False,False
8a9f058389bb62a90189bba523b52a7e,PG for Boys in Tharamani,12.981146196195834,80.23963270173392,Tharamani,"Muthumariamman Kovil St near Kadhar Bai Dum Biriyani?s, Tharamani, Tharamani, chennai",MALE,Both,,,THREE,7500,4000,True,True,True,True,True,False,True,False,False,True,True,True,True,False,Bike,21,False,True,True,False,True,True,,True,False,False
8a9f058389bb62a90189bba523b52a7e,PG for Boys in Tharamani,12.981146196195834,80.23963270173392,Tharamani,"Muthumariamman Kovil St near Kadhar Bai Dum Biriyani?s, Tharamani, Tharamani, chennai",MALE,Both,,,FOUR,7000,4000,False,True,True,True,True,False,True,False,False,True,True,True,True,False,Bike,21,False,False,False,False,False,False,,True,False,False
8a9fba8395b182170195b1c2f61a0e01,PG for Boys in Tharamani,12.982566393941543,80.23806992023775,Tharamani,"Anna Nagar near Panchamukha Hanuman Temple, Tharamani, Tharamani, chennai",MALE,Both,7.5,6.2,THREE,6500,3000,False,True,True,True,True,,,,,,,,,,Bike,0,False,False,False,False,False,False,,False,False,False
8a9fba8395b182170195b1c2f61a0e01,PG for Boys in Tharamani,12.982566393941543,80.23806992023775,Tharamani,"Anna Nagar near Panchamukha Hanuman Temple, Tharamani, Tharamani, chennai",MALE,Both,7.5,6.2,FOUR,6000,3000,False,True,True,True,True,,,,,,,,,,Bike,0,False,False,False,False,False,False,,False,False,False
8a9fc48281187ffb018118a5f4511957,PG for Boys in Taramani,12.982542,80.238041,Tharamani,"Lake View Street, Anna Nagar Near Panchamukha Hanuman Temple, taramani, taramani, chennai",MALE,Both,,,THREE,6500,3000,False,True,True,True,True,,,,,,,,,,None,0,False,False,False,False,False,False,,False,False,False
8a9fc48281187ffb018118a5f4511957,PG for Boys in Taramani,12.982542,80.238041,Tharamani,"Lake View Street, Anna Nagar Near Panchamukha Hanuman Temple, taramani, taramani, chennai",MALE,Both,,,FOUR,6500,3000,False,True,True,True,True,,,,,,,,,,None,0,False,False,False,False,False,False,,False,False,False
8a9f8e43917ee85c01917efc13dd0861,PG for Boys in Tharamani,12.980871093325327,80.23975178465577,Tharamani,"Thandhai Periyar Nagar, near Arulmigu Sri Mahasakthi Muthumariamman Alayam, Tharamani, Tharamani, chennai",MALE,Both,,,THREE,7000,3000,False,True,True,True,True,,,,,,,,,,Bike,0,True,False,False,False,False,False,,False,False,False
8a9f8e43917ee85c01917efc13dd0861,PG for Boys in Tharamani,12.980871093325327,80.23975178465577,Tharamani,"Thandhai Periyar Nagar, near Arulmigu Sri Mahasakthi Muthumariamman Alayam, Tharamani, Tharamani, chennai",MALE,Both,,,FOUR,6500,3000,False,True,True,True,True,,,,,,,,,,Bike,0,False,False,False,False,False,False,,False,False,False
8aa9860c9908ce4e019908d990c80490,PG for Boys in Tharamani,12.980448328874184,80.24055346746061,Tharamani,"Thanthai Periyar Nagar, Thandhai Periyar Nagar, Tharamani, TP Nagar    (  Sri Srinivasa Mens pg ), Tharamani, Tharamani, chennai",MALE,Both,8.0,7.9,DOUBLE,7000,2000,False,True,True,True,True,,,,,,,,,,Bike,0,False,False,False,False,False,False,,False,False,False
8aa9860c9908ce4e019908d990c80490,PG for Boys in Tharamani,12.980448328874184,80.24055346746061,Tharamani,"Thanthai Periyar Nagar, Thandhai Periyar Nagar, Tharamani, TP Nagar    (  Sri Srinivasa Mens pg ), Tharamani, Tharamani, chennai",MALE,Both,8.0,7.9,THREE,7500,2000,False,True,True,True,True,,,,,,,,,,Bike,0,False,False,False,False,False,False,,False,False,False
8aa9860c9908ce4e019908d990c80490,PG for Boys in Tharamani,12.980448328874184,80.24055346746061,Tharamani,"Thanthai Periyar Nagar, Thandhai Periyar Nagar, Tharamani, TP Nagar    (  Sri Srinivasa Mens pg ), Tharamani, Tharamani, chennai",MALE,Both,8.0,7.9,FOUR,0,0,False,True,True,True,True,,,,,,,,,,Bike,0,False,False,False,False,False,False,,False,False,False
8a9fb383963cfc1701963d2ebf2a1ad7,PG for Boys in Tharamani,12.9798187288417,80.24249474898473,Tharamani,"Kattabomman St, MGR Salai, Thanthai Periyar Nagar near   Lahanya Sri Gents PG, Tharamani, Tharamani, chennai",MALE,Both,8.0,7.9,DOUBLE,7000,3000,False,True,True,True,True,,,,,,,,,,Bike,0,True,False,False,False,False,False,,False,False,False
8a9fb383963cfc1701963d2ebf2a1ad7,PG for Boys in Tharamani,12.9798187288417,80.24249474898473,Tharamani,"Kattabomman St, MGR Salai, Thanthai Periyar Nagar near   Lahanya Sri Gents PG, Tharamani, Tharamani, chennai",MALE,Both,8.0,7.9,THREE,8500,3000,False,True,True,True,True,,,,,,,,,,Bike,0,True,False,False,False,False,False,,False,False,False
8a9fb383963cfc1701963d2ebf2a1ad7,PG for Boys in Tharamani,12.9798187288417,80.24249474898473,Tharamani,"Kattabomman St, MGR Salai, Thanthai Periyar Nagar near   Lahanya Sri Gents PG, Tharamani, Tharamani, chennai",MALE,Both,8.0,7.9,FOUR,6500,3000,False,True,True,True,True,,,,,,,,,,Bike,0,False,False,False,False,False,False,,False,False,False
8a9fa483940c81f401940cb16c8c10fd,PG for Boys in Tharamani,12.980684684993594,80.23966672268446,Tharamani,"Thandhai Periyar Nagar in Rest Now Gents PG, Tharamani, Tharamani, chennai",MALE,Both,,,THREE,8500,3000,False,True,True,True,True,,,,,,,,,,Bike,0,True,False,False,False,False,False,,False,False,False
8a9f99f290964e5a0190966b68c20964,PG for Boys in Anna Nagar,12.981597318017268,80.23833981357441,Tharamani," Ambal Nagar near C.S.I St. Mark's Church, Anna Nagar, Anna Nagar, chennai",MALE,Both,,,DOUBLE,9000,3000,True,True,True,True,True,,,,,,,,,,Bike,16,False,False,False,False,True,True,,False,False,False
8a9f99f290964e5a0190966b68c20964,PG for Boys in Anna Nagar,12.981597318017268,80.23833981357441,Tharamani," Ambal Nagar near C.S.I St. Mark's Church, Anna Nagar, Anna Nagar, chennai",MALE,Both,,,THREE,7500,3000,True,True,True,True,True,,,,,,,,,,Bike,16,False,False,False,False,True,True,,False,False,False
8a9f98438f5b4f42018f5b94549313f7,PG for Boys in Tharamani,12.981571696610976,80.23831086578303,Tharamani,"Ambal Nagar, Anna Nagar near C.S.I St. Mark's Church, tharamani, tharamani, chennai",MALE,Working Professional,,,DOUBLE,8000,3000,False,True,True,True,True,,,,,,,,,,Bike,0,False,False,False,False,False,False,,False,False,False
8a9f98438f5b4f42018f5b94549313f7,PG for Boys in Tharamani,12.981571696610976,80.23831086578303,Tharamani,"Ambal Nagar, Anna Nagar near C.S.I St. Mark's Church, tharamani, tharamani, chennai",MALE,Working Professional,,,THREE,7000,3000,False,True,True,True,True,,,,,,,,,,Bike,0,False,False,False,False,False,False,,False,False,False
8a9f98438f5b4f42018f5b94549313f7,PG for Boys in Tharamani,12.981571696610976,80.23831086578303,Tharamani,"Ambal Nagar, Anna Nagar near C.S.I St. Mark's Church, tharamani, tharamani, chennai",MALE,Working Professional,,,FOUR,6500,3000,False,True,True,True,True,,,,,,,,,,Bike,0,False,False,False,False,False,False,,False,False,False
8a9fc38382acb7040182acda329109d4,PG for Boys in Tharamani,12.988970683174117,80.24969241310292,Tharamani,"Rajiv Gandhi Salai,Near Tidel Park Chennai, Tharamani, Tharamani, chennai",MALE,Both,,,DOUBLE,8000,3000,False,True,True,True,True,True,True,True,False,True,False,True,True,False,Bike and Car,21,False,False,False,False,False,False,11:00 PM,True,True,False
ff8081816d48e888016d491135541c75,PG for Boys in Tharamani,12.981526910282838,80.23821153736502,Tharamani,"100 Feet Road Kattabomman St, Near C.S.I. St.Mark's Church, Tharamani, Tharamani, chennai",MALE,Both,,,THREE,6500,3000,False,True,True,True,True,,,,,,,,,,Bike,0,False,False,False,False,False,False,,False,False,False
ff8081816d48e888016d491135541c75,PG for Boys in Tharamani,12.981526910282838,80.23821153736502,Tharamani,"100 Feet Road Kattabomman St, Near C.S.I. St.Mark's Church, Tharamani, Tharamani, chennai",MALE,Both,,,FOUR,6500,3000,False,True,True,True,True,,,,,,,,,,Bike,0,False,False,False,False,False,False,,False,False,False
8aa999a79ba6ee54019ba6f7601402de,PG for Boys in Tharamani,12.980918577346536,80.2387614652566,Tharamani,"hanthai Periyar Nagar near MGR S Vasan Mini Hall, Tharamani, Tharamani, chennai",MALE,Working Professional,8.6,6.1,DOUBLE,7500,5000,False,True,True,True,True,,,,,,,,,,Bike,0,False,False,False,False,False,False,,False,False,False
8aa999789b492963019b49e2d38b3c23,PG for Boys in Tharamani,12.979870586454355,80.2402209220091,Tharamani,"Thanthai Periyar Nagar, Thandhai Periyar Nagar, Tharamani (  Navya sri men's pg ), Tharamani, Tharamani, chennai",MALE,Both,8.7,6.2,DOUBLE,10000,3000,False,True,True,True,True,,,,,,,,,,Bike,0,False,False,False,False,False,False,,False,False,False
8aa999789b492963019b49e2d38b3c23,PG for Boys in Tharamani,12.979870586454355,80.2402209220091,Tharamani,"Thanthai Periyar Nagar, Thandhai Periyar Nagar, Tharamani (  Navya sri men's pg ), Tharamani, Tharamani, chennai",MALE,Both,8.7,6.2,THREE,6498,3000,False,True,True,True,True,,,,,,,,,,Bike,0,False,False,False,False,False,False,,False,False,False
8aa999789b492963019b49e2d38b3c23,PG for Boys in Tharamani,12.979870586454355,80.2402209220091,Tharamani,"Thanthai Periyar Nagar, Thandhai Periyar Nagar, Tharamani (  Navya sri men's pg ), Tharamani, Tharamani, chennai",MALE,Both,8.7,6.2,FOUR,6000,2999,False,True,True,True,True,,,,,,,,,,Bike,0,False,False,False,False,False,False,,False,False,False
8aa9aea29b8c1bc2019b8ceefb2b5102,PG for Boys in  Tharamani,12.99352149732023,80.2419119529827,Tharamani,"Pillaiyar kovil Street near Aruna Stores,  Tharamani,  Tharamani, chennai",MALE,Both,8.1,5.9,SINGLE,12500,6250,True,True,True,True,True,True,True,True,False,False,False,True,False,False,Bike,8,False,True,True,False,True,True,12:00 PM,True,True,True
8aa9aea29b8c1bc2019b8ceefb2b5102,PG for Boys in  Tharamani,12.99352149732023,80.2419119529827,Tharamani,"Pillaiyar kovil Street near Aruna Stores,  Tharamani,  Tharamani, chennai",MALE,Both,8.1,5.9,DOUBLE,7800,3900,True,True,True,True,True,True,True,True,False,False,False,True,False,False,Bike,8,False,True,True,False,True,True,12:00 PM,True,True,True
8aa9aea29b8c1bc2019b8ceefb2b5102,PG for Boys in  Tharamani,12.99352149732023,80.2419119529827,Tharamani,"Pillaiyar kovil Street near Aruna Stores,  Tharamani,  Tharamani, chennai",MALE,Both,8.1,5.9,THREE,7300,3650,True,True,True,True,True,True,True,True,False,False,False,True,False,False,Bike,8,False,True,True,True,True,True,12:00 PM,True,True,True
8aa9aea29b8c1bc2019b8ceefb2b5102,PG for Boys in  Tharamani,12.99352149732023,80.2419119529827,Tharamani,"Pillaiyar kovil Street near Aruna Stores,  Tharamani,  Tharamani, chennai",MALE,Both,8.1,5.9,FOUR,6800,3400,True,True,True,True,True,True,True,True,False,False,False,True,False,False,Bike,8,False,True,True,False,True,True,12:00 PM,True,True,True
ff8081816e96b720016e98884b7567d2,PG for Boys in Tharamani,12.981118657754571,80.23773136004276,Tharamani,"Karunanidhi St Near ESI hospital, Tharamani, Tharamani, chennai",MALE,Both,,,DOUBLE,7000,3000,False,True,True,True,True,True,True,True,False,True,False,True,True,False,None,54,False,False,False,False,False,False,,True,False,False
ff8081816e96b720016e98884b7567d2,PG for Boys in Tharamani,12.981118657754571,80.23773136004276,Tharamani,"Karunanidhi St Near ESI hospital, Tharamani, Tharamani, chennai",MALE,Both,,,THREE,6500,3000,False,True,True,True,True,True,True,True,False,True,False,True,True,False,None,54,False,False,False,False,False,False,,True,False,False
ff8081816e96b720016e98884b7567d2,PG for Boys in Tharamani,12.981118657754571,80.23773136004276,Tharamani,"Karunanidhi St Near ESI hospital, Tharamani, Tharamani, chennai",MALE,Both,,,FOUR,6000,3000,True,True,True,True,True,True,True,True,False,True,False,True,True,False,None,54,True,True,True,False,True,True,,True,False,False
8a9f92848b981c7a018b98a633a45843,PG for Boys in Tharamani,12.981057,80.237674,Tharamani,"Tandai Periyar Nagar near TenderCuts - Velachery, Tharamani, Tharamani, chennai",MALE,Working Professional,,,DOUBLE,8500,3000,False,True,True,True,True,,,,,,,,,,Bike,0,False,False,False,False,False,False,,False,False,False
8a9f92848b981c7a018b98a633a45843,PG for Boys in Tharamani,12.981057,80.237674,Tharamani,"Tandai Periyar Nagar near TenderCuts - Velachery, Tharamani, Tharamani, chennai",MALE,Working Professional,,,THREE,8000,3000,False,True,True,True,True,,,,,,,,,,Bike,0,True,False,False,False,False,False,,False,False,False
8a9f92848b981c7a018b98a633a45843,PG for Boys in Tharamani,12.981057,80.237674,Tharamani,"Tandai Periyar Nagar near TenderCuts - Velachery, Tharamani, Tharamani, chennai",MALE,Working Professional,,,FOUR,6500,3000,False,True,True,True,True,,,,,,,,,,Bike,0,False,False,False,False,False,False,,False,False,False
8a9fc0828199078e0181998a149969a2,PG for Boys in Tharamani,12.981042666954867,80.23763917072233,Tharamani," Taramani Link Rd,  near TenderCuts - Velachery, Tharamani, Tharamani, chennai",MALE,Both,,,SINGLE,6000,5000,False,False,False,False,False,False,True,True,False,True,True,False,False,False,None,21,False,False,False,False,False,False,10:30 PM,True,True,False
8a9fc0828199078e0181998a149969a2,PG for Boys in Tharamani,12.981042666954867,80.23763917072233,Tharamani," Taramani Link Rd,  near TenderCuts - Velachery, Tharamani, Tharamani, chennai",MALE,Both,,,DOUBLE,6500,5000,True,False,False,False,False,False,True,True,False,True,True,False,False,False,None,21,True,False,False,False,False,True,10:30 PM,True,True,False
8a9fc0828199078e0181998a149969a2,PG for Boys in Tharamani,12.981042666954867,80.23763917072233,Tharamani," Taramani Link Rd,  near TenderCuts - Velachery, Tharamani, Tharamani, chennai",MALE,Both,,,THREE,4500,3500,True,False,False,False,False,False,True,True,False,True,True,False,False,False,None,21,False,False,False,False,False,True,10:30 PM,True,True,False
8a9fc0828199078e0181998a149969a2,PG for Boys in Tharamani,12.981042666954867,80.23763917072233,Tharamani," Taramani Link Rd,  near TenderCuts - Velachery, Tharamani, Tharamani, chennai",MALE,Both,,,FOUR,3500,3500,False,False,False,False,False,False,True,True,False,True,True,False,False,False,None,21,False,False,False,False,False,False,10:30 PM,True,True,False
8a9fae859894f63e0198950b9f6b03c3,PG for Boys in Tharamani,12.980402397916682,80.23814789950848,Tharamani,"karunanithi street, thanthai periyar nagar, tharamani, Tharamani, Tharamani, chennai",MALE,Both,7.5,8.4,DOUBLE,7800,3000,True,True,True,True,True,True,True,True,False,False,False,True,False,False,Bike,13,True,True,False,False,True,True,12:00 AM,True,False,False
8a9f8d838b981c81018b98c2b5737e00,PG for Boys in Tharamani,12.982415342510208,80.23632102761272,Tharamani,"Thiru Vi Ka St  near SRI ANNAPURANA GENTS HOSTEL PG, Tharamani, Tharamani, chennai",MALE,Both,,,,,,,True,True,True,True,,,,,,,,,,Bike,0,,,,,,,,False,False,False
8a9fe5828372d0b4018373442170579d,PG for Boys in Tidel Park,12.989655999999995,80.25058660118866,Tharamani,"Tharamani near Ras Tours And Travels, Tidel Park, Tidel Park, chennai",MALE,Both,,,DOUBLE,5500,3000,False,True,True,True,True,True,True,True,False,False,True,True,True,False,Bike,7,False,False,False,False,False,False,11:30 PM,True,True,False
8a9f83038fd1c168018fd202edf21bb0,PG for Boys in Tharamani,12.990173556678744,80.25039774222213,Tharamani,"Tharamani main rd near TCS, Tharamani, Tharamani, chennai",MALE,Both,,,DOUBLE,6500,2000,False,True,True,True,True,,,,,,,,,,Bike,0,False,False,False,False,False,False,,False,False,False
8a9f83038fd1c168018fd202edf21bb0,PG for Boys in Tharamani,12.990173556678744,80.25039774222213,Tharamani,"Tharamani main rd near TCS, Tharamani, Tharamani, chennai",MALE,Both,,,THREE,6500,2000,False,True,True,True,True,,,,,,,,,,Bike,0,False,False,False,False,False,False,,False,False,False
8a9f83038fd1c168018fd202edf21bb0,PG for Boys in Tharamani,12.990173556678744,80.25039774222213,Tharamani,"Tharamani main rd near TCS, Tharamani, Tharamani, chennai",MALE,Both,,,FOUR,6500,2000,False,True,True,True,True,,,,,,,,,,Bike,0,False,False,False,False,False,False,,False,False,False
8a9f83038fd1c168018fd202edf21bb0,PG for Boys in Tharamani,12.990173556678744,80.25039774222213,Tharamani,"Tharamani main rd near TCS, Tharamani, Tharamani, chennai",MALE,Both,,,DOUBLE,6500,2000,False,True,True,True,True,,,,,,,,,,Bike,0,False,False,False,False,False,False,,False,False,False
8a9f83038fd1c168018fd202edf21bb0,PG for Boys in Tharamani,12.990173556678744,80.25039774222213,Tharamani,"Tharamani main rd near TCS, Tharamani, Tharamani, chennai",MALE,Both,,,THREE,6500,2000,False,True,True,True,True,,,,,,,,,,Bike,0,False,False,False,False,False,False,,False,False,False
8a9f83038fd1c168018fd202edf21bb0,PG for Boys in Tharamani,12.990173556678744,80.25039774222213,Tharamani,"Tharamani main rd near TCS, Tharamani, Tharamani, chennai",MALE,Both,,,FOUR,6500,2000,False,True,True,True,True,,,,,,,,,,Bike,0,False,False,False,False,False,False,,False,False,False
8aa985e0a031d43801a03322028d6cab,"PG for Boys in Tharamani,",12.983110066870566,80.23568114752494,Tharamani," Elango St,near Pooja Ladies PG, Tharamani,, Tharamani,, chennai",MALE,Both,8.6,6.1,FOUR,8000,3000,False,True,True,True,True,,,,,,,,,,Bike,0,True,False,False,False,False,False,,False,False,False
8a9fa79198797f92019879e317ec2877,PG for Boys in Tharamani,12.982442032596863,80.23598805050506,Tharamani,"Dr. Radha Krishnan St, near to Sri Srinivasa Mini Hall (Now Basil Bites), Tharamani, Tharamani, chennai",MALE,Both,8.1,6.1,THREE,7000,4000,False,True,True,True,True,,,,,,,,,,Bike,0,False,False,False,False,False,False,,False,False,False
8a9fd08287cbd3cc0187cc0938b2267a,PG for Boys in Tharamani,12.982451,80.235897,Tharamani,"Dr Radha Krishnan St , Kalangair  Nagar 3rd Street near Sri Srinivasa Mini Hall, Tharamani, Tharamani, chennai",MALE,Both,,,SINGLE,10000,30000,False,False,False,False,False,,,,,,,,,,Bike,0,False,False,False,False,False,False,,False,False,False
8a9f8985962e6c3801962edc55e2333d,PG for Boys in Tharamani,12.982157349071334,80.23590573859312,Tharamani,"Dr Radha Krishnan St Anna Nagar, Tharamani, Tharamani, Tharamani, chennai",MALE,Both,8.5,6.1,THREE,7000,4000,True,True,True,True,True,,,,,,,,,,Bike,2,True,True,True,False,False,True,,False,False,False
8a9f8985962e6c3801962edc55e2333d,PG for Boys in Tharamani,12.982157349071334,80.23590573859312,Tharamani,"Dr Radha Krishnan St Anna Nagar, Tharamani, Tharamani, Tharamani, chennai",MALE,Both,8.5,6.1,FOUR,6500,4000,True,True,True,True,True,,,,,,,,,,Bike,2,True,True,True,True,True,True,,False,False,False
8a9f878d98797a39019879e4fc902c9d,PG for Boys in Tharamani,12.981002649008301,80.23669708531949,Tharamani,"Thanthai Periyar Nagar, near to State Bank of India, Tharamani, Tharamani, chennai",MALE,Both,8.2,6.1,THREE,7000,4000,False,True,True,True,True,,,,,,,,,,Bike,0,False,False,False,False,False,False,,False,False,False
8a9f878d98797a39019879e4fc902c9d,PG for Boys in Tharamani,12.981002649008301,80.23669708531949,Tharamani,"Thanthai Periyar Nagar, near to State Bank of India, Tharamani, Tharamani, chennai",MALE,Both,8.2,6.1,FOUR,6500,4000,False,True,True,True,True,,,,,,,,,,Bike,0,False,False,False,False,False,False,,False,False,False
8aa9baa69cd6206b019cd62eae860528,PG for Boys in Anjana Sri Men&#39;s Pg,12.9806917,80.2364842,Tharamani,"1st Street, Anjana sri Men&#39;s PG, Anjana sri Men&#39;s PG, chennai",MALE,Both,8.3,6.0,SINGLE,7500,2000,False,True,True,True,True,False,True,True,False,True,False,True,True,False,Bike,2,False,True,False,True,True,True,12:00 AM,True,False,False
8aa9baa69cd6206b019cd62eae860528,PG for Boys in Anjana Sri Men&#39;s Pg,12.9806917,80.2364842,Tharamani,"1st Street, Anjana sri Men&#39;s PG, Anjana sri Men&#39;s PG, chennai",MALE,Both,8.3,6.0,DOUBLE,7000,2000,False,True,True,True,True,False,True,True,False,True,False,True,True,False,Bike,2,False,True,False,True,True,True,12:00 AM,True,False,False
8aa9baa69cd6206b019cd62eae860528,PG for Boys in Anjana Sri Men&#39;s Pg,12.9806917,80.2364842,Tharamani,"1st Street, Anjana sri Men&#39;s PG, Anjana sri Men&#39;s PG, chennai",MALE,Both,8.3,6.0,THREE,6800,2000,False,True,True,True,True,False,True,True,False,True,False,True,True,False,Bike,2,False,True,False,True,True,True,12:00 AM,True,False,False
8aa9baa69cd6206b019cd62eae860528,PG for Boys in Anjana Sri Men&#39;s Pg,12.9806917,80.2364842,Tharamani,"1st Street, Anjana sri Men&#39;s PG, Anjana sri Men&#39;s PG, chennai",MALE,Both,8.3,6.0,FOUR,6500,2000,False,True,True,True,True,False,True,True,False,True,False,True,True,False,Bike,2,True,True,False,True,True,True,12:00 AM,True,False,False
8aa985189d28342d019d2851944a0732,PG for Boys in Tharamani,12.9806917,80.2364842,Tharamani,"1st karunanithi street,thanthai periyar nagar, Tharamani, Tharamani, chennai",MALE,Both,8.5,7.7,DOUBLE,6000,2000,False,False,False,False,False,False,True,False,False,True,False,False,False,False,Bike,0,False,False,False,False,False,False,,True,True,False
8aa985189d28342d019d2851944a0732,PG for Boys in Tharamani,12.9806917,80.2364842,Tharamani,"1st karunanithi street,thanthai periyar nagar, Tharamani, Tharamani, chennai",MALE,Both,8.5,7.7,THREE,6800,2000,False,False,False,False,False,False,True,False,False,True,False,False,False,False,Bike,0,False,False,False,False,False,False,,True,True,False
8aa985189d28342d019d2851944a0732,PG for Boys in Tharamani,12.9806917,80.2364842,Tharamani,"1st karunanithi street,thanthai periyar nagar, Tharamani, Tharamani, chennai",MALE,Both,8.5,7.7,FOUR,6000,2000,False,False,False,False,False,False,True,False,False,True,False,False,False,False,Bike,0,False,False,False,False,False,False,,True,True,False
8a9fa68280cc538e0180cc8752e12425,PG for Boys in  Tharamani,12.980462704312346,80.23641399999998,Tharamani,"Karunanidhi 3rd Street,Near SHREE MAHA SAKTHI PACHILAI GANGAI AMMAN TEMPLE,  Tharamani,  Tharamani, chennai",MALE,Both,7.3,6.3,SINGLE,6000,5000,True,True,True,True,True,True,True,True,False,True,True,True,True,False,Bike,84,True,True,True,True,True,True,10:30 PM,False,False,False
8a9fa68280cc538e0180cc8752e12425,PG for Boys in  Tharamani,12.980462704312346,80.23641399999998,Tharamani,"Karunanidhi 3rd Street,Near SHREE MAHA SAKTHI PACHILAI GANGAI AMMAN TEMPLE,  Tharamani,  Tharamani, chennai",MALE,Both,7.3,6.3,DOUBLE,6000,5000,True,True,True,True,True,True,True,True,False,True,True,True,True,False,Bike,84,True,True,True,True,True,True,10:30 PM,False,False,False
8a9fa68280cc538e0180cc8752e12425,PG for Boys in  Tharamani,12.980462704312346,80.23641399999998,Tharamani,"Karunanidhi 3rd Street,Near SHREE MAHA SAKTHI PACHILAI GANGAI AMMAN TEMPLE,  Tharamani,  Tharamani, chennai",MALE,Both,7.3,6.3,THREE,4500,3500,True,True,True,True,True,True,True,True,False,True,True,True,True,False,Bike,84,True,True,True,True,True,True,10:30 PM,False,False,False
8a9fa68280cc538e0180cc8752e12425,PG for Boys in  Tharamani,12.980462704312346,80.23641399999998,Tharamani,"Karunanidhi 3rd Street,Near SHREE MAHA SAKTHI PACHILAI GANGAI AMMAN TEMPLE,  Tharamani,  Tharamani, chennai",MALE,Both,7.3,6.3,FOUR,3500,3500,True,True,True,True,True,True,True,True,False,True,True,True,True,False,Bike,84,True,True,True,True,True,True,10:30 PM,False,False,False
8a9f88c38d362246018d364591bc161d,PG for Boys in Tharamani,12.9803939,80.2500405,Tharamani,"Phase II , Near Apollo Proton Cancer Centre, Tharamani, Tharamani, chennai",MALE,Both,7.0,5.9,DOUBLE,9000,3000,True,True,True,True,True,True,True,False,False,True,False,True,True,True,Bike,18,True,True,False,True,True,True,10:30 PM,True,True,False
8a9f88c38d362246018d364591bc161d,PG for Boys in Tharamani,12.9803939,80.2500405,Tharamani,"Phase II , Near Apollo Proton Cancer Centre, Tharamani, Tharamani, chennai",MALE,Both,7.0,5.9,THREE,8500,3000,True,True,True,True,True,True,True,False,False,True,False,True,True,True,Bike,18,True,True,False,True,True,True,10:30 PM,True,True,False
8a9f88c38d362246018d364591bc161d,PG for Boys in Tharamani,12.9803939,80.2500405,Tharamani,"Phase II , Near Apollo Proton Cancer Centre, Tharamani, Tharamani, chennai",MALE,Both,7.0,5.9,FOUR,8000,3000,True,True,True,True,True,True,True,False,False,True,False,True,True,True,Bike,18,True,True,False,True,True,True,10:30 PM,True,True,False
8aa9ab569a714c2d019a71831b5c1e31,PG for Boys in Tharamani,12.980102586459285,80.23662394540179,Tharamani,"Bharathi Nagar near  Sri Om Muruga PG & Hostel, Tharamani, Tharamani, chennai",MALE,Both,8.5,7.7,THREE,7500,4000,False,True,True,True,True,,,,,,,,,,Bike,0,False,False,False,False,False,False,,False,False,False
8aa9ab569a714c2d019a71831b5c1e31,PG for Boys in Tharamani,12.980102586459285,80.23662394540179,Tharamani,"Bharathi Nagar near  Sri Om Muruga PG & Hostel, Tharamani, Tharamani, chennai",MALE,Both,8.5,7.7,FOUR,6500,4000,False,True,True,True,True,,,,,,,,,,Bike,0,False,False,False,False,False,False,,False,False,False
8aa988369be4bb42019be4e6d69a10ba,PG for Boys in  Taramani,12.977300324057854,80.24328369410095,Perungudi," MGR Salai, near Dr.Ambedkar Law University,  Taramani,  Taramani, chennai",MALE,Both,,,DOUBLE,8000,3000,False,True,False,False,False,,,,,,,,,,Bike,0,False,False,False,False,False,False,,False,False,False
8aa988369be4bb42019be4e6d69a10ba,PG for Boys in  Taramani,12.977300324057854,80.24328369410095,Perungudi," MGR Salai, near Dr.Ambedkar Law University,  Taramani,  Taramani, chennai",MALE,Both,,,THREE,7500,3000,False,True,False,False,False,,,,,,,,,,Bike,0,False,False,False,False,False,False,,False,False,False
8aa988369be4bb42019be4e6d69a10ba,PG for Boys in  Taramani,12.977300324057854,80.24328369410095,Perungudi," MGR Salai, near Dr.Ambedkar Law University,  Taramani,  Taramani, chennai",MALE,Both,,,FOUR,6000,3000,False,True,False,False,False,,,,,,,,,,Bike,0,False,False,False,False,False,False,,False,False,False
8a9fa183954af0ca01954b6f7157310c,PG for Boys in Tharamani,12.981006121846747,80.23578669310191,Tharamani,"Bharathi Nagar , near to Amma Unavagam , Tharamani, Tharamani, chennai",MALE,Both,,,THREE,7000,3000,False,True,True,True,True,,,,,,,,,,Bike,0,False,False,False,False,False,False,,False,False,False
8a9fa183954af0ca01954b6f7157310c,PG for Boys in Tharamani,12.981006121846747,80.23578669310191,Tharamani,"Bharathi Nagar , near to Amma Unavagam , Tharamani, Tharamani, chennai",MALE,Both,,,FOUR,6500,3000,False,True,True,True,True,,,,,,,,,,Bike,0,False,False,False,False,False,False,,False,False,False
8a9fa784991eb5aa01991ef59b561ac1,PG for Boys in Thiruvanmiyur,12.979168089007835,80.24929985404015,Tharamani,"Puratchi Thalaivi 7th St, near Tee Shops, Thiruvanmiyur, Thiruvanmiyur, chennai",MALE,Both,7.6,5.8,DOUBLE,9500,3000,True,True,True,True,True,True,True,True,False,True,False,True,False,False,Bike,1,True,True,False,False,True,True,,True,True,False
8a9fa784991eb5aa01991ef59b561ac1,PG for Boys in Thiruvanmiyur,12.979168089007835,80.24929985404015,Tharamani,"Puratchi Thalaivi 7th St, near Tee Shops, Thiruvanmiyur, Thiruvanmiyur, chennai",MALE,Both,7.6,5.8,FOUR,8000,3000,False,True,True,True,True,True,True,True,False,True,False,True,False,False,Bike,1,False,False,False,False,False,False,,True,True,False
8aa9cf6d9e3f273d019e401d3dd47d9b,PG for Boys in Tharamani,12.98061110643812,80.23559117291009,Tharamani,"Godavari St near Seyon Men's PG, Tharamani, Tharamani, chennai",MALE,Both,8.7,7.8,SINGLE,9000,3000,False,True,True,True,True,,,,,,,,,,Bike,0,False,False,False,False,False,False,,False,False,False
8aa9cf6d9e3f273d019e401d3dd47d9b,PG for Boys in Tharamani,12.98061110643812,80.23559117291009,Tharamani,"Godavari St near Seyon Men's PG, Tharamani, Tharamani, chennai",MALE,Both,8.7,7.8,DOUBLE,8000,3000,False,True,True,True,True,,,,,,,,,,Bike,0,False,False,False,False,False,False,,False,False,False
8aa9cf6d9e3f273d019e401d3dd47d9b,PG for Boys in Tharamani,12.98061110643812,80.23559117291009,Tharamani,"Godavari St near Seyon Men's PG, Tharamani, Tharamani, chennai",MALE,Both,8.7,7.8,THREE,7500,3000,False,True,True,True,True,,,,,,,,,,Bike,0,False,False,False,False,False,False,,False,False,False
8aa9cf6d9e3f273d019e401d3dd47d9b,PG for Boys in Tharamani,12.98061110643812,80.23559117291009,Tharamani,"Godavari St near Seyon Men's PG, Tharamani, Tharamani, chennai",MALE,Both,8.7,7.8,FOUR,6500,3000,False,True,True,True,True,,,,,,,,,,Bike,0,False,False,False,False,False,False,,False,False,False
8aa9d8e19e3f2726019e3f34fa140588,PG for Boys in Tharamani,12.980670164719488,80.23552929639894,Tharamani,"Godavari St, Bharathi Nagar, near to  Seyon Men's PG, Tharamani, Tharamani, chennai",MALE,Both,8.7,7.8,THREE,7500,3000,False,True,True,True,True,,,,,,,,,,Bike,0,False,False,False,False,False,False,,False,False,False
8a9fa18499b77d9f0199b7e7081e1b7e,PG for Boys in Anna Nagar ,12.982204649423995,80.23425141622319,Tharamani,"Anna Nagar near  Suraj Jewellers, Anna Nagar , Anna Nagar , chennai",MALE,Both,8.7,7.9,DOUBLE,10000,3000,False,True,True,True,True,,,,,,,,,,Bike,0,True,False,False,False,False,False,,False,False,False
8a9fa18499b77d9f0199b7e7081e1b7e,PG for Boys in Anna Nagar ,12.982204649423995,80.23425141622319,Tharamani,"Anna Nagar near  Suraj Jewellers, Anna Nagar , Anna Nagar , chennai",MALE,Both,8.7,7.9,THREE,9000,3000,False,True,True,True,True,,,,,,,,,,Bike,0,False,False,False,False,False,False,,False,False,False
8a9f918495b264ce0195b2be6c912310,PG for Boys in Velachery,12.982191934589359,80.2342452425854,Tharamani,"Thamirabarani Street near Jeffrin Men's PG Hostel, VELACHERY, VELACHERY, chennai",MALE,Both,7.6,8.0,,,,,True,True,True,True,True,True,False,False,False,True,False,False,False,Bike,14,,,,,,,,True,True,False
8a9fe482849334fe0184934a76930882,PG for Boys in Tharamani,12.980928079502736,80.23458745490217,Tharamani,"Bharathi Nagar,  near Shiva Sakthi Vinayagar Aalayam, Tharamani, Tharamani, chennai",MALE,Both,,,DOUBLE,6000,3000,False,True,True,True,True,,,,,,,,,,Bike,0,False,False,False,False,False,False,,False,False,False
8a9fe482849334fe0184934a76930882,PG for Boys in Tharamani,12.980928079502736,80.23458745490217,Tharamani,"Bharathi Nagar,  near Shiva Sakthi Vinayagar Aalayam, Tharamani, Tharamani, chennai",MALE,Both,,,THREE,7000,3000,False,True,True,True,True,,,,,,,,,,Bike,0,False,False,False,False,False,False,,False,False,False
8a9fe482849334fe0184934a76930882,PG for Boys in Tharamani,12.980928079502736,80.23458745490217,Tharamani,"Bharathi Nagar,  near Shiva Sakthi Vinayagar Aalayam, Tharamani, Tharamani, chennai",MALE,Both,,,FOUR,5500,2500,False,True,True,True,True,,,,,,,,,,Bike,0,False,False,False,False,False,False,,False,False,False
8aa9b49e9bd5644c019bd588ecbc0e66,PG for Boys in Thiruvanmiyur,12.984988895054075,80.25376259955293,Thiruvanmiyur,"Kamaraj Nagar NEAR Kripa Homes pg, Thiruvanmiyur, Thiruvanmiyur, chennai",MALE,Both,7.8,6.1,DOUBLE,9000,5000,False,False,False,False,False,,,,,,,,,,Bike,0,False,False,False,False,False,False,,False,False,False
8aa9b49e9bd5644c019bd588ecbc0e66,PG for Boys in Thiruvanmiyur,12.984988895054075,80.25376259955293,Thiruvanmiyur,"Kamaraj Nagar NEAR Kripa Homes pg, Thiruvanmiyur, Thiruvanmiyur, chennai",MALE,Both,7.8,6.1,THREE,8500,5000,False,False,False,False,False,,,,,,,,,,Bike,0,False,False,False,False,False,False,,False,False,False
8a9f910390437b3a019043d354a82a36,PG for Boys in Tharamani,12.990740089199234,80.23364802860634,Indian Institute Of Technology,"tharamani main rd near Central Library Indian Institute of Technology Madras, tharamani, tharamani, chennai",MALE,Both,,,DOUBLE,8000,5000,False,True,True,True,True,,,,,,,,,,Bike,0,True,False,False,False,False,False,,False,False,False
8a9f910390437b3a019043d354a82a36,PG for Boys in Tharamani,12.990740089199234,80.23364802860634,Indian Institute Of Technology,"tharamani main rd near Central Library Indian Institute of Technology Madras, tharamani, tharamani, chennai",MALE,Both,,,THREE,6500,3000,False,True,True,True,True,,,,,,,,,,Bike,0,True,False,False,False,False,False,,False,False,False
8a9f910390437b3a019043d354a82a36,PG for Boys in Tharamani,12.990740089199234,80.23364802860634,Indian Institute Of Technology,"tharamani main rd near Central Library Indian Institute of Technology Madras, tharamani, tharamani, chennai",MALE,Both,,,FOUR,6000,3000,False,True,True,True,True,,,,,,,,,,Bike,0,False,False,False,False,False,False,,False,False,False
8a9f8a849879e70a019879f6c48a063a,PG for Boys in Tharamani,12.980036027346125,80.23440329445424,Tharamani," Sri Venkateswara PG Mens 12, Saraswathi St Bharath Nagar, Bharathi Nagar,, Tharamani, Tharamani, chennai",MALE,Both,8.5,7.7,THREE,7000,2000,False,True,True,True,True,,,,,,,,,,Bike,0,False,False,False,False,False,False,,False,False,False
8a9f8a849879e70a019879f6c48a063a,PG for Boys in Tharamani,12.980036027346125,80.23440329445424,Tharamani," Sri Venkateswara PG Mens 12, Saraswathi St Bharath Nagar, Bharathi Nagar,, Tharamani, Tharamani, chennai",MALE,Both,8.5,7.7,FOUR,6500,2000,False,True,True,True,True,,,,,,,,,,Bike,0,False,False,False,False,False,False,,False,False,False
8aa9ae439c6ffd05019c7054b5532606,PG for Boys in Taramani,12.99149754777931,80.23369030436946,Indian Institute Of Technology,"Taramani IIT Road, Taramani, Taramani, chennai",MALE,Both,8.3,4.7,THREE,7500,3000,True,True,True,True,True,,,,,,,,,,Bike,3,True,True,True,True,True,True,,False,False,False
8aa9ae439c6ffd05019c7054b5532606,PG for Boys in Taramani,12.99149754777931,80.23369030436946,Indian Institute Of Technology,"Taramani IIT Road, Taramani, Taramani, chennai",MALE,Both,8.3,4.7,FOUR,7000,3000,False,True,True,True,True,,,,,,,,,,Bike,3,False,False,False,False,False,False,,False,False,False
8a9f8a4492316f57019231b5d7300b82,PG for Boys in Tharamani,12.981509690695521,80.23328149325411,Tharamani,"Bharani St, near Ajmeer Birayani, Tharamani, Tharamani, chennai",MALE,Both,,,THREE,6500,2000,False,True,True,True,True,False,True,True,False,False,False,False,False,False,Bike,0,False,False,False,False,False,False,,False,False,False
8a9f8a4492316f57019231b5d7300b82,PG for Boys in Tharamani,12.981509690695521,80.23328149325411,Tharamani,"Bharani St, near Ajmeer Birayani, Tharamani, Tharamani, chennai",MALE,Both,,,FOUR,6500,2000,False,True,True,True,True,False,True,True,False,False,False,False,False,False,Bike,0,False,False,False,False,False,False,,False,False,False
8a9fa787998023c30199803bb359081c,PG for Boys in Sri Prasanna Elite Inn Men,12.980186800000007,80.23393580000001,Tharamani,"No:12, Gangai street, Bharathi Nagar, Taramani, Sri Prasanna Elite Inn Men, Sri Prasanna Elite Inn Men, chennai",MALE,Working Professional,6.6,6.2,SINGLE,16000,4000,False,True,True,True,True,True,True,False,False,True,False,True,False,False,Bike,11,,True,,,True,True,,True,True,False
8a9fa787998023c30199803bb359081c,PG for Boys in Sri Prasanna Elite Inn Men,12.980186800000007,80.23393580000001,Tharamani,"No:12, Gangai street, Bharathi Nagar, Taramani, Sri Prasanna Elite Inn Men, Sri Prasanna Elite Inn Men, chennai",MALE,Working Professional,6.6,6.2,DOUBLE,8500,3000,False,True,True,True,True,True,True,False,False,True,False,True,False,False,Bike,11,,True,,,True,True,,True,True,False
8a9fa787998023c30199803bb359081c,PG for Boys in Sri Prasanna Elite Inn Men,12.980186800000007,80.23393580000001,Tharamani,"No:12, Gangai street, Bharathi Nagar, Taramani, Sri Prasanna Elite Inn Men, Sri Prasanna Elite Inn Men, chennai",MALE,Working Professional,6.6,6.2,THREE,7000,3000,False,True,True,True,True,True,True,False,False,True,False,True,False,False,Bike,11,,True,,,True,True,,True,True,False
8a9fa787998023c30199803bb359081c,PG for Boys in Sri Prasanna Elite Inn Men,12.980186800000007,80.23393580000001,Tharamani,"No:12, Gangai street, Bharathi Nagar, Taramani, Sri Prasanna Elite Inn Men, Sri Prasanna Elite Inn Men, chennai",MALE,Working Professional,6.6,6.2,FOUR,6500,3000,False,True,True,True,True,True,True,False,False,True,False,True,False,False,Bike,11,,True,,,True,True,,True,True,False
8a9ff182862b54d801862b96e8a131cf,PG for Boys in Thiruvanmiyur,12.982739382140654,80.254351422338,Thiruvanmiyur,"5th West Street near Appasamy Pillai Bone Setting Clinic, Thiruvanmiyur, Thiruvanmiyur, chennai",MALE,Both,,,SINGLE,7500,2000,True,True,True,True,True,,,False,,,,False,False,,Bike,50,False,True,False,False,True,True,,False,False,False
8a9ff182862b54d801862b96e8a131cf,PG for Boys in Thiruvanmiyur,12.982739382140654,80.254351422338,Thiruvanmiyur,"5th West Street near Appasamy Pillai Bone Setting Clinic, Thiruvanmiyur, Thiruvanmiyur, chennai",MALE,Both,,,DOUBLE,7000,2000,True,True,True,True,True,,,False,,,,False,False,,Bike,50,False,True,False,False,True,True,,False,False,False
8a9ff182862b54d801862b96e8a131cf,PG for Boys in Thiruvanmiyur,12.982739382140654,80.254351422338,Thiruvanmiyur,"5th West Street near Appasamy Pillai Bone Setting Clinic, Thiruvanmiyur, Thiruvanmiyur, chennai",MALE,Both,,,THREE,6500,2000,True,True,True,True,True,,,False,,,,False,False,,Bike,50,False,True,False,False,True,True,,False,False,False
8a9ff182862b54d801862b96e8a131cf,PG for Boys in Thiruvanmiyur,12.982739382140654,80.254351422338,Thiruvanmiyur,"5th West Street near Appasamy Pillai Bone Setting Clinic, Thiruvanmiyur, Thiruvanmiyur, chennai",MALE,Both,,,FOUR,6500,2000,True,True,True,True,True,,,False,,,,False,False,,Bike,50,True,True,False,False,True,True,,False,False,False
8a9fd982830c9fbc01830cf07d5435e8,PG for Girls in  Taramani,12.98635672785009,80.24277163558197,Tharamani," Kambar St Anbalagan Nagar, MGR Nagar ,Tharamani, CIT Campus,,near Muthu Mari Amman koil,  Taramani,  Taramani, chennai",FEMALE,Both,,,THREE,7000,4000,False,True,True,True,True,,,,,,,,,,Bike,0,True,False,False,False,False,False,,False,False,False
8a9fd982830c9fbc01830cf07d5435e8,PG for Girls in  Taramani,12.98635672785009,80.24277163558197,Tharamani," Kambar St Anbalagan Nagar, MGR Nagar ,Tharamani, CIT Campus,,near Muthu Mari Amman koil,  Taramani,  Taramani, chennai",FEMALE,Both,,,FOUR,7500,5000,False,True,True,True,True,,,,,,,,,,Bike,0,True,False,False,False,False,False,,False,False,False
8a9f9184982bcbff01982c32b8532cf8,PG for Girls in Taramani,12.985296964123647,80.24180658531951,Tharamani,"near Shree Balaji Mobiles,mgr street ,anna nagar , taramani, taramani, chennai",FEMALE,Both,7.6,8.6,SINGLE,8000,3000,True,True,True,True,True,,,,,,,,,,Bike,11,False,False,False,False,True,True,,False,False,False
8a9f9184982bcbff01982c32b8532cf8,PG for Girls in Taramani,12.985296964123647,80.24180658531951,Tharamani,"near Shree Balaji Mobiles,mgr street ,anna nagar , taramani, taramani, chennai",FEMALE,Both,7.6,8.6,DOUBLE,7000,3000,True,True,True,True,True,,,,,,,,,,Bike,11,False,False,False,False,True,True,,False,False,False
8a9f9184982bcbff01982c32b8532cf8,PG for Girls in Taramani,12.985296964123647,80.24180658531951,Tharamani,"near Shree Balaji Mobiles,mgr street ,anna nagar , taramani, taramani, chennai",FEMALE,Both,7.6,8.6,THREE,7000,3000,True,True,True,True,True,,,,,,,,,,Bike,11,False,False,False,False,True,True,,False,False,False
8a9faa838c3a0619018c3a3b2ce423cd,PG for Girls in Tharamani,12.987486018993053,80.24114789486349,Tharamani,"Kanagam Periyar Nagar, near 90s Kids Briyani, Tharamani, Tharamani, chennai",FEMALE,Working Professional,,,THREE,6500,5000,True,True,True,True,True,True,True,True,True,True,False,True,True,False,Bike,12,False,True,False,True,True,True,10:30 PM,True,True,False
8a9faa838c3a0619018c3a3b2ce423cd,PG for Girls in Tharamani,12.987486018993053,80.24114789486349,Tharamani,"Kanagam Periyar Nagar, near 90s Kids Briyani, Tharamani, Tharamani, chennai",FEMALE,Working Professional,,,FOUR,6500,5000,True,True,True,True,True,True,True,True,True,True,False,True,True,False,Bike,12,False,True,False,True,True,True,10:30 PM,True,True,False
8a9fad9097fd8b0a0197fd999fed065f,PG for Girls in Avadi,12.985515298754802,80.24054744433413,Tharamani,"Avadi Rd, near BSS FACILITY SERVICES PVT LTD, Avadi, Avadi, chennai",FEMALE,Both,8.6,6.1,DOUBLE,13000,5000,False,True,True,True,True,,,,,,,,,,Bike,0,True,False,False,False,False,False,,False,False,False
8a9fad9097fd8b0a0197fd999fed065f,PG for Girls in Avadi,12.985515298754802,80.24054744433413,Tharamani,"Avadi Rd, near BSS FACILITY SERVICES PVT LTD, Avadi, Avadi, chennai",FEMALE,Both,8.6,6.1,THREE,9000,5000,False,True,True,True,True,,,,,,,,,,Bike,0,True,False,False,False,False,False,,False,False,False
8aa99ea598fe14570198fe43a5230d14,PG for Girls in Tharamani,12.984607960132685,80.24031027976228,Tharamani,"Anna Nagar near Sri Krishna Sweets and Bakery, Tharamani, Tharamani, chennai",FEMALE,Both,8.4,8.1,DOUBLE,8000,3000,False,True,True,True,True,,,,,,,,,,Bike,0,True,False,False,False,False,False,,False,False,False
8aa99ea598fe14570198fe43a5230d14,PG for Girls in Tharamani,12.984607960132685,80.24031027976228,Tharamani,"Anna Nagar near Sri Krishna Sweets and Bakery, Tharamani, Tharamani, chennai",FEMALE,Both,8.4,8.1,THREE,6500,3000,False,True,True,True,True,,,,,,,,,,Bike,0,False,False,False,False,False,False,,False,False,False
8aa99ea598fe14570198fe43a5230d14,PG for Girls in Tharamani,12.984607960132685,80.24031027976228,Tharamani,"Anna Nagar near Sri Krishna Sweets and Bakery, Tharamani, Tharamani, chennai",FEMALE,Both,8.4,8.1,FOUR,6500,3000,False,True,True,True,True,,,,,,,,,,Bike,0,False,False,False,False,False,False,,False,False,False
8a9ffa8389aee00d0189af8006843ead,PG for Girls in Tharamani,12.985703333811683,80.24745008771507,Tharamani,"Indira Nagar, opposite duroflex mattress, Tharamani, Tharamani, chennai",FEMALE,Both,,,SINGLE,30000,60000,True,False,False,False,False,True,True,True,False,True,True,True,True,True,Bike,84,True,True,False,True,True,True,10:30 AM,True,False,False
8a9ffa8389aee00d0189af8006843ead,PG for Girls in Tharamani,12.985703333811683,80.24745008771507,Tharamani,"Indira Nagar, opposite duroflex mattress, Tharamani, Tharamani, chennai",FEMALE,Both,,,DOUBLE,15000,30000,True,False,False,False,False,True,True,True,False,True,True,True,True,True,Bike,84,True,True,False,True,True,True,10:30 AM,True,False,False
8a9ffa8389aee00d0189af8006843ead,PG for Girls in Tharamani,12.985703333811683,80.24745008771507,Tharamani,"Indira Nagar, opposite duroflex mattress, Tharamani, Tharamani, chennai",FEMALE,Both,,,THREE,13500,30000,True,False,False,False,False,True,True,True,False,True,True,True,True,True,Bike,84,True,True,False,True,True,True,10:30 AM,True,False,False
8aa9ba4d9c483c5e019c4b4501a00e90,PG for Girls in Tharamani,12.98430361444286,80.23923780163558,Tharamani,"beside IIT, near Sri Lakshmi Meghana PG For Ladies, Tharamani, Tharamani, chennai",FEMALE,Both,7.8,6.2,DOUBLE,10000,4000,False,True,True,True,True,,,,,,,,,,Bike,0,False,False,False,False,False,False,,False,False,False
8aa9ba4d9c483c5e019c4b4501a00e90,PG for Girls in Tharamani,12.98430361444286,80.23923780163558,Tharamani,"beside IIT, near Sri Lakshmi Meghana PG For Ladies, Tharamani, Tharamani, chennai",FEMALE,Both,7.8,6.2,THREE,8000,4000,False,True,True,True,True,,,,,,,,,,Bike,0,False,False,False,False,False,False,,False,False,False
8aa9ba4d9c483c5e019c4b4501a00e90,PG for Girls in Tharamani,12.98430361444286,80.23923780163558,Tharamani,"beside IIT, near Sri Lakshmi Meghana PG For Ladies, Tharamani, Tharamani, chennai",FEMALE,Both,7.8,6.2,FOUR,7500,4000,False,True,True,True,True,,,,,,,,,,Bike,0,False,False,False,False,False,False,,False,False,False
8aa9c8c29decc189019ded91311c6409,PG for Girls in Tharamani,12.98429,80.238905,Tharamani," Anna Nagar near SRI SAI RAM ANDHRA SNACKS, Tharamani, Tharamani, chennai",FEMALE,Both,,,DOUBLE,8000,2000,False,True,True,True,True,,,,,,,,,,Bike,0,False,False,False,False,False,False,,False,False,False
8aa9c8c29decc189019ded91311c6409,PG for Girls in Tharamani,12.98429,80.238905,Tharamani," Anna Nagar near SRI SAI RAM ANDHRA SNACKS, Tharamani, Tharamani, chennai",FEMALE,Both,,,THREE,7500,3000,False,True,True,True,True,,,,,,,,,,Bike,0,False,False,False,False,False,False,,False,False,False
ff8081816a7c23cf016a7c3b87751008,PG for Girls in Tharamani,12.98165918924078,80.24120285155527,Tharamani,"Jawaharlal Nehru Salai, Mahathma Gandhi Nagar near Masjid Allah, Tharamani, Tharamani, chennai",FEMALE,Both,,,THREE,7000,3000,True,True,True,True,True,False,True,False,False,False,False,True,True,False,None,55,False,False,True,False,False,True,,True,False,False
ff8081816a7c23cf016a7c3b87751008,PG for Girls in Tharamani,12.98165918924078,80.24120285155527,Tharamani,"Jawaharlal Nehru Salai, Mahathma Gandhi Nagar near Masjid Allah, Tharamani, Tharamani, chennai",FEMALE,Both,,,FOUR,6500,3000,True,True,True,True,True,False,True,False,False,False,False,True,True,False,None,55,False,False,True,False,False,True,,True,False,False
8a9f878897bfaf120197bfb317c6004b,PG for Girls in Tharamani,12.984081022455504,80.23845684921265,Tharamani,"lake view street near Sri Venkatesa Perumal Jaganatha Vinayagar Alayam, Tharamani, Tharamani, chennai",FEMALE,Both,8.2,6.0,DOUBLE,7000,3000,False,True,True,True,True,,,,,,,,,,Bike,0,False,False,False,False,False,False,,False,False,False
8aa98b609b82e1e5019b83d1e7c974ee,PG for Girls in Tharamani,12.983660870475617,80.23847070248146,Tharamani," Lake View Street near OM SAI PG Men's Hostel,, Tharamani, Tharamani, chennai",FEMALE,Both,8.8,6.2,THREE,7500,3000,False,False,False,False,False,,,,,,,,,,Bike,0,False,False,False,False,False,False,,False,False,False
8aa98b609b82e1e5019b83d1e7c974ee,PG for Girls in Tharamani,12.983660870475617,80.23847070248146,Tharamani," Lake View Street near OM SAI PG Men's Hostel,, Tharamani, Tharamani, chennai",FEMALE,Both,8.8,6.2,FOUR,7000,3000,False,False,False,False,False,,,,,,,,,,Bike,0,False,False,False,False,False,False,,False,False,False
8aa9ba459ca2ad85019ca2ded18317ad,PG for Girls in Tharamani,12.984063593988651,80.23802145814751,Tharamani,"Near IIT madras Tharamani Gate, Tharamani, Tharamani, chennai",FEMALE,Both,8.8,6.2,DOUBLE,7000,3000,True,False,False,False,False,,,False,,,,False,False,,Bike,1,True,True,True,True,True,True,,True,False,False
8aa9ba459ca2ad85019ca2ded18317ad,PG for Girls in Tharamani,12.984063593988651,80.23802145814751,Tharamani,"Near IIT madras Tharamani Gate, Tharamani, Tharamani, chennai",FEMALE,Both,8.8,6.2,THREE,6000,3000,False,False,False,False,False,,,False,,,,False,False,,Bike,1,True,True,True,True,True,True,,True,False,False
8a9f8e438ddea899018ddf2e92c30f54,PG for Girls in Tharamani ,12.980902664357465,80.24524880299724,Tharamani,"100 feed rd near University Of Madras (Taramani Campus), Tharamani , Tharamani , chennai",FEMALE,Both,,,DOUBLE,9000,9000,False,True,True,True,True,,,,,,,,,,Bike,0,False,False,False,False,False,False,,False,False,False
8a9f8e438ddea899018ddf2e92c30f54,PG for Girls in Tharamani ,12.980902664357465,80.24524880299724,Tharamani,"100 feed rd near University Of Madras (Taramani Campus), Tharamani , Tharamani , chennai",FEMALE,Both,,,THREE,10000,10000,False,True,True,True,True,,,,,,,,,,Bike,0,False,False,False,False,False,False,,False,False,False
8a9f8e438ddea899018ddf2e92c30f54,PG for Girls in Tharamani ,12.980902664357465,80.24524880299724,Tharamani,"100 feed rd near University Of Madras (Taramani Campus), Tharamani , Tharamani , chennai",FEMALE,Both,,,FOUR,7000,7000,False,True,True,True,True,,,,,,,,,,Bike,0,False,False,False,False,False,False,,False,False,False
8a9f8a84971c247601971c31591b0431,PG for Girls in Tharamani,12.981641342901218,80.23974979888386,Tharamani,"Masjid St near  KJK Fitness Gym, Tharamani, Tharamani, chennai",FEMALE,Both,8.3,8.1,,,,,True,True,True,True,,,,,,,,,,Bike,0,,,,,,,,False,False,False
8a9fc703908b26be01908b84880015ec,PG for Girls in Tharamani,12.98050395688182,80.24289742209014,Tharamani,"Kattabomman St near Sri lakshmi padmaja ladies hostel, Tharamani, Tharamani, chennai",FEMALE,Working Professional,,,SINGLE,6500,5000,False,True,True,True,True,,,,,,,,,,Bike,0,False,False,False,False,False,False,,False,False,False
8a9fc703908b26be01908b84880015ec,PG for Girls in Tharamani,12.98050395688182,80.24289742209014,Tharamani,"Kattabomman St near Sri lakshmi padmaja ladies hostel, Tharamani, Tharamani, chennai",FEMALE,Working Professional,,,DOUBLE,6500,5000,False,True,True,True,True,,,,,,,,,,Bike,0,False,False,False,False,False,False,,False,False,False
8a9fc703908b26be01908b84880015ec,PG for Girls in Tharamani,12.98050395688182,80.24289742209014,Tharamani,"Kattabomman St near Sri lakshmi padmaja ladies hostel, Tharamani, Tharamani, chennai",FEMALE,Working Professional,,,THREE,6500,5000,False,True,True,True,True,,,,,,,,,,Bike,0,False,False,False,False,False,False,,False,False,False
8a9fc703908b26be01908b84880015ec,PG for Girls in Tharamani,12.98050395688182,80.24289742209014,Tharamani,"Kattabomman St near Sri lakshmi padmaja ladies hostel, Tharamani, Tharamani, chennai",FEMALE,Working Professional,,,FOUR,6000,5000,False,True,True,True,True,,,,,,,,,,Bike,0,False,False,False,False,False,False,,False,False,False
8a9fc5828104cc66018104e489e70ea9,PG for Girls in Tharamani,12.99094,80.246963,Tharamani,"Tharamani, Nearby IIT Madras, near Ramanujan IT park, near Tidel park, near bus stand railway station, Tharamani, Tharamani, chennai",FEMALE,Both,7.3,6.3,SINGLE,8000,1000,False,True,True,True,True,True,True,False,False,True,True,True,False,False,Bike,39,False,False,False,False,False,False,11:00 PM,False,False,False
8a9fc5828104cc66018104e489e70ea9,PG for Girls in Tharamani,12.99094,80.246963,Tharamani,"Tharamani, Nearby IIT Madras, near Ramanujan IT park, near Tidel park, near bus stand railway station, Tharamani, Tharamani, chennai",FEMALE,Both,7.3,6.3,DOUBLE,7000,1000,False,True,True,True,True,True,True,False,False,True,True,True,False,False,Bike,39,False,False,False,False,False,False,11:00 PM,False,False,False
8a9fc5828104cc66018104e489e70ea9,PG for Girls in Tharamani,12.99094,80.246963,Tharamani,"Tharamani, Nearby IIT Madras, near Ramanujan IT park, near Tidel park, near bus stand railway station, Tharamani, Tharamani, chennai",FEMALE,Both,7.3,6.3,THREE,6500,1000,False,True,True,True,True,True,True,False,False,True,True,True,False,False,Bike,39,False,False,False,False,False,False,11:00 PM,False,False,False
8a9fc5828104cc66018104e489e70ea9,PG for Girls in Tharamani,12.99094,80.246963,Tharamani,"Tharamani, Nearby IIT Madras, near Ramanujan IT park, near Tidel park, near bus stand railway station, Tharamani, Tharamani, chennai",FEMALE,Both,7.3,6.3,FOUR,6000,1000,False,True,True,True,True,True,True,False,False,True,True,True,False,False,Bike,39,False,False,False,False,False,False,11:00 PM,False,False,False
8aa9bf3a9e9afdcd019e9b55c4af2096,PG for Girls in Tharamani,12.983244225677897,80.23783311279473,Tharamani," Kambar St near SRI PADMAVATHI LADIES PG, Tharamani, Tharamani, chennai",FEMALE,Both,8.7,6.2,THREE,7500,3000,False,True,True,True,True,,,,,,,,,,Bike,0,False,False,False,False,False,False,,False,False,False
8aa9bf3a9e9afdcd019e9b55c4af2096,PG for Girls in Tharamani,12.983244225677897,80.23783311279473,Tharamani," Kambar St near SRI PADMAVATHI LADIES PG, Tharamani, Tharamani, chennai",FEMALE,Both,8.7,6.2,FOUR,6500,3000,False,True,True,True,True,,,,,,,,,,Bike,0,False,False,False,False,False,False,,False,False,False
8aa9d40d9e0164fe019e0218d4e14bd0,PG for Girls in Tharamani,12.98156813557399,80.23923925263726,Tharamani," Kattabomman Street, Jawaharlal Nehru Salai, near Tata Ace Showroom, Tharamani, Tharamani, chennai",FEMALE,Both,7.3,6.2,DOUBLE,8000,3000,False,True,True,True,True,,,,,,,,,,Bike,0,False,False,False,False,False,False,,False,False,False
8aa9d40d9e0164fe019e0218d4e14bd0,PG for Girls in Tharamani,12.98156813557399,80.23923925263726,Tharamani," Kattabomman Street, Jawaharlal Nehru Salai, near Tata Ace Showroom, Tharamani, Tharamani, chennai",FEMALE,Both,7.3,6.2,THREE,7500,3000,False,True,True,True,True,,,,,,,,,,Bike,0,False,False,False,False,False,False,,False,False,False
8aa9d40d9e0164fe019e0218d4e14bd0,PG for Girls in Tharamani,12.98156813557399,80.23923925263726,Tharamani," Kattabomman Street, Jawaharlal Nehru Salai, near Tata Ace Showroom, Tharamani, Tharamani, chennai",FEMALE,Both,7.3,6.2,FOUR,7000,3000,False,True,True,True,True,,,,,,,,,,Bike,0,False,False,False,False,False,False,,False,False,False
ff80818157468010015748e018f329c1,PG for Girls in Taramani,12.989427978061114,80.24865755501175,Tharamani,"Canal Bank Rd,  Near  TCS, Taramani, Taramani, chennai",FEMALE,Both,,,THREE,5000,8000,False,True,True,True,True,True,True,True,True,True,True,True,True,False,Bike and Car,0,True,True,True,True,True,False,,True,True,False
ff80818157468010015748e018f329c1,PG for Girls in Taramani,12.989427978061114,80.24865755501175,Tharamani,"Canal Bank Rd,  Near  TCS, Taramani, Taramani, chennai",FEMALE,Both,,,FOUR,5200,5200,False,True,True,True,True,True,True,True,True,True,True,True,True,False,Bike and Car,0,False,True,True,True,True,False,,True,True,False
8aa9b7849f87e2a9019f8849fa86376b,PG for Girls in Tharamani,12.9895733,80.24859830000001,Tharamani,"Rajiv Gandhi IT Expy,, Tharamani, Tharamani, chennai",FEMALE,Both,7.9,8.3,FOUR,10500,21000,False,True,True,True,True,,,,,,,,,,Bike,0,True,False,False,False,False,False,,False,False,False
8a9fb785999e27d701999e32261c0238,PG for Girls in  Tharamani,12.982538053670261,80.23821485767213,Tharamani,"Anna Nagar,  near Panchamukha Hanuman Temple,  Tharamani,  Tharamani, chennai",FEMALE,Both,7.8,7.8,THREE,7500,3000,True,True,True,True,True,,,,,,,,,,Bike,5,False,False,False,False,False,True,,False,False,False
8a9fb785999e27d701999e32261c0238,PG for Girls in  Tharamani,12.982538053670261,80.23821485767213,Tharamani,"Anna Nagar,  near Panchamukha Hanuman Temple,  Tharamani,  Tharamani, chennai",FEMALE,Both,7.8,7.8,FOUR,7000,3000,False,True,True,True,True,,,,,,,,,,Bike,5,True,False,False,False,False,False,,False,False,False
8a9fb3839574238a01957441c1890a8d,PG for Girls in Tharamani,12.980415909947032,80.24126996328512,Tharamani,"Kambar St, MGR Salai,Thanthai Periyar Nagar, near  to Gayathri Store  , Tharamani, Tharamani, chennai",FEMALE,Both,,,THREE,7000,3000,False,True,True,True,True,,,,,,,,,,Bike,0,False,False,False,False,False,False,,False,False,False
8a9fb3839574238a01957441c1890a8d,PG for Girls in Tharamani,12.980415909947032,80.24126996328512,Tharamani,"Kambar St, MGR Salai,Thanthai Periyar Nagar, near  to Gayathri Store  , Tharamani, Tharamani, chennai",FEMALE,Both,,,FOUR,6500,3000,False,True,True,True,True,,,,,,,,,,Bike,0,False,False,False,False,False,False,,False,False,False
8aa9bef19b40ca69019b446c01ed1046,PG for Anyone in  Tharamani,12.989588734728379,80.24859918233872,Tharamani,"Rajiv Gandhi IT Expy,  near TIDEL Park,  Tharamani,  Tharamani, chennai",BOTH,Working Professional,7.9,8.3,SINGLE,19500,29250,False,False,False,False,False,True,True,True,False,True,True,True,True,True,Bike,14,True,True,False,True,True,False,,True,False,True
8aa9bef19b40ca69019b446c01ed1046,PG for Anyone in  Tharamani,12.989588734728379,80.24859918233872,Tharamani,"Rajiv Gandhi IT Expy,  near TIDEL Park,  Tharamani,  Tharamani, chennai",BOTH,Working Professional,7.9,8.3,DOUBLE,14500,21750,True,False,False,False,False,True,True,True,False,True,True,True,True,True,Bike,14,True,True,False,True,True,True,,True,False,True
8aa9bef19b40ca69019b446c01ed1046,PG for Anyone in  Tharamani,12.989588734728379,80.24859918233872,Tharamani,"Rajiv Gandhi IT Expy,  near TIDEL Park,  Tharamani,  Tharamani, chennai",BOTH,Working Professional,7.9,8.3,THREE,13500,20250,True,False,False,False,False,True,True,True,False,True,True,True,True,True,Bike,14,True,True,False,True,True,True,,True,False,True
8a9fae84985e6f6f01985edd008f1b64,PG for Girls in Perungudi,12.983115687502691,80.23779361703356,Tharamani,"Sri Sathya Narayana Ladies Hostel , Kambar St Maraimalai Nagar, Nehru Nagar,, Perungudi, Perungudi, chennai",FEMALE,Both,8.7,6.2,THREE,6500,3000,False,True,True,True,True,,,,,,,,,,Bike,0,False,False,False,False,False,False,,False,False,False
8a9fae84985e6f6f01985edd008f1b64,PG for Girls in Perungudi,12.983115687502691,80.23779361703356,Tharamani,"Sri Sathya Narayana Ladies Hostel , Kambar St Maraimalai Nagar, Nehru Nagar,, Perungudi, Perungudi, chennai",FEMALE,Both,8.7,6.2,FOUR,6000,3000,False,True,True,True,True,,,,,,,,,,Bike,0,False,False,False,False,False,False,,False,False,False
8aa9b70c9fa1a279019fa1d570d91614,PG for Girls in Tharamani,12.98258788357556,80.2381439180489,Tharamani,"Anna Nagar,   near   Panchamukha Hanuman Temple, Tharamani, Tharamani, chennai",FEMALE,Both,8.7,6.2,THREE,7500,3000,False,True,True,True,True,,,,,,,,,,Bike,0,False,False,False,False,False,False,,False,False,False
8aa9b70c9fa1a279019fa1d570d91614,PG for Girls in Tharamani,12.98258788357556,80.2381439180489,Tharamani,"Anna Nagar,   near   Panchamukha Hanuman Temple, Tharamani, Tharamani, chennai",FEMALE,Both,8.7,6.2,FOUR,7000,3000,False,True,True,True,True,,,,,,,,,,Bike,0,False,False,False,False,False,False,,False,False,False
8a9f9b8b9781e7040197823ab12e219e,PG for Girls in Tharamani,12.981455154349566,80.23923759791685,Tharamani,"Kattabomman Street Jawaharlal Nehru Salai, Sri prashanthi ladies PG tharamani, Tharamani, Tharamani, chennai",FEMALE,Both,7.3,6.2,DOUBLE,8500,3000,True,True,True,True,True,False,True,False,False,False,False,False,False,True,Bike,15,True,True,False,True,True,True,,True,True,False
8a9f9b8b9781e7040197823ab12e219e,PG for Girls in Tharamani,12.981455154349566,80.23923759791685,Tharamani,"Kattabomman Street Jawaharlal Nehru Salai, Sri prashanthi ladies PG tharamani, Tharamani, Tharamani, chennai",FEMALE,Both,7.3,6.2,THREE,7500,3000,True,True,True,True,True,False,True,False,False,False,False,False,False,True,Bike,15,False,True,False,True,True,True,,True,True,False
8a9f9b8b9781e7040197823ab12e219e,PG for Girls in Tharamani,12.981455154349566,80.23923759791685,Tharamani,"Kattabomman Street Jawaharlal Nehru Salai, Sri prashanthi ladies PG tharamani, Tharamani, Tharamani, chennai",FEMALE,Both,7.3,6.2,FOUR,6500,3000,True,True,True,True,True,False,True,False,False,False,False,False,False,True,Bike,15,False,True,False,True,True,True,,True,True,False
8a9f9b8b9781e7040197823ab12e219e,PG for Girls in Tharamani,12.981455154349566,80.23923759791685,Tharamani,"Kattabomman Street Jawaharlal Nehru Salai, Sri prashanthi ladies PG tharamani, Tharamani, Tharamani, chennai",FEMALE,Both,7.3,6.2,DOUBLE,8500,3000,True,True,True,True,True,False,True,False,False,False,False,False,False,True,Bike,15,True,True,False,True,True,True,,True,True,False
8a9f9b8b9781e7040197823ab12e219e,PG for Girls in Tharamani,12.981455154349566,80.23923759791685,Tharamani,"Kattabomman Street Jawaharlal Nehru Salai, Sri prashanthi ladies PG tharamani, Tharamani, Tharamani, chennai",FEMALE,Both,7.3,6.2,THREE,7500,3000,True,True,True,True,True,False,True,False,False,False,False,False,False,True,Bike,15,False,True,False,True,True,True,,True,True,False
8a9f9b8b9781e7040197823ab12e219e,PG for Girls in Tharamani,12.981455154349566,80.23923759791685,Tharamani,"Kattabomman Street Jawaharlal Nehru Salai, Sri prashanthi ladies PG tharamani, Tharamani, Tharamani, chennai",FEMALE,Both,7.3,6.2,FOUR,6500,3000,True,True,True,True,True,False,True,False,False,False,False,False,False,True,Bike,15,False,True,False,True,True,True,,True,True,False
ff8081816d3e3c49016d3e94295634cd,PG for Girls in Tharamani,12.982630499991947,80.23808942685787,Tharamani,"Lake View Street, Anna Nagar Near Panchamukha Hanuman Temple, Tharamani, Tharamani, chennai",FEMALE,Both,,,DOUBLE,8500,3000,False,True,True,True,True,False,False,False,False,True,True,False,False,True,None,38,False,False,False,False,False,False,,False,False,False
8a9f9e889979bd8c019979e56dcc0784,PG for Girls in Tharamani,12.982615929921662,80.23808487119867,Tharamani,"Lake View Street Anna Nagar, near Panchamukha Hanuman Temple, Tharamani, Tharamani, chennai",FEMALE,Both,8.0,7.8,THREE,6500,3000,False,True,True,True,True,,,,,,,,,,Bike,0,False,False,False,False,False,False,,False,False,False
ff8081816625673501662660b9a56f63,PG for Girls in Taramani,12.982533132994318,80.23808547283336,Tharamani,"MGR Street,Near Panchamukha Hanuman Temple,, Taramani, Taramani, chennai",FEMALE,Both,,,DOUBLE,6500,3000,True,True,True,True,True,False,False,False,False,False,False,False,False,False,Bike,29,False,True,True,True,True,True,,True,False,False
ff8081816625673501662660b9a56f63,PG for Girls in Taramani,12.982533132994318,80.23808547283336,Tharamani,"MGR Street,Near Panchamukha Hanuman Temple,, Taramani, Taramani, chennai",FEMALE,Both,,,THREE,6200,3000,False,True,True,True,True,False,False,False,False,False,False,False,False,False,Bike,29,False,False,False,False,False,False,,True,False,False
ff8081816625673501662660b9a56f63,PG for Girls in Taramani,12.982533132994318,80.23808547283336,Tharamani,"MGR Street,Near Panchamukha Hanuman Temple,, Taramani, Taramani, chennai",FEMALE,Both,,,FOUR,6500,3000,True,True,True,True,True,False,False,False,False,False,False,False,False,False,Bike,29,False,True,True,True,True,True,,True,False,False
8a9f888399fb48770199fb9a3c0a1ada,PG for Girls in Tharamani,12.979933039383456,80.24291398705111,Tharamani,"hanthai Periyar Nagar near MGR S Vasan Mini Hall, Tharamani, Tharamani, chennai",FEMALE,Both,8.4,6.1,SINGLE,7900,5000,False,True,True,True,True,,,,,,,,,,Bike,0,False,False,False,False,False,False,,False,False,False
8a9f888399fb48770199fb9a3c0a1ada,PG for Girls in Tharamani,12.979933039383456,80.24291398705111,Tharamani,"hanthai Periyar Nagar near MGR S Vasan Mini Hall, Tharamani, Tharamani, chennai",FEMALE,Both,8.4,6.1,DOUBLE,7500,5000,False,True,True,True,True,,,,,,,,,,Bike,0,False,False,False,False,False,False,,False,False,False
8a9f888399fb48770199fb9a3c0a1ada,PG for Girls in Tharamani,12.979933039383456,80.24291398705111,Tharamani,"hanthai Periyar Nagar near MGR S Vasan Mini Hall, Tharamani, Tharamani, chennai",FEMALE,Both,8.4,6.1,THREE,6500,5000,False,True,True,True,True,,,,,,,,,,Bike,0,False,False,False,False,False,False,,False,False,False
8a9f888399fb48770199fb9a3c0a1ada,PG for Girls in Tharamani,12.979933039383456,80.24291398705111,Tharamani,"hanthai Periyar Nagar near MGR S Vasan Mini Hall, Tharamani, Tharamani, chennai",FEMALE,Both,8.4,6.1,FOUR,6000,5000,False,True,True,True,True,,,,,,,,,,Bike,0,False,False,False,False,False,False,,False,False,False
8a9ff7848abfd942018ac0d1716b17c0,PG for Girls in Tharamani,12.97980827517654,80.24241601412085,Tharamani,"kattabomman street,Near SIVA INTERIOR FURNITURE, Tharamani, Tharamani, chennai",FEMALE,Both,,,DOUBLE,8700,3000,True,True,True,True,True,True,True,False,False,True,False,True,True,False,Bike,16,False,True,False,True,True,True,,True,False,False
8a9ff7848abfd942018ac0d1716b17c0,PG for Girls in Tharamani,12.97980827517654,80.24241601412085,Tharamani,"kattabomman street,Near SIVA INTERIOR FURNITURE, Tharamani, Tharamani, chennai",FEMALE,Both,,,THREE,6500,3000,True,True,True,True,True,True,True,False,False,True,False,True,True,False,Bike,16,False,True,False,True,True,True,,True,False,False
8a9ff7848abfd942018ac0d1716b17c0,PG for Girls in Tharamani,12.97980827517654,80.24241601412085,Tharamani,"kattabomman street,Near SIVA INTERIOR FURNITURE, Tharamani, Tharamani, chennai",FEMALE,Both,,,FOUR,6500,3000,False,True,True,True,True,True,True,False,False,True,False,True,True,False,Bike,16,False,False,False,False,False,False,,True,False,False
8a9f92c390964f0f0190966b5e030974,PG for Girls in Anna Nagar,12.981597318017268,80.23833981357441,Tharamani," Ambal Nagar near C.S.I St. Mark's Church, Anna Nagar, Anna Nagar, chennai",FEMALE,Both,,,DOUBLE,7500,3000,False,True,True,True,True,,,,,,,,,,Bike,0,False,False,False,False,False,False,,False,False,False
8a9f92c390964f0f0190966b5e030974,PG for Girls in Anna Nagar,12.981597318017268,80.23833981357441,Tharamani," Ambal Nagar near C.S.I St. Mark's Church, Anna Nagar, Anna Nagar, chennai",FEMALE,Both,,,THREE,7500,3000,False,True,True,True,True,,,,,,,,,,Bike,0,False,False,False,False,False,False,,False,False,False
8aa9cfc09e2fb406019e3060faad5cd2,PG for Girls in Tharamani,12.979590975786506,80.24274260634523,Tharamani,"MGR Salai  Shiba Hostel for women , Tharamani, Tharamani, chennai",FEMALE,Working Professional,8.0,7.9,THREE,7500,7500,False,True,True,True,True,,,,,,,,,,Bike,0,False,False,False,False,False,False,,False,False,False
8a9fb2838b7fa691018b807181e47b21,PG for Girls in Tharamani,12.981542762422274,80.23832972575681,Tharamani,"Ambal Nagar, Anna Nagar,near C.S.I St. Mark's Church, Tharamani, Tharamani, chennai",FEMALE,Both,,,DOUBLE,8500,3000,False,True,True,True,True,,,,,,,,,,Bike,0,False,False,False,False,False,False,,False,False,False
8a9fb2838b7fa691018b807181e47b21,PG for Girls in Tharamani,12.981542762422274,80.23832972575681,Tharamani,"Ambal Nagar, Anna Nagar,near C.S.I St. Mark's Church, Tharamani, Tharamani, chennai",FEMALE,Both,,,THREE,7500,3000,False,True,True,True,True,,,,,,,,,,Bike,0,False,False,False,False,False,False,,False,False,False
8a9fb2838b7fa691018b807181e47b21,PG for Girls in Tharamani,12.981542762422274,80.23832972575681,Tharamani,"Ambal Nagar, Anna Nagar,near C.S.I St. Mark's Church, Tharamani, Tharamani, chennai",FEMALE,Both,,,FOUR,7000,3000,False,True,True,True,True,,,,,,,,,,Bike,0,False,False,False,False,False,False,,False,False,False
ff8081816e96ba2a016e9702aec34820,PG for Girls in Tharamani,12.981527,80.238212,Tharamani,"Ambal Nagar Near C.S.I St. Mark's Church, Tharamani, Tharamani, chennai",FEMALE,Both,,,SINGLE,7000,3000,True,True,True,True,True,True,True,False,True,True,True,False,False,True,Bike,18,True,True,True,True,True,True,,False,False,False
ff8081816e96ba2a016e9702aec34820,PG for Girls in Tharamani,12.981527,80.238212,Tharamani,"Ambal Nagar Near C.S.I St. Mark's Church, Tharamani, Tharamani, chennai",FEMALE,Both,,,DOUBLE,7000,3000,True,True,True,True,True,True,True,False,True,True,True,False,False,True,Bike,18,True,True,True,True,True,True,,False,False,False
ff8081816e96ba2a016e9702aec34820,PG for Girls in Tharamani,12.981527,80.238212,Tharamani,"Ambal Nagar Near C.S.I St. Mark's Church, Tharamani, Tharamani, chennai",FEMALE,Both,,,THREE,6500,3000,True,True,True,True,True,True,True,False,True,True,True,False,False,True,Bike,18,True,True,True,True,True,True,,False,False,False
ff8081816e96ba2a016e9702aec34820,PG for Girls in Tharamani,12.981527,80.238212,Tharamani,"Ambal Nagar Near C.S.I St. Mark's Church, Tharamani, Tharamani, chennai",FEMALE,Both,,,FOUR,6500,3000,False,True,True,True,True,True,True,False,True,True,True,False,False,True,Bike,18,False,False,False,False,False,False,,False,False,False
8aa993d89ba5db7e019ba65f1ed82add,PG for Girls in Tharamani,12.98043437518531,80.23907071105965,Tharamani,"Thanthai Periyar Nagar near Sri sai krishna PG for Ladies, Tharamani, Tharamani, chennai",FEMALE,Working Professional,8.3,8.1,THREE,8500,3000,False,True,True,True,True,,,,,,,,,,Bike,0,True,False,False,False,False,False,,False,False,False
8aa993d89ba5db7e019ba65f1ed82add,PG for Girls in Tharamani,12.98043437518531,80.23907071105965,Tharamani,"Thanthai Periyar Nagar near Sri sai krishna PG for Ladies, Tharamani, Tharamani, chennai",FEMALE,Working Professional,8.3,8.1,FOUR,7000,3000,False,True,True,True,True,,,,,,,,,,Bike,0,False,False,False,False,False,False,,False,False,False
8aa9b38f9b3a242e019b3a4744d60ba7,PG for Girls in  Tharamani,12.980420760599946,80.23907290311651,Tharamani," Thandhai Periyar Nagar ,  Tharamani,  Tharamani, chennai",FEMALE,Working Professional,8.3,8.1,DOUBLE,8500,5000,False,True,True,True,True,,,,,,,,,,Bike,0,False,True,False,True,True,False,,False,False,False
8aa9b38f9b3a242e019b3a4744d60ba7,PG for Girls in  Tharamani,12.980420760599946,80.23907290311651,Tharamani," Thandhai Periyar Nagar ,  Tharamani,  Tharamani, chennai",FEMALE,Working Professional,8.3,8.1,FOUR,7500,5000,False,True,True,True,True,,,,,,,,,,Bike,0,True,False,False,False,False,False,,False,False,False
8aa9c6539dae1972019daef465a8576d,PG for Girls in Tharamani,12.991017807727925,80.24892740110909,Tharamani,"Ramanujam Sez, near Ramanujan Tech Park - CRC, Tharamani, Tharamani, chennai",FEMALE,Both,7.8,6.1,DOUBLE,15000,10000,False,True,False,False,False,,,,,,,,,,Bike,0,False,False,False,False,False,False,,False,False,False
8aa9c6539dae1972019daef465a8576d,PG for Girls in Tharamani,12.991017807727925,80.24892740110909,Tharamani,"Ramanujam Sez, near Ramanujan Tech Park - CRC, Tharamani, Tharamani, chennai",FEMALE,Both,7.8,6.1,THREE,12500,10000,False,True,False,False,False,,,,,,,,,,Bike,0,False,False,False,False,False,False,,False,False,False
8aa9b3ad9ef28a78019ef2ff53b1294c,PG for Girls in Tharamani,12.983230206876437,80.23645734677427,Tharamani,"3rd building from SriRam stores, Tharamani, Tharamani, chennai",FEMALE,Both,8.6,6.1,SINGLE,19500,10000,True,True,True,True,True,True,True,True,True,True,True,True,True,True,Bike,12,True,True,False,True,True,True,11:00 PM,True,True,False
8aa9b3ad9ef28a78019ef2ff53b1294c,PG for Girls in Tharamani,12.983230206876437,80.23645734677427,Tharamani,"3rd building from SriRam stores, Tharamani, Tharamani, chennai",FEMALE,Both,8.6,6.1,DOUBLE,11500,5000,True,True,True,True,True,True,True,True,True,True,True,True,True,True,Bike,12,True,True,False,True,True,True,11:00 PM,True,True,False
8aa9b3ad9ef28a78019ef2ff53b1294c,PG for Girls in Tharamani,12.983230206876437,80.23645734677427,Tharamani,"3rd building from SriRam stores, Tharamani, Tharamani, chennai",FEMALE,Both,8.6,6.1,THREE,8500,5000,True,True,True,True,True,True,True,True,True,True,True,True,True,True,Bike,12,True,True,False,True,True,True,11:00 PM,True,True,False
8aa9b3ad9ef28a78019ef2ff53b1294c,PG for Girls in Tharamani,12.983230206876437,80.23645734677427,Tharamani,"3rd building from SriRam stores, Tharamani, Tharamani, chennai",FEMALE,Both,8.6,6.1,FOUR,7500,5000,True,True,True,True,True,True,True,True,True,True,True,True,True,True,Bike,12,True,True,False,True,True,True,11:00 PM,True,True,False
8a9f82986fd6e50e016fd6f61d4807fb,PG for Girls in Tharamani,12.978880100296418,80.24258253831516,Tharamani,"Chozhamannan Street and  Periyapalayam Sri Bhavani Amman Temple, Tharamani, Tharamani, chennai",FEMALE,Both,4.7,6.1,DOUBLE,9000,9000,True,True,True,True,True,False,True,True,False,False,False,True,False,False,Bike,34,True,True,False,True,True,True,,False,False,False
8a9f82986fd6e50e016fd6f61d4807fb,PG for Girls in Tharamani,12.978880100296418,80.24258253831516,Tharamani,"Chozhamannan Street and  Periyapalayam Sri Bhavani Amman Temple, Tharamani, Tharamani, chennai",FEMALE,Both,4.7,6.1,THREE,8000,8000,True,True,True,True,True,False,True,True,False,False,False,True,False,False,Bike,34,False,True,False,True,True,True,,False,False,False
8a9f82986fd6e50e016fd6f61d4807fb,PG for Girls in Tharamani,12.978880100296418,80.24258253831516,Tharamani,"Chozhamannan Street and  Periyapalayam Sri Bhavani Amman Temple, Tharamani, Tharamani, chennai",FEMALE,Both,4.7,6.1,FOUR,7000,7000,True,True,True,True,True,False,True,True,False,False,False,True,False,False,Bike,34,True,True,False,True,True,True,,False,False,False
8a9f9083900164a1019001c0d6aa28aa,PG for Girls in Tharamani,12.9903144737353,80.25014299229952,Tharamani,"TICEL Biopark Road, Tharamani, Tharamani, chennai",FEMALE,Working Professional,,,SINGLE,18000,40000,False,False,False,False,False,False,True,True,True,True,False,True,False,True,Bike,5,False,False,False,False,False,False,11:30 PM,True,True,False
8a9f9083900164a1019001c0d6aa28aa,PG for Girls in Tharamani,12.9903144737353,80.25014299229952,Tharamani,"TICEL Biopark Road, Tharamani, Tharamani, chennai",FEMALE,Working Professional,,,DOUBLE,14000,24000,False,False,False,False,False,False,True,True,True,True,False,True,False,True,Bike,5,True,True,False,True,True,True,11:30 PM,True,True,False
8a9f9083900164a1019001c0d6aa28aa,PG for Girls in Tharamani,12.9903144737353,80.25014299229952,Tharamani,"TICEL Biopark Road, Tharamani, Tharamani, chennai",FEMALE,Working Professional,,,THREE,9500,12000,False,False,False,False,False,False,True,True,True,True,False,True,False,True,Bike,5,True,True,False,True,True,True,11:30 PM,True,True,False
8aa9b948a031d42e01a0332034c76c7a,"PG for Girls in , Tharamani,",12.983124441900433,80.23566170151003,Tharamani,"Elango St near Pooja Ladies PG, , Tharamani,, , Tharamani,, chennai",FEMALE,Both,8.6,6.1,DOUBLE,8500,3000,False,True,True,True,True,,,,,,,,,,Bike,0,False,False,False,False,False,False,,False,False,False
8a9f849f6f8fa168016f98c31f1f758a,PG for Girls in Taramani,12.982492931084675,80.23593126975942,Tharamani,"Anna Nagar, near Sri Srinivasa Mini Hall (Now FOLK NIVAS), Taramani, Taramani, chennai",FEMALE,Both,,,DOUBLE,10000,10000,False,True,True,True,True,,,,,,,,,,Bike,14,False,False,False,False,False,False,,False,False,False
8a9f849f6f8fa168016f98c31f1f758a,PG for Girls in Taramani,12.982492931084675,80.23593126975942,Tharamani,"Anna Nagar, near Sri Srinivasa Mini Hall (Now FOLK NIVAS), Taramani, Taramani, chennai",FEMALE,Both,,,THREE,8000,4000,True,True,True,True,True,,,,,,,,,,Bike,14,False,False,False,False,False,True,,False,False,False
8a9f849f6f8fa168016f98c31f1f758a,PG for Girls in Taramani,12.982492931084675,80.23593126975942,Tharamani,"Anna Nagar, near Sri Srinivasa Mini Hall (Now FOLK NIVAS), Taramani, Taramani, chennai",FEMALE,Both,,,FOUR,7500,4000,True,True,True,True,True,,,,,,,,,,Bike,14,True,False,False,False,False,True,,False,False,False
8a9f8a0391749bbd019174d2003a159c,PG for Girls in Tidel Park,12.989655900000002,80.25082809999996,Tharamani,"Subbu Street near adyar depot, Tidel Park, Tidel Park, chennai",FEMALE,Both,6.6,6.3,SINGLE,9000,3000,False,True,True,True,True,True,True,True,False,True,False,True,True,False,Bike and Car,8,False,False,False,False,False,False,,True,True,False
8a9f8a0391749bbd019174d2003a159c,PG for Girls in Tidel Park,12.989655900000002,80.25082809999996,Tharamani,"Subbu Street near adyar depot, Tidel Park, Tidel Park, chennai",FEMALE,Both,6.6,6.3,DOUBLE,7500,3000,False,True,True,True,True,True,True,True,False,True,False,True,True,False,Bike and Car,8,False,False,False,False,False,False,,True,True,False
8a9f8a0391749bbd019174d2003a159c,PG for Girls in Tidel Park,12.989655900000002,80.25082809999996,Tharamani,"Subbu Street near adyar depot, Tidel Park, Tidel Park, chennai",FEMALE,Both,6.6,6.3,THREE,7000,3000,False,True,True,True,True,True,True,True,False,True,False,True,True,False,Bike and Car,8,False,False,False,False,False,False,,True,True,False
8a9f8a0391749bbd019174d2003a159c,PG for Girls in Tidel Park,12.989655900000002,80.25082809999996,Tharamani,"Subbu Street near adyar depot, Tidel Park, Tidel Park, chennai",FEMALE,Both,6.6,6.3,FOUR,5500,3000,False,True,True,True,True,True,True,True,False,True,False,True,True,False,Bike and Car,8,False,False,False,False,False,False,,True,True,False
8aa9af899be4bb52019be4e6c2a011d3,PG for Girls in Taramani,12.977301630909327,80.24330314011591,Perungudi," MGR Salai, near Dr.Ambedkar Law University, Taramani, Taramani, chennai",FEMALE,Both,7.8,5.9,DOUBLE,8000,3000,False,True,False,False,False,,,,,,,,,,Bike,0,False,False,False,False,False,False,,False,False,False
8aa9af899be4bb52019be4e6c2a011d3,PG for Girls in Taramani,12.977301630909327,80.24330314011591,Perungudi," MGR Salai, near Dr.Ambedkar Law University, Taramani, Taramani, chennai",FEMALE,Both,7.8,5.9,THREE,7500,3000,False,True,False,False,False,,,,,,,,,,Bike,0,False,False,False,False,False,False,,False,False,False
8aa9af899be4bb52019be4e6c2a011d3,PG for Girls in Taramani,12.977301630909327,80.24330314011591,Perungudi," MGR Salai, near Dr.Ambedkar Law University, Taramani, Taramani, chennai",FEMALE,Both,7.8,5.9,FOUR,6000,3000,False,True,False,False,False,,,,,,,,,,Bike,0,False,False,False,False,False,False,,False,False,False
8aa9bc2a9b492998019b49fe6e7c478c,PG for Girls in Velachery,12.982192,80.234245,Tharamani,"thamirabarani St near Jeffrin Men's PG Hostel, Velachery, Velachery, chennai",FEMALE,Both,7.9,6.0,THREE,8200,8200,False,True,True,True,True,,,,,,,,,,Bike,0,True,False,False,False,False,False,,False,False,False
8aa9bc2a9b492998019b49fe6e7c478c,PG for Girls in Velachery,12.982192,80.234245,Tharamani,"thamirabarani St near Jeffrin Men's PG Hostel, Velachery, Velachery, chennai",FEMALE,Both,7.9,6.0,FOUR,6500,3000,False,True,True,True,True,,,,,,,,,,Bike,0,False,False,False,False,False,False,,False,False,False
8a9f934391742eb40191749667442f5d,PG for Girls in Thiruvanmiyur,12.98842140017193,80.25333830762632,East Coast Road-Thiruvanmiyur,", Anna St Periyar Nagar near  Sri Pushpam Packers & Movers, Thiruvanmiyur, Thiruvanmiyur, chennai",FEMALE,Both,,,SINGLE,5500,3000,False,True,True,True,True,True,True,True,False,True,False,True,True,False,Bike and Car,0,False,False,False,False,False,False,,True,True,False
8a9f934391742eb40191749667442f5d,PG for Girls in Thiruvanmiyur,12.98842140017193,80.25333830762632,East Coast Road-Thiruvanmiyur,", Anna St Periyar Nagar near  Sri Pushpam Packers & Movers, Thiruvanmiyur, Thiruvanmiyur, chennai",FEMALE,Both,,,DOUBLE,7500,3000,False,True,True,True,True,True,True,True,False,True,False,True,True,False,Bike and Car,0,False,False,False,False,False,False,,True,True,False
8a9f934391742eb40191749667442f5d,PG for Girls in Thiruvanmiyur,12.98842140017193,80.25333830762632,East Coast Road-Thiruvanmiyur,", Anna St Periyar Nagar near  Sri Pushpam Packers & Movers, Thiruvanmiyur, Thiruvanmiyur, chennai",FEMALE,Both,,,THREE,7000,3000,False,True,True,True,True,True,True,True,False,True,False,True,True,False,Bike and Car,0,False,False,False,False,False,False,,True,True,False
8a9f934391742eb40191749667442f5d,PG for Girls in Thiruvanmiyur,12.98842140017193,80.25333830762632,East Coast Road-Thiruvanmiyur,", Anna St Periyar Nagar near  Sri Pushpam Packers & Movers, Thiruvanmiyur, Thiruvanmiyur, chennai",FEMALE,Both,,,FOUR,5500,3000,False,True,True,True,True,True,True,True,False,True,False,True,True,False,Bike and Car,0,False,False,False,False,False,False,,True,True,False
ff808181553aee5e01553fbed8014f33,"PG for Girls in 13, Canal Rd, Ranganatha Puram, Thiruvanmiyur, Chennai, Tamil Nadu 600041, India",12.986608807481948,80.25367587804794,East Coast Road-Thiruvanmiyur,"Canal road,Near PG Ladies Hostel, 13, Canal Rd, Ranganatha Puram, Thiruvanmiyur, Chennai, Tamil Nadu 600041, India, 13, Canal Rd, Ranganatha Puram, Thiruvanmiyur, Chennai, Tamil Nadu 600041, India, chennai",FEMALE,Both,7.3,9.3,SINGLE,7000,3000,False,True,True,True,True,True,True,True,False,True,True,True,True,False,Car,36,True,True,False,True,False,True,10:30 PM,True,True,False
ff808181553aee5e01553fbed8014f33,"PG for Girls in 13, Canal Rd, Ranganatha Puram, Thiruvanmiyur, Chennai, Tamil Nadu 600041, India",12.986608807481948,80.25367587804794,East Coast Road-Thiruvanmiyur,"Canal road,Near PG Ladies Hostel, 13, Canal Rd, Ranganatha Puram, Thiruvanmiyur, Chennai, Tamil Nadu 600041, India, 13, Canal Rd, Ranganatha Puram, Thiruvanmiyur, Chennai, Tamil Nadu 600041, India, chennai",FEMALE,Both,7.3,9.3,DOUBLE,8000,3000,False,True,True,True,True,True,True,True,False,True,True,True,True,False,Car,36,True,True,False,True,False,True,10:30 PM,True,True,False
ff808181553aee5e01553fbed8014f33,"PG for Girls in 13, Canal Rd, Ranganatha Puram, Thiruvanmiyur, Chennai, Tamil Nadu 600041, India",12.986608807481948,80.25367587804794,East Coast Road-Thiruvanmiyur,"Canal road,Near PG Ladies Hostel, 13, Canal Rd, Ranganatha Puram, Thiruvanmiyur, Chennai, Tamil Nadu 600041, India, 13, Canal Rd, Ranganatha Puram, Thiruvanmiyur, Chennai, Tamil Nadu 600041, India, chennai",FEMALE,Both,7.3,9.3,THREE,7000,3000,False,True,True,True,True,True,True,True,False,True,True,True,True,False,Car,36,True,True,False,False,False,True,10:30 PM,True,True,False
ff808181553aee5e01553fbed8014f33,"PG for Girls in 13, Canal Rd, Ranganatha Puram, Thiruvanmiyur, Chennai, Tamil Nadu 600041, India",12.986608807481948,80.25367587804794,East Coast Road-Thiruvanmiyur,"Canal road,Near PG Ladies Hostel, 13, Canal Rd, Ranganatha Puram, Thiruvanmiyur, Chennai, Tamil Nadu 600041, India, 13, Canal Rd, Ranganatha Puram, Thiruvanmiyur, Chennai, Tamil Nadu 600041, India, chennai",FEMALE,Both,7.3,9.3,FOUR,7000,3000,False,True,True,True,True,True,True,True,False,True,True,True,True,False,Car,36,True,True,False,False,False,True,10:30 PM,True,True,False
8a9f8583965e071701965e0d59cd00fc,"PG for Girls in 17, Bharani St, Bharathi Nagar, Tharamani, Chennai, Tamil Nadu 600113, India",12.981169508994036,80.23414704948664,Tharamani,"Arun hospital  near MGR Street,Anna Nagar,Tharamani,chennai-113., 17, Bharani St, Bharathi Nagar, Tharamani, Chennai, Tamil Nadu 600113, India, 17, Bharani St, Bharathi Nagar, Tharamani, Chennai, Tamil Nadu 600113, India, chennai",FEMALE,Working Professional,7.3,6.3,DOUBLE,8000,3000,True,True,True,True,True,False,True,True,False,False,False,True,True,False,None,3,False,True,False,False,True,True,,True,True,False
8a9f8583965e071701965e0d59cd00fc,"PG for Girls in 17, Bharani St, Bharathi Nagar, Tharamani, Chennai, Tamil Nadu 600113, India",12.981169508994036,80.23414704948664,Tharamani,"Arun hospital  near MGR Street,Anna Nagar,Tharamani,chennai-113., 17, Bharani St, Bharathi Nagar, Tharamani, Chennai, Tamil Nadu 600113, India, 17, Bharani St, Bharathi Nagar, Tharamani, Chennai, Tamil Nadu 600113, India, chennai",FEMALE,Working Professional,7.3,6.3,THREE,7000,3000,False,True,True,True,True,False,True,True,False,False,False,True,True,False,None,3,False,True,False,False,True,True,,True,True,False
8a9f8583965e071701965e0d59cd00fc,"PG for Girls in 17, Bharani St, Bharathi Nagar, Tharamani, Chennai, Tamil Nadu 600113, India",12.981169508994036,80.23414704948664,Tharamani,"Arun hospital  near MGR Street,Anna Nagar,Tharamani,chennai-113., 17, Bharani St, Bharathi Nagar, Tharamani, Chennai, Tamil Nadu 600113, India, 17, Bharani St, Bharathi Nagar, Tharamani, Chennai, Tamil Nadu 600113, India, chennai",FEMALE,Working Professional,7.3,6.3,FOUR,6000,3000,False,True,True,True,True,False,True,True,False,False,False,True,True,False,None,3,False,False,False,False,False,False,,True,True,False
8aa99fd09ba0b51f019ba18d81994f5e,PG for Girls in Thiruvanmiyur,12.984094564059884,80.25353291196257,Thiruvanmiyur,"Kamarajar Nagar, IAS Padmanabhanstreet, thiruvanmiyur, thiruvanmiyur, chennai",FEMALE,Both,6.8,6.1,THREE,0,0,False,False,False,False,False,False,False,False,False,False,False,False,False,True,None,1,,,,,,,,True,True,False
8aa99fd09ba0b51f019ba18d81994f5e,PG for Girls in Thiruvanmiyur,12.984094564059884,80.25353291196257,Thiruvanmiyur,"Kamarajar Nagar, IAS Padmanabhanstreet, thiruvanmiyur, thiruvanmiyur, chennai",FEMALE,Both,6.8,6.1,FOUR,4000,6000,False,False,False,False,False,False,False,False,False,False,False,False,False,True,None,1,False,True,False,True,True,True,,True,True,False
8a9f8f85999e2dc701999e4eeb450961,PG for Girls in Tharamani ,12.99074,80.233648,Indian Institute Of Technology,"tharamani main rd near Central Library Indian Institute of Technology Madras, tharamani , tharamani , chennai",FEMALE,Both,8.4,4.7,THREE,6500,3000,False,True,True,True,True,,,,,,,,,,Bike,0,False,False,False,False,False,False,,False,False,False
8a9f8f85999e2dc701999e4eeb450961,PG for Girls in Tharamani ,12.99074,80.233648,Indian Institute Of Technology,"tharamani main rd near Central Library Indian Institute of Technology Madras, tharamani , tharamani , chennai",FEMALE,Both,8.4,4.7,THREE,6500,3000,False,True,True,True,True,,,,,,,,,,Bike,0,False,False,False,False,False,False,,False,False,False
ff80818150dc3d890150dc4ddd1000a0,PG for Girls in Tharamani,12.981063362783837,80.23393915211487,Tharamani,"Bharathi Nagar,  Near Arun hospital, Tharamani, Tharamani, chennai",FEMALE,Both,,,THREE,8500,4000,True,True,True,True,True,True,True,False,False,True,True,True,True,False,Bike,48,False,True,True,True,True,True,,True,False,False
ff80818150dc3d890150dc4ddd1000a0,PG for Girls in Tharamani,12.981063362783837,80.23393915211487,Tharamani,"Bharathi Nagar,  Near Arun hospital, Tharamani, Tharamani, chennai",FEMALE,Both,,,FOUR,5500,5500,True,True,True,True,True,True,True,False,False,True,True,True,True,False,Bike,48,False,True,True,True,True,True,,True,False,False
8aa9b9849fd521ee019fd5f98b111ac7,PG for Girls in Thiruvanmiyur,12.9846235,80.254033,Thiruvanmiyur,"padbanaban street thiruvanmiyur, Thiruvanmiyur, Thiruvanmiyur, chennai",FEMALE,Both,6.8,6.1,THREE,3000,10000,False,False,False,False,False,False,False,False,False,False,False,False,False,True,None,0,False,True,True,True,True,True,,True,True,False
8a9f8b848fca75a4018fcaaa55880bd2,"PG for Girls in 9114, Kalai Nagar 12th W St, Kamaraj Nagar, Thiruvanmiyur, Chennai, Tamil Nadu 600041, India",12.983688740003357,80.2539249882102,Thiruvanmiyur,"thiruvanmiyur post office, 9/114, Kalai Nagar 12th W St, Kamaraj Nagar, Thiruvanmiyur, Chennai, Tamil Nadu 600041, India, 9/114, Kalai Nagar 12th W St, Kamaraj Nagar, Thiruvanmiyur, Chennai, Tamil Nadu 600041, India, chennai",FEMALE,Working Professional,8.1,8.6,THREE,9000,10000,True,False,False,False,False,False,True,True,True,True,False,True,False,False,Car,2,True,True,False,True,True,True,,True,False,False
8aa9bc729dfab3d4019dfad23ec4014d,PG for Girls in Velachery,12.980088602630177,80.2340847892746,Tharamani,"Gangai Street, Velachery, Velachery, chennai",FEMALE,Working Professional,6.6,6.2,DOUBLE,10000,3000,False,True,True,True,True,True,True,True,False,True,True,True,True,True,None,3,True,True,True,True,True,True,10:30 PM,True,True,False
8aa9bc729dfab3d4019dfad23ec4014d,PG for Girls in Velachery,12.980088602630177,80.2340847892746,Tharamani,"Gangai Street, Velachery, Velachery, chennai",FEMALE,Working Professional,6.6,6.2,THREE,8500,4000,True,True,True,True,True,True,True,True,False,True,True,True,True,True,None,3,True,True,True,True,True,True,10:30 PM,True,True,False
8a9fd58285fcfb750185fd9424897952,PG for Girls in Thiruvanmiyur,12.987957,80.254545,East Coast Road-Thiruvanmiyur,"kamaraj nagar near V3 Hyundai Showroom, Thiruvanmiyur, Thiruvanmiyur, chennai",FEMALE,Both,,,SINGLE,4000,8000,True,False,False,False,False,False,False,False,False,True,True,False,True,True,Bike,8,True,True,True,True,True,True,09:00 PM,True,False,False
8a9fd58285fcfb750185fd9424897952,PG for Girls in Thiruvanmiyur,12.987957,80.254545,East Coast Road-Thiruvanmiyur,"kamaraj nagar near V3 Hyundai Showroom, Thiruvanmiyur, Thiruvanmiyur, chennai",FEMALE,Both,,,THREE,4000,4000,True,False,False,False,False,False,False,False,False,True,True,False,True,True,Bike,8,True,True,True,True,True,True,09:00 PM,True,False,False
8a9fc582827340f90182736293581458,PG for Girls in Thiruvanmiyur,12.987948524330987,80.25462514599802,East Coast Road-Thiruvanmiyur,"2nd West Street, Kamaraj Nagar Near  V3 Hyundai Showroom , Thiruvanmiyur, Thiruvanmiyur, chennai",FEMALE,Both,8.5,8.0,SINGLE,8500,8500,False,True,True,True,True,True,True,True,False,True,True,True,True,False,Bike and Car,33,False,False,False,False,False,False,,True,True,False
8a9fc582827340f90182736293581458,PG for Girls in Thiruvanmiyur,12.987948524330987,80.25462514599802,East Coast Road-Thiruvanmiyur,"2nd West Street, Kamaraj Nagar Near  V3 Hyundai Showroom , Thiruvanmiyur, Thiruvanmiyur, chennai",FEMALE,Both,8.5,8.0,DOUBLE,15000,15000,True,True,True,True,True,True,True,True,False,True,True,True,True,False,Bike and Car,33,True,True,True,True,True,True,,True,True,False
8a9fc582827340f90182736293581458,PG for Girls in Thiruvanmiyur,12.987948524330987,80.25462514599802,East Coast Road-Thiruvanmiyur,"2nd West Street, Kamaraj Nagar Near  V3 Hyundai Showroom , Thiruvanmiyur, Thiruvanmiyur, chennai",FEMALE,Both,8.5,8.0,THREE,11500,11500,True,True,True,True,True,True,True,True,False,True,True,True,True,False,Bike and Car,33,True,True,True,True,True,True,,True,True,False
8a9fc582827340f90182736293581458,PG for Girls in Thiruvanmiyur,12.987948524330987,80.25462514599802,East Coast Road-Thiruvanmiyur,"2nd West Street, Kamaraj Nagar Near  V3 Hyundai Showroom , Thiruvanmiyur, Thiruvanmiyur, chennai",FEMALE,Both,8.5,8.0,FOUR,8500,8500,False,True,True,True,True,True,True,True,False,True,True,True,True,False,Bike and Car,33,False,False,False,False,False,False,,True,True,False
8a9f880392ec8bab0192ecca52a51097,PG for Girls in Velachery,12.9804528,80.2333162,Velachery,"Bharani Street, Velachery, Velachery, chennai",FEMALE,Both,7.8,8.0,DOUBLE,5000,3000,False,False,False,False,False,False,True,False,True,False,True,False,False,False,Bike,2,True,True,True,True,True,True,11:00 PM,True,True,False
8a9f880392ec8bab0192ecca52a51097,PG for Girls in Velachery,12.9804528,80.2333162,Velachery,"Bharani Street, Velachery, Velachery, chennai",FEMALE,Both,7.8,8.0,THREE,4000,4000,True,False,False,False,False,False,True,False,True,False,True,False,False,False,Bike,2,True,True,True,True,True,True,11:00 PM,True,True,False
8a9f880392ec8bab0192ecca52a51097,PG for Girls in Velachery,12.9804528,80.2333162,Velachery,"Bharani Street, Velachery, Velachery, chennai",FEMALE,Both,7.8,8.0,FOUR,5000,3000,False,False,False,False,False,False,True,False,True,False,True,False,False,False,Bike,2,True,True,True,True,True,True,11:00 PM,True,True,False
ff8081816b13454a016b16c195bc7a7c,PG for Girls in Perungudi,12.974841340230157,80.2424057576919,Perungudi,"MGR Main Rd, Kandancavadi Near RMZ Millenia, Campus 3B, Perungudi, Perungudi, chennai",FEMALE,Both,,,SINGLE,9500,2000,True,True,True,True,True,True,True,True,False,True,False,True,True,False,Bike and Car,272,False,True,True,True,True,True,,True,False,False
ff8081816b13454a016b16c195bc7a7c,PG for Girls in Perungudi,12.974841340230157,80.2424057576919,Perungudi,"MGR Main Rd, Kandancavadi Near RMZ Millenia, Campus 3B, Perungudi, Perungudi, chennai",FEMALE,Both,,,DOUBLE,7000,2000,True,True,True,True,True,True,True,True,False,True,False,True,True,False,Bike and Car,272,False,True,True,True,True,True,,True,False,False
ff8081816b13454a016b16c195bc7a7c,PG for Girls in Perungudi,12.974841340230157,80.2424057576919,Perungudi,"MGR Main Rd, Kandancavadi Near RMZ Millenia, Campus 3B, Perungudi, Perungudi, chennai",FEMALE,Both,,,THREE,7000,3000,True,True,True,True,True,True,True,True,False,True,False,True,True,False,Bike and Car,272,False,True,True,True,True,True,,True,False,False
ff8081816b13454a016b16c195bc7a7c,PG for Girls in Perungudi,12.974841340230157,80.2424057576919,Perungudi,"MGR Main Rd, Kandancavadi Near RMZ Millenia, Campus 3B, Perungudi, Perungudi, chennai",FEMALE,Both,,,FOUR,6000,2000,True,True,True,True,True,True,True,True,False,True,False,True,True,False,Bike and Car,272,False,True,True,True,True,True,,True,False,False
8a9f8cc392477ce9019247c00bf11582,PG for Girls in Thiruvanmiyur,12.983758756968204,80.25500814740381,East Coast Road-Thiruvanmiyur,"Lattice Brg Rd,near Rasi Hardwares, Thiruvanmiyur, Thiruvanmiyur, chennai",FEMALE,Working Professional,8.0,8.3,DOUBLE,7000,7000,False,True,True,True,True,,,,,,,,,,Bike,0,False,False,False,False,False,False,,False,False,False
8a9f8cc392477ce9019247c00bf11582,PG for Girls in Thiruvanmiyur,12.983758756968204,80.25500814740381,East Coast Road-Thiruvanmiyur,"Lattice Brg Rd,near Rasi Hardwares, Thiruvanmiyur, Thiruvanmiyur, chennai",FEMALE,Working Professional,8.0,8.3,THREE,6500,6500,False,True,True,True,True,,,,,,,,,,Bike,0,False,False,False,False,False,False,,False,False,False
8a9f8cc392477ce9019247c00bf11582,PG for Girls in Thiruvanmiyur,12.983758756968204,80.25500814740381,East Coast Road-Thiruvanmiyur,"Lattice Brg Rd,near Rasi Hardwares, Thiruvanmiyur, Thiruvanmiyur, chennai",FEMALE,Working Professional,8.0,8.3,FOUR,6000,6000,False,True,True,True,True,,,,,,,,,,Bike,0,False,False,False,False,False,False,,False,False,False
8aa9bdd89cff00f8019cffe370f96672,PG for Girls in Kandanchavadi,12.979165124761328,80.252844482331,Thiruvanmiyur,"omr rd  near aishwariya hotel , Kandanchavadi, Kandanchavadi, chennai",FEMALE,Both,6.8,6.0,SINGLE,27000,27000,False,False,False,False,False,,,,,,,,,,Bike,0,False,False,False,False,False,False,,False,False,False
8a9f9b8f97f7f2c50197f8438f582619,PG for Girls in Thiruvanmiyur,12.983430172118064,80.25495730889193,East Coast Road-Thiruvanmiyur,"ANGELS PAYING GUEST ACCOMMODATION NO.M7 M-7 & M8, Lattice Brg Rd, opposite Rasi Hardwares, Kamaraj Nagar,, Thiruvanmiyur, Thiruvanmiyur, chennai",FEMALE,Both,8.0,8.3,SINGLE,13000,13000,False,True,True,True,True,,,,,,,,,,Bike,0,False,False,False,False,False,False,,False,False,False
8a9f9b8f97f7f2c50197f8438f582619,PG for Girls in Thiruvanmiyur,12.983430172118064,80.25495730889193,East Coast Road-Thiruvanmiyur,"ANGELS PAYING GUEST ACCOMMODATION NO.M7 M-7 & M8, Lattice Brg Rd, opposite Rasi Hardwares, Kamaraj Nagar,, Thiruvanmiyur, Thiruvanmiyur, chennai",FEMALE,Both,8.0,8.3,DOUBLE,6500,6500,False,True,True,True,True,,,,,,,,,,Bike,0,False,False,False,False,False,False,,False,False,False
8a9f9b8f97f7f2c50197f8438f582619,PG for Girls in Thiruvanmiyur,12.983430172118064,80.25495730889193,East Coast Road-Thiruvanmiyur,"ANGELS PAYING GUEST ACCOMMODATION NO.M7 M-7 & M8, Lattice Brg Rd, opposite Rasi Hardwares, Kamaraj Nagar,, Thiruvanmiyur, Thiruvanmiyur, chennai",FEMALE,Both,8.0,8.3,THREE,7000,7000,False,True,True,True,True,,,,,,,,,,Bike,0,False,False,False,False,False,False,,False,False,False
8a9f9b8f97f7f2c50197f8438f582619,PG for Girls in Thiruvanmiyur,12.983430172118064,80.25495730889193,East Coast Road-Thiruvanmiyur,"ANGELS PAYING GUEST ACCOMMODATION NO.M7 M-7 & M8, Lattice Brg Rd, opposite Rasi Hardwares, Kamaraj Nagar,, Thiruvanmiyur, Thiruvanmiyur, chennai",FEMALE,Both,8.0,8.3,FOUR,5500,5500,False,True,True,True,True,,,,,,,,,,Bike,0,False,False,False,False,False,False,,False,False,False
8a9f8b8492fa48260192fa80779c0b8a,PG for Girls in Thiruvanmiyur,12.9832623509656,80.2549327529289,East Coast Road-Thiruvanmiyur,"Kamaraj nagar Near Thiruvanmiyur post office, Thiruvanmiyur, Thiruvanmiyur, chennai",FEMALE,Working Professional,6.6,6.2,DOUBLE,10500,10000,False,False,False,False,False,False,True,True,True,True,False,True,False,False,Car,0,False,False,False,False,False,False,,True,False,False
8a9f8b8492fa48260192fa80779c0b8a,PG for Girls in Thiruvanmiyur,12.9832623509656,80.2549327529289,East Coast Road-Thiruvanmiyur,"Kamaraj nagar Near Thiruvanmiyur post office, Thiruvanmiyur, Thiruvanmiyur, chennai",FEMALE,Working Professional,6.6,6.2,THREE,9500,10000,False,False,False,False,False,False,True,True,True,True,False,True,False,False,Car,0,False,False,False,False,False,False,,True,False,False
8a9faa83968582e2019685a287380aab,PG for Girls in Thiruvanmiyur,12.982666,80.254818,East Coast Road-Thiruvanmiyur,"Lattice Brg Rd near Tamil Nadu Electricity Board (TNEB), Thiruvanmiyur, Thiruvanmiyur, chennai",FEMALE,Both,6.7,6.2,THREE,6500,2000,True,True,True,True,True,,,,,,,,,,Bike,9,False,False,False,False,False,True,,False,False,False
8a9faa83968582e2019685a287380aab,PG for Girls in Thiruvanmiyur,12.982666,80.254818,East Coast Road-Thiruvanmiyur,"Lattice Brg Rd near Tamil Nadu Electricity Board (TNEB), Thiruvanmiyur, Thiruvanmiyur, chennai",FEMALE,Both,6.7,6.2,FOUR,6500,2000,False,True,True,True,True,,,,,,,,,,Bike,9,False,False,False,False,False,False,,False,False,False
ff8081816ed9d7f5016eda4755ad400f,PG for Girls in Velachery,12.982477881626417,80.23165018961865,Velachery," Tharamani Road,Near Tata Consultancy Services -Velachery, Velachery, Velachery, chennai",FEMALE,Both,,,,,,,True,True,True,True,True,True,True,False,True,True,True,True,False,Bike and Car,132,,,,,,,,True,True,False
ff8081816201438b01620405f18a428b,PG for Girls in Thiruvanmiyur,12.985820322965536,80.25549675828547,East Coast Road-Thiruvanmiyur,"2nd Main St, Opp Thiruvanmiyur Telephone Exchange, Thiruvanmiyur, Thiruvanmiyur, chennai",FEMALE,Working Professional,8.3,8.4,SINGLE,15000,20000,False,False,False,False,False,True,False,False,True,True,True,True,False,True,Bike,32,False,False,False,False,False,False,,True,True,False
ff8081816201438b01620405f18a428b,PG for Girls in Thiruvanmiyur,12.985820322965536,80.25549675828547,East Coast Road-Thiruvanmiyur,"2nd Main St, Opp Thiruvanmiyur Telephone Exchange, Thiruvanmiyur, Thiruvanmiyur, chennai",FEMALE,Working Professional,8.3,8.4,DOUBLE,8000,10000,False,False,False,False,False,True,False,False,True,True,True,True,False,True,Bike,32,False,False,False,False,False,False,,True,True,False
ff8081816201438b01620405f18a428b,PG for Girls in Thiruvanmiyur,12.985820322965536,80.25549675828547,East Coast Road-Thiruvanmiyur,"2nd Main St, Opp Thiruvanmiyur Telephone Exchange, Thiruvanmiyur, Thiruvanmiyur, chennai",FEMALE,Working Professional,8.3,8.4,THREE,7000,10000,False,False,False,False,False,True,False,False,True,True,True,True,False,True,Bike,32,False,False,False,False,False,False,,True,True,False
ff8081816201438b01620405f18a428b,PG for Girls in Thiruvanmiyur,12.985820322965536,80.25549675828547,East Coast Road-Thiruvanmiyur,"2nd Main St, Opp Thiruvanmiyur Telephone Exchange, Thiruvanmiyur, Thiruvanmiyur, chennai",FEMALE,Working Professional,8.3,8.4,FOUR,6000,10000,False,False,False,False,False,True,False,False,True,True,True,True,False,True,Bike,32,False,False,False,False,False,False,,True,True,False
8a9fa483948d413e01948d586afe06ed,PG for Girls in Velachery,12.984910121028662,80.23094977196385,Velachery," Ambika Street, New Colony near  MedPlus Velacherry New Colony Exp, Velachery, Velachery, chennai",FEMALE,Both,8.3,6.2,THREE,4800,3000,False,False,False,False,False,False,False,False,False,False,False,False,False,True,Bike,0,False,False,False,False,False,False,,False,False,False
8a9fa483948d413e01948d586afe06ed,PG for Girls in Velachery,12.984910121028662,80.23094977196385,Velachery," Ambika Street, New Colony near  MedPlus Velacherry New Colony Exp, Velachery, Velachery, chennai",FEMALE,Both,8.3,6.2,FOUR,3800,3000,False,False,False,False,False,False,False,False,False,False,False,False,False,True,Bike,0,False,False,False,False,False,False,,False,False,False
8a9f87438e4b04d1018e4b55dcbb3edf,PG for Girls in Velachery,12.982249936303832,80.23152108195832,Velachery,"new colony TCS backside, Velachery, Velachery, chennai",FEMALE,Both,8.5,7.6,SINGLE,7000,3000,False,True,True,True,True,,,,,,,,,,Bike,0,False,False,False,False,False,False,,False,False,False
8a9f87438e4b04d1018e4b55dcbb3edf,PG for Girls in Velachery,12.982249936303832,80.23152108195832,Velachery,"new colony TCS backside, Velachery, Velachery, chennai",FEMALE,Both,8.5,7.6,THREE,5000,2000,False,True,True,True,True,,,,,,,,,,Bike,0,False,False,False,False,False,False,,False,False,False
8a9f87438e4b04d1018e4b55dcbb3edf,PG for Girls in Velachery,12.982249936303832,80.23152108195832,Velachery,"new colony TCS backside, Velachery, Velachery, chennai",FEMALE,Both,8.5,7.6,FOUR,5500,3000,False,True,True,True,True,,,,,,,,,,Bike,0,False,False,False,False,False,False,,False,False,False
8a9fae8496fbf4660196fc0819c907c1,PG for Girls in Tharamani,12.982188055350731,80.23153726786434,Velachery,"velacherry rd near tcs , tharamani, tharamani, chennai",FEMALE,Both,8.2,6.3,THREE,5500,5500,False,True,True,True,True,,,,,,,,,,Bike,0,False,False,False,False,False,False,,False,False,False
8a9fae8496fbf4660196fc0819c907c1,PG for Girls in Tharamani,12.982188055350731,80.23153726786434,Velachery,"velacherry rd near tcs , tharamani, tharamani, chennai",FEMALE,Both,8.2,6.3,FOUR,7500,7500,False,True,True,True,True,,,,,,,,,,Bike,0,False,False,False,False,False,False,,False,False,False
8a9f88838db9fe09018dbad47c59710a,PG for Girls in Velachery,12.982242547914057,80.23149492255085,Velachery," No.30, new colony 5th street,Ayodhya Colony, near Tata Consultancy Services -Velachery, Velachery, Velachery, chennai",FEMALE,Both,,,SINGLE,7000,3000,False,True,True,True,True,True,True,True,False,True,True,True,True,False,None,6,False,False,False,False,False,False,10:30 PM,True,False,False
8a9f88838db9fe09018dbad47c59710a,PG for Girls in Velachery,12.982242547914057,80.23149492255085,Velachery," No.30, new colony 5th street,Ayodhya Colony, near Tata Consultancy Services -Velachery, Velachery, Velachery, chennai",FEMALE,Both,,,DOUBLE,0,0,False,True,True,True,True,True,True,True,False,True,True,True,True,False,None,6,,,,,,,10:30 PM,True,False,False
8a9f88838db9fe09018dbad47c59710a,PG for Girls in Velachery,12.982242547914057,80.23149492255085,Velachery," No.30, new colony 5th street,Ayodhya Colony, near Tata Consultancy Services -Velachery, Velachery, Velachery, chennai",FEMALE,Both,,,THREE,6500,3000,False,True,True,True,True,True,True,True,False,True,True,True,True,False,None,6,False,False,False,False,False,False,10:30 PM,True,False,False
8a9f88838db9fe09018dbad47c59710a,PG for Girls in Velachery,12.982242547914057,80.23149492255085,Velachery," No.30, new colony 5th street,Ayodhya Colony, near Tata Consultancy Services -Velachery, Velachery, Velachery, chennai",FEMALE,Both,,,FOUR,6000,3000,False,True,True,True,True,True,True,True,False,True,True,True,True,False,None,6,False,False,False,False,False,False,10:30 PM,True,False,False
8a9f8b4390294d5d019029bd999b22aa,PG for Girls in Velachery,12.982240273222697,80.23149146732676,Velachery,"New Colony Road, Ayodhya Colony near Tata Consultancy Services -, Velachery, Velachery, chennai",FEMALE,Both,6.2,1.5,SINGLE,7000,5000,False,True,True,True,True,False,False,True,False,False,False,True,True,False,Bike,24,False,False,False,False,False,False,,False,False,False
8a9f8b4390294d5d019029bd999b22aa,PG for Girls in Velachery,12.982240273222697,80.23149146732676,Velachery,"New Colony Road, Ayodhya Colony near Tata Consultancy Services -, Velachery, Velachery, chennai",FEMALE,Both,6.2,1.5,THREE,7500,5000,False,True,True,True,True,False,False,True,False,False,False,True,True,False,Bike,24,False,False,False,False,False,False,,False,False,False
8a9f8b4390294d5d019029bd999b22aa,PG for Girls in Velachery,12.982240273222697,80.23149146732676,Velachery,"New Colony Road, Ayodhya Colony near Tata Consultancy Services -, Velachery, Velachery, chennai",FEMALE,Both,6.2,1.5,FOUR,7500,5000,True,True,True,True,True,False,False,True,False,False,False,True,True,False,Bike,24,False,False,True,False,False,True,,False,False,False
8a9f850393ca6af00193cacd8ba8210c,PG for Girls in Velachery,12.982287222766397,80.23147191706839,Velachery,"Dhandeeswaram 4th Avenue Extension Road NEAR Tata Consultancy Services -Velachery, Velachery, Velachery, chennai",FEMALE,Both,,,THREE,6500,5000,False,True,True,True,True,True,True,True,False,True,False,True,True,False,Bike,8,False,False,False,False,False,False,,False,False,False
8a9f850393ca6af00193cacd8ba8210c,PG for Girls in Velachery,12.982287222766397,80.23147191706839,Velachery,"Dhandeeswaram 4th Avenue Extension Road NEAR Tata Consultancy Services -Velachery, Velachery, Velachery, chennai",FEMALE,Both,,,FOUR,7500,5000,False,True,True,True,True,True,True,True,False,True,False,True,True,False,Bike,8,True,False,False,False,False,False,,False,False,False
8a9f8c838dfdfa92018dfe66e6685a14,PG for Girls in Velachery,12.98213191703765,80.23152368272713,Velachery,"New Colony Road,near Tata Consultancy Services -Velachery, Velachery, Velachery, chennai",FEMALE,Both,8.3,6.3,DOUBLE,7500,2500,False,True,True,True,True,,,,,,,,,,Bike,0,False,False,False,False,False,False,,False,False,False
8a9f8c838dfdfa92018dfe66e6685a14,PG for Girls in Velachery,12.98213191703765,80.23152368272713,Velachery,"New Colony Road,near Tata Consultancy Services -Velachery, Velachery, Velachery, chennai",FEMALE,Both,8.3,6.3,THREE,6500,3000,False,True,True,True,True,,,,,,,,,,Bike,0,False,False,False,False,False,False,,False,False,False
8a9f8c838dfdfa92018dfe66e6685a14,PG for Girls in Velachery,12.98213191703765,80.23152368272713,Velachery,"New Colony Road,near Tata Consultancy Services -Velachery, Velachery, Velachery, chennai",FEMALE,Both,8.3,6.3,FOUR,6300,3000,False,True,True,True,True,,,,,,,,,,Bike,0,False,False,False,False,False,False,,False,False,False
ff808181668b290a01668c18d35908b3,PG for Girls in Velachery,12.982606692411977,80.2313394472003,Velachery,"Ayodhya Colony, Near Tata Consultancy Services -Velachery, Velachery, Velachery, chennai",FEMALE,Both,,,SINGLE,7000,2000,True,True,True,True,True,True,True,True,True,True,True,True,True,True,Bike and Car,169,False,True,True,True,True,True,,True,False,False
ff808181668b290a01668c18d35908b3,PG for Girls in Velachery,12.982606692411977,80.2313394472003,Velachery,"Ayodhya Colony, Near Tata Consultancy Services -Velachery, Velachery, Velachery, chennai",FEMALE,Both,,,DOUBLE,6000,2000,True,True,True,True,True,True,True,True,True,True,True,True,True,True,Bike and Car,169,True,True,True,True,True,True,,True,False,False
ff808181668b290a01668c18d35908b3,PG for Girls in Velachery,12.982606692411977,80.2313394472003,Velachery,"Ayodhya Colony, Near Tata Consultancy Services -Velachery, Velachery, Velachery, chennai",FEMALE,Both,,,THREE,5500,2000,True,True,True,True,True,True,True,True,True,True,True,True,True,True,Bike and Car,169,True,True,True,True,True,True,,True,False,False
ff808181668b290a01668c18d35908b3,PG for Girls in Velachery,12.982606692411977,80.2313394472003,Velachery,"Ayodhya Colony, Near Tata Consultancy Services -Velachery, Velachery, Velachery, chennai",FEMALE,Both,,,FOUR,5000,2000,True,True,True,True,True,True,True,True,True,True,True,True,True,True,Bike and Car,169,True,True,True,True,True,True,,True,False,False
8a9ff18286586496018658da49be4e46,PG for Girls in Velachery,12.982169579191204,80.23147984751867,Velachery,"Taramani 100 Feet Road near Tata Consultancy Services -Velachery, Velachery, Velachery, chennai",FEMALE,Both,,,FOUR,7500,5000,False,True,True,True,True,,,,,,,,,,Bike,0,False,False,False,False,False,False,,False,False,False
ff8081815e7cba69015e7ebeedd611ca,PG for Girls in Velachery,12.982611718612018,80.23130159629517,Velachery,"Tharamani Rd, Near Tata Consultancy Services -Velachery, Velachery, Velachery, chennai",FEMALE,Both,,,SINGLE,5000,5000,False,False,False,False,False,True,True,True,True,True,True,True,False,True,Bike and Car,76,,,,,,,,True,True,False
ff8081815e7cba69015e7ebeedd611ca,PG for Girls in Velachery,12.982611718612018,80.23130159629517,Velachery,"Tharamani Rd, Near Tata Consultancy Services -Velachery, Velachery, Velachery, chennai",FEMALE,Both,,,DOUBLE,5500,5500,False,False,False,False,False,True,True,True,True,True,True,True,False,True,Bike and Car,76,,,,,,,,True,True,False
ff8081815e7cba69015e7ebeedd611ca,PG for Girls in Velachery,12.982611718612018,80.23130159629517,Velachery,"Tharamani Rd, Near Tata Consultancy Services -Velachery, Velachery, Velachery, chennai",FEMALE,Both,,,THREE,5000,5000,False,False,False,False,False,True,True,True,True,True,True,True,False,True,Bike and Car,76,,,,,,,,True,True,False
ff8081815e7cba69015e7ebeedd611ca,PG for Girls in Velachery,12.982611718612018,80.23130159629517,Velachery,"Tharamani Rd, Near Tata Consultancy Services -Velachery, Velachery, Velachery, chennai",FEMALE,Both,,,FOUR,5000,5000,False,False,False,False,False,True,True,True,True,True,True,True,False,True,Bike and Car,76,,,,,,,,True,True,False
8a9f94839a172d1e019a175985910b14,PG for Anyone in  Velachery,12.971791511682385,80.21558582782745,Velachery,"Velachery Railway station opposite, KFC velachery backside,  Velachery,  Velachery, chennai",BOTH,Both,7.8,7.9,SINGLE,10000,5000,False,False,False,False,False,False,True,False,False,True,True,True,False,True,Bike and Car,3,False,False,False,False,False,False,,False,False,False
8a9f94839a172d1e019a175985910b14,PG for Anyone in  Velachery,12.971791511682385,80.21558582782745,Velachery,"Velachery Railway station opposite, KFC velachery backside,  Velachery,  Velachery, chennai",BOTH,Both,7.8,7.9,DOUBLE,4500,4500,False,False,False,False,False,False,True,False,False,True,True,True,False,True,Bike and Car,3,False,False,False,False,False,False,,False,False,False
8a9f94839a172d1e019a175985910b14,PG for Anyone in  Velachery,12.971791511682385,80.21558582782745,Velachery,"Velachery Railway station opposite, KFC velachery backside,  Velachery,  Velachery, chennai",BOTH,Both,7.8,7.9,THREE,3500,3500,False,False,False,False,False,False,True,False,False,True,True,True,False,True,Bike and Car,3,False,False,False,False,False,False,,False,False,False
8a9f868599846e64019984784ff30263,PG for Anyone in Velachery,12.975456906131738,80.22070671165675,Velachery,"Velachery rd near  Geetham Restaurant Velachery, Velachery, Velachery, chennai",BOTH,Both,8.7,7.9,DOUBLE,5000,5000,False,False,False,False,False,True,True,True,True,True,True,True,True,True,Bike and Car,0,False,False,False,False,False,False,,False,False,False
8a9f868599846e64019984784ff30263,PG for Anyone in Velachery,12.975456906131738,80.22070671165675,Velachery,"Velachery rd near  Geetham Restaurant Velachery, Velachery, Velachery, chennai",BOTH,Both,8.7,7.9,THREE,5000,5000,False,False,False,False,False,True,True,True,True,True,True,True,True,True,Bike and Car,0,False,False,False,False,False,False,,False,False,False
8aa9a40c9f01fd1f019f02a1918f4245,PG for Anyone in Velachery,12.974365437884254,80.2216434731552,Velachery,"thirugnana sammanthar street, Velachery, Velachery, chennai",BOTH,Both,8.7,7.9,SINGLE,10000,60000,False,False,False,False,False,True,True,True,False,True,False,False,False,True,Bike,0,True,False,False,False,False,False,,True,False,False
8aa9a40c9f01fd1f019f02a1918f4245,PG for Anyone in Velachery,12.974365437884254,80.2216434731552,Velachery,"thirugnana sammanthar street, Velachery, Velachery, chennai",BOTH,Both,8.7,7.9,DOUBLE,18000,18000,False,False,False,False,False,True,True,True,False,True,False,False,False,True,Bike,0,False,False,False,False,False,False,,True,False,False
8aa9a40c9f01fd1f019f02a1918f4245,PG for Anyone in Velachery,12.974365437884254,80.2216434731552,Velachery,"thirugnana sammanthar street, Velachery, Velachery, chennai",BOTH,Both,8.7,7.9,THREE,15000,15000,False,False,False,False,False,True,True,True,False,True,False,False,False,True,Bike,0,False,False,False,False,False,False,,True,False,False
8aa9b714a036fae701a0378f7f4f5bff,PG for Boys in Velachery,12.9722499,80.2247073,Velachery,"Selva nagar 5th street, Velachery, Velachery, chennai",MALE,Both,,,SINGLE,10000,10000,False,False,False,False,False,False,False,True,False,False,False,True,False,False,Bike,0,True,True,False,False,True,True,,True,True,False
8aa9d6e49dd22605019dd2aa450334d2,PG for Boys in Velachery,12.982396349360055,80.22247337105712,Velachery,"dhandieewarm main road near latha super market, Velachery, Velachery, chennai",MALE,Both,7.5,6.4,SINGLE,10000,3000,True,True,True,True,True,,,,,,,,,,Bike,10,False,True,False,True,True,True,,False,False,False
8aa9d6e49dd22605019dd2aa450334d2,PG for Boys in Velachery,12.982396349360055,80.22247337105712,Velachery,"dhandieewarm main road near latha super market, Velachery, Velachery, chennai",MALE,Both,7.5,6.4,DOUBLE,7500,3000,False,True,True,True,True,,,,,,,,,,Bike,10,False,True,False,True,True,False,,False,False,False
8aa9d6e49dd22605019dd2aa450334d2,PG for Boys in Velachery,12.982396349360055,80.22247337105712,Velachery,"dhandieewarm main road near latha super market, Velachery, Velachery, chennai",MALE,Both,7.5,6.4,THREE,7000,3000,True,True,True,True,True,,,,,,,,,,Bike,10,False,True,False,True,True,True,,False,False,False
8aa9d6e49dd22605019dd2aa450334d2,PG for Boys in Velachery,12.982396349360055,80.22247337105712,Velachery,"dhandieewarm main road near latha super market, Velachery, Velachery, chennai",MALE,Both,7.5,6.4,FOUR,6500,3000,False,True,True,True,True,,,,,,,,,,Bike,10,False,False,False,False,False,False,,False,False,False
8a9fd3e4858091f3018580bbeff723a5,PG for Boys in Velachery,12.982205767528503,80.23150455434475,Velachery,"Taramani 100 Feet Road near Tata Consultancy Services -Velachery, Velachery, Velachery, chennai",MALE,Both,,,DOUBLE,7000,7000,False,True,True,True,True,,,,,,,,,,Bike,0,False,False,False,False,False,False,,False,False,False
8a9fd3e4858091f3018580bbeff723a5,PG for Boys in Velachery,12.982205767528503,80.23150455434475,Velachery,"Taramani 100 Feet Road near Tata Consultancy Services -Velachery, Velachery, Velachery, chennai",MALE,Both,,,THREE,6500,3000,False,True,True,True,True,,,,,,,,,,Bike,0,False,False,False,False,False,False,,False,False,False
8a9fd3e4858091f3018580bbeff723a5,PG for Boys in Velachery,12.982205767528503,80.23150455434475,Velachery,"Taramani 100 Feet Road near Tata Consultancy Services -Velachery, Velachery, Velachery, chennai",MALE,Both,,,FOUR,5500,3000,False,True,True,True,True,,,,,,,,,,Bike,0,False,False,False,False,False,False,,False,False,False
ff808181617423510161751e6f757bec,PG for Boys in Velachery,12.975839120751202,80.21913742327543,Velachery,"Vijaya Nagar, near AARTHI SCANS & LABS, Velachery, Velachery, chennai",MALE,Both,,,SINGLE,0,0,False,False,False,False,False,True,True,False,False,True,True,True,False,False,Bike,96,False,False,False,False,False,False,,True,True,False
ff808181617423510161751e6f757bec,PG for Boys in Velachery,12.975839120751202,80.21913742327543,Velachery,"Vijaya Nagar, near AARTHI SCANS & LABS, Velachery, Velachery, chennai",MALE,Both,,,DOUBLE,4500,1,True,False,False,False,False,True,True,False,False,True,True,True,False,False,Bike,96,False,True,True,False,True,True,,True,True,False
ff808181617423510161751e6f757bec,PG for Boys in Velachery,12.975839120751202,80.21913742327543,Velachery,"Vijaya Nagar, near AARTHI SCANS & LABS, Velachery, Velachery, chennai",MALE,Both,,,THREE,5200,1,True,False,False,False,False,True,True,False,False,True,True,True,False,False,Bike,96,False,True,True,False,True,True,,True,True,False
ff808181617423510161751e6f757bec,PG for Boys in Velachery,12.975839120751202,80.21913742327543,Velachery,"Vijaya Nagar, near AARTHI SCANS & LABS, Velachery, Velachery, chennai",MALE,Both,,,FOUR,5000,5000,True,False,False,False,False,True,True,False,False,True,True,True,False,False,Bike,96,False,True,True,True,True,True,,True,True,False
8a9f8cc38d90cb56018d917ceef36139,PG for Boys in Velachery,12.98216768168517,80.23157938309622,Velachery,"Taramani 100 Feet Road  near Tata Consultancy Services -Velachery, Velachery, Velachery, chennai",MALE,Both,6.2,6.3,SINGLE,65000,3000,False,True,True,True,True,False,True,True,False,True,False,True,True,False,Bike,9,True,True,,True,True,True,,True,False,False
8a9f8cc38d90cb56018d917ceef36139,PG for Boys in Velachery,12.98216768168517,80.23157938309622,Velachery,"Taramani 100 Feet Road  near Tata Consultancy Services -Velachery, Velachery, Velachery, chennai",MALE,Both,6.2,6.3,DOUBLE,8000,3000,True,True,True,True,True,False,True,True,False,True,False,True,True,False,Bike,9,True,True,False,True,True,True,,True,False,False
8a9f8cc38d90cb56018d917ceef36139,PG for Boys in Velachery,12.98216768168517,80.23157938309622,Velachery,"Taramani 100 Feet Road  near Tata Consultancy Services -Velachery, Velachery, Velachery, chennai",MALE,Both,6.2,6.3,THREE,6500,3000,False,True,True,True,True,False,True,True,False,True,False,True,True,False,Bike,9,True,True,,True,True,True,,True,False,False
8a9f8cc38d90cb56018d917ceef36139,PG for Boys in Velachery,12.98216768168517,80.23157938309622,Velachery,"Taramani 100 Feet Road  near Tata Consultancy Services -Velachery, Velachery, Velachery, chennai",MALE,Both,6.2,6.3,FOUR,6500,3000,False,True,True,True,True,False,True,True,False,True,False,True,True,False,Bike,9,True,True,,True,True,True,,True,False,False
8aa9b2439d865122019d86e1020f40db,PG for Boys in Velachery,12.972704831137893,80.21867538430163,Velachery,"Vijaya Nagar, near Kavitha gent's hostel, Velachery, Velachery, chennai",MALE,Both,7.5,8.3,DOUBLE,6000,3000,False,True,True,True,True,,,,,,,,,,Bike,0,False,False,False,False,False,False,,False,False,False
8a9f83c3909572c5019095bdb3df0fdf,PG for Boys in Velachery,12.982062606625977,80.2215104714902,Velachery,"Velachery Main Rd, near Greens Technology, Velachery, Velachery, chennai",MALE,Both,,,DOUBLE,8500,1000,False,True,True,True,True,,,,,,,,,,Bike,0,False,False,False,False,False,False,,False,False,False
8a9f83c3909572c5019095bdb3df0fdf,PG for Boys in Velachery,12.982062606625977,80.2215104714902,Velachery,"Velachery Main Rd, near Greens Technology, Velachery, Velachery, chennai",MALE,Both,,,THREE,8000,3000,False,True,True,True,True,,,,,,,,,,Bike,0,False,False,False,False,False,False,,False,False,False
8a9ff18285e297050185e2e71db13b9a,PG for Boys in Velachery,12.971996,80.22047,Velachery,"Tambaram Main Rd, near PVR Grand Mall, Velachery, Velachery, Velachery, chennai",MALE,Both,,,DOUBLE,6000,2000,False,True,True,True,True,,,,,,,,,,Bike,0,False,False,False,False,False,False,,False,False,False
8a9ff18285e297050185e2e71db13b9a,PG for Boys in Velachery,12.971996,80.22047,Velachery,"Tambaram Main Rd, near PVR Grand Mall, Velachery, Velachery, Velachery, chennai",MALE,Both,,,THREE,6500,2000,False,True,True,True,True,,,,,,,,,,Bike,0,False,False,False,False,False,False,,False,False,False
8a9ff18285e297050185e2e71db13b9a,PG for Boys in Velachery,12.971996,80.22047,Velachery,"Tambaram Main Rd, near PVR Grand Mall, Velachery, Velachery, Velachery, chennai",MALE,Both,,,FOUR,6800,2000,False,True,True,True,True,,,,,,,,,,Bike,0,False,False,False,False,False,False,,False,False,False
8a9f848d987917a90198791b5a21006d,PG for Boys in  Velachery,12.98426916952483,80.22105617166795,Velachery," 100 feet road, near  sri vinayaka medicals,  Velachery,  Velachery, chennai",MALE,Both,5.9,4.3,DOUBLE,8000,3000,True,True,True,True,True,True,True,False,False,True,True,True,False,False,Bike,4,False,True,False,False,True,True,11:00 PM,True,False,False
8a9f848d987917a90198791b5a21006d,PG for Boys in  Velachery,12.98426916952483,80.22105617166795,Velachery," 100 feet road, near  sri vinayaka medicals,  Velachery,  Velachery, chennai",MALE,Both,5.9,4.3,THREE,7500,3000,True,True,True,True,True,True,True,False,False,True,True,True,False,False,Bike,4,False,True,False,False,True,True,11:00 PM,True,False,False
8a9f848d987917a90198791b5a21006d,PG for Boys in  Velachery,12.98426916952483,80.22105617166795,Velachery," 100 feet road, near  sri vinayaka medicals,  Velachery,  Velachery, chennai",MALE,Both,5.9,4.3,FOUR,0,0,False,True,True,True,True,True,True,False,False,True,True,True,False,False,Bike,4,,,,,,,11:00 PM,True,False,False
8a9faf83954a82ae01954af456ea1c01,PG for Boys in Velachery,12.978061657184005,80.2190378689001,Velachery,", Officer Colony, Vijaya Nagar, near Sathya Agencies, Velachery - Electronics and Home Appliances Store - Buy Latest Mobiles, AC, LED TV etc., Velachery, Velachery, chennai",MALE,Both,7.7,6.3,THREE,6500,3000,False,True,True,True,True,,,,,,,,,,Bike,0,False,False,False,False,False,False,,False,False,False
8a9faf83954a82ae01954af456ea1c01,PG for Boys in Velachery,12.978061657184005,80.2190378689001,Velachery,", Officer Colony, Vijaya Nagar, near Sathya Agencies, Velachery - Electronics and Home Appliances Store - Buy Latest Mobiles, AC, LED TV etc., Velachery, Velachery, chennai",MALE,Both,7.7,6.3,FOUR,6500,3000,False,True,True,True,True,,,,,,,,,,Bike,0,False,False,False,False,False,False,,False,False,False
8a9fb78394b071ad0194b07abf7e0235,PG for Boys in Dhandeeswaram,12.984993377909275,80.22377431341346,Velachery,"Velachery rd near Rajalakshmi Kalyana Mandapam, Dhandeeswaram, Dhandeeswaram, chennai",MALE,Both,,,DOUBLE,8000,3000,False,True,True,True,True,,,,,,,,,,Bike,0,False,False,False,False,False,False,,False,False,False
8a9fb78394b071ad0194b07abf7e0235,PG for Boys in Dhandeeswaram,12.984993377909275,80.22377431341346,Velachery,"Velachery rd near Rajalakshmi Kalyana Mandapam, Dhandeeswaram, Dhandeeswaram, chennai",MALE,Both,,,THREE,8000,3000,False,True,True,True,True,,,,,,,,,,Bike,0,True,False,False,False,False,False,,False,False,False
8a9fb78394b071ad0194b07abf7e0235,PG for Boys in Dhandeeswaram,12.984993377909275,80.22377431341346,Velachery,"Velachery rd near Rajalakshmi Kalyana Mandapam, Dhandeeswaram, Dhandeeswaram, chennai",MALE,Both,,,FOUR,6000,3000,False,True,True,True,True,,,,,,,,,,Bike,0,False,False,False,False,False,False,,False,False,False
ff8081815f62d9e5015f666a2e0f2c97,PG for Boys in Adambakkam,12.992009230065687,80.20713580036929,Adambakkam,"A S K .Nagar .adambakkam.Ngo colony bus  depot, Adambakkam, Adambakkam, chennai",MALE,Both,,,SINGLE,12500,5000,False,True,True,False,True,False,True,True,False,False,False,True,True,False,Bike,84,,True,,,True,True,,True,False,False
ff8081815f62d9e5015f666a2e0f2c97,PG for Boys in Adambakkam,12.992009230065687,80.20713580036929,Adambakkam,"A S K .Nagar .adambakkam.Ngo colony bus  depot, Adambakkam, Adambakkam, chennai",MALE,Both,,,DOUBLE,8000,5000,False,True,True,False,True,False,True,True,False,False,False,True,True,False,Bike,84,,True,,True,True,True,,True,False,False
ff8081815f62d9e5015f666a2e0f2c97,PG for Boys in Adambakkam,12.992009230065687,80.20713580036929,Adambakkam,"A S K .Nagar .adambakkam.Ngo colony bus  depot, Adambakkam, Adambakkam, chennai",MALE,Both,,,THREE,7500,5000,False,True,True,False,True,False,True,True,False,False,False,True,True,False,Bike,84,,True,True,,True,True,,True,False,False
8a9fef8389c4c3f60189c5d91ddb7dc5,PG for Boys in Adambakkam,12.987846502018053,80.20481589449481,Adambakkam,"Parangi Malai near Adambakkam post office , Adambakkam, Adambakkam, chennai",MALE,Both,,,SINGLE,4000,3000,False,False,False,False,False,True,True,True,False,True,True,True,True,True,Bike,0,False,False,False,False,False,False,,False,False,False
8a9fef8389c4c3f60189c5d91ddb7dc5,PG for Boys in Adambakkam,12.987846502018053,80.20481589449481,Adambakkam,"Parangi Malai near Adambakkam post office , Adambakkam, Adambakkam, chennai",MALE,Both,,,DOUBLE,6000,3000,False,False,False,False,False,True,True,True,False,True,True,True,True,True,Bike,0,False,False,False,False,False,False,,False,False,False
8a9fef8389c4c3f60189c5d91ddb7dc5,PG for Boys in Adambakkam,12.987846502018053,80.20481589449481,Adambakkam,"Parangi Malai near Adambakkam post office , Adambakkam, Adambakkam, chennai",MALE,Both,,,THREE,0,0,False,False,False,False,False,True,True,True,False,True,True,True,True,True,Bike,0,False,False,False,False,False,False,,False,False,False
8a9fef8389c4c3f60189c5d91ddb7dc5,PG for Boys in Adambakkam,12.987846502018053,80.20481589449481,Adambakkam,"Parangi Malai near Adambakkam post office , Adambakkam, Adambakkam, chennai",MALE,Both,,,FOUR,4500,3000,False,False,False,False,False,True,True,True,False,True,True,True,True,True,Bike,0,True,False,False,False,False,False,,False,False,False
8a9f80a56f511382016f51c49f6822b7,PG for Boys in Velachery,12.970111951169292,80.21904985460839,Velachery,"Velachery - Tambaram Main Rd near The Chennai Silks, Velachery, Velachery, chennai",MALE,Both,,,SINGLE,7000,3000,False,True,True,True,True,,,,,,,,,,Bike and Car,0,False,False,False,False,False,False,,False,False,False
8a9f80a56f511382016f51c49f6822b7,PG for Boys in Velachery,12.970111951169292,80.21904985460839,Velachery,"Velachery - Tambaram Main Rd near The Chennai Silks, Velachery, Velachery, chennai",MALE,Both,,,DOUBLE,8000,8000,False,True,True,True,True,,,,,,,,,,Bike and Car,0,False,False,False,False,False,False,,False,False,False
8a9f80a56f511382016f51c49f6822b7,PG for Boys in Velachery,12.970111951169292,80.21904985460839,Velachery,"Velachery - Tambaram Main Rd near The Chennai Silks, Velachery, Velachery, chennai",MALE,Both,,,THREE,7000,7000,False,True,True,True,True,,,,,,,,,,Bike and Car,0,False,False,False,False,False,False,,False,False,False
8a9f80a56f511382016f51c49f6822b7,PG for Boys in Velachery,12.970111951169292,80.21904985460839,Velachery,"Velachery - Tambaram Main Rd near The Chennai Silks, Velachery, Velachery, chennai",MALE,Both,,,FOUR,6000,3000,False,True,True,True,True,,,,,,,,,,Bike and Car,0,False,False,False,False,False,False,,False,False,False
8aa9afe39bef0762019bef6f32d43243,PG for Boys in Velachery,12.977705479473112,80.22499487361067,Velachery,"Tansi Nagar near to  JJ sweets, Velachery, Velachery, chennai",MALE,Both,8.6,6.3,THREE,7000,3000,False,True,True,True,True,,,,,,,,,,Bike,0,False,False,False,False,False,False,,False,False,False
8aa9afe39bef0762019bef6f32d43243,PG for Boys in Velachery,12.977705479473112,80.22499487361067,Velachery,"Tansi Nagar near to  JJ sweets, Velachery, Velachery, chennai",MALE,Both,8.6,6.3,FOUR,5500,3000,False,True,True,True,True,,,,,,,,,,Bike,0,False,False,False,False,False,False,,False,False,False
8a9fcb9782afc3220182b02483a7332c,PG for Boys in Velachery,12.982234868616503,80.23148586270857,Velachery,"Taramani 100 Feet Road,near Tata Consultancy Services -Velachery, Velachery, Velachery, chennai",MALE,Both,,,SINGLE,8500,5000,False,True,True,True,True,,,,,,,,,,Bike,0,False,False,False,False,False,False,,False,False,False
8a9fcb9782afc3220182b02483a7332c,PG for Boys in Velachery,12.982234868616503,80.23148586270857,Velachery,"Taramani 100 Feet Road,near Tata Consultancy Services -Velachery, Velachery, Velachery, chennai",MALE,Both,,,DOUBLE,8500,5000,False,True,True,True,True,,,,,,,,,,Bike,0,False,False,False,False,False,False,,False,False,False
8a9fcb9782afc3220182b02483a7332c,PG for Boys in Velachery,12.982234868616503,80.23148586270857,Velachery,"Taramani 100 Feet Road,near Tata Consultancy Services -Velachery, Velachery, Velachery, chennai",MALE,Both,,,THREE,7500,5000,False,True,True,True,True,,,,,,,,,,Bike,0,False,False,False,False,False,False,,False,False,False
8a9fcb9782afc3220182b02483a7332c,PG for Boys in Velachery,12.982234868616503,80.23148586270857,Velachery,"Taramani 100 Feet Road,near Tata Consultancy Services -Velachery, Velachery, Velachery, chennai",MALE,Both,,,FOUR,6000,5000,False,True,True,True,True,,,,,,,,,,Bike,0,False,False,False,False,False,False,,False,False,False
8aa9ae439c6ffd05019c7054b5532606,PG for Boys in Taramani,12.99149754777931,80.23369030436946,Indian Institute Of Technology,"Taramani IIT Road, Taramani, Taramani, chennai",MALE,Both,8.3,4.7,THREE,7500,3000,True,True,True,True,True,,,,,,,,,,Bike,3,True,True,True,True,True,True,,False,False,False
8aa9ae439c6ffd05019c7054b5532606,PG for Boys in Taramani,12.99149754777931,80.23369030436946,Indian Institute Of Technology,"Taramani IIT Road, Taramani, Taramani, chennai",MALE,Both,8.3,4.7,FOUR,7000,3000,False,True,True,True,True,,,,,,,,,,Bike,3,False,False,False,False,False,False,,False,False,False
8a9fbb83968137d3019681947b3e1fd9,PG for Boys in Velachery,12.976626384032702,80.22223032432862,Velachery,"3rd cross street baby nagar avani milk depo, Velachery, Velachery, chennai",MALE,Both,6.5,1.5,SINGLE,12000,30000,False,False,False,False,False,False,False,False,False,True,False,False,False,True,Bike,2,True,True,False,True,True,True,,True,False,False
8a9fbb83968137d3019681947b3e1fd9,PG for Boys in Velachery,12.976626384032702,80.22223032432862,Velachery,"3rd cross street baby nagar avani milk depo, Velachery, Velachery, chennai",MALE,Both,6.5,1.5,THREE,0,0,False,False,False,False,False,False,False,False,False,True,False,False,False,True,Bike,2,,,,,,,,True,False,False
8a9f96827c1e5730017c2239a9ba261b,PG for Boys in Velachery,12.9815179,80.2179755,Velachery,"14th Street, Velachery, Velachery, chennai",MALE,Both,7.7,8.0,SINGLE,7800,78000,True,False,False,False,False,False,False,True,False,True,True,True,False,True,Bike,13,True,True,True,True,True,True,,False,False,False
8a9f96827c1e5730017c2239a9ba261b,PG for Boys in Velachery,12.9815179,80.2179755,Velachery,"14th Street, Velachery, Velachery, chennai",MALE,Both,7.7,8.0,DOUBLE,7800,15000,True,False,False,False,False,False,False,True,False,True,True,True,False,True,Bike,13,True,True,True,True,True,True,,False,False,False
8aa9b0fd9f5198c5019f519d4f0f0054,PG for Boys in Velachery,12.9754605,80.2207047,Velachery,"Opposite to Kora Food street, KFC backside, Velachery, Velachery, chennai",MALE,Both,8.7,7.9,SINGLE,12000,12000,True,False,False,False,False,False,True,False,False,True,True,True,False,True,Bike,12,True,True,True,True,True,True,,False,False,False
8aa9b0fd9f5198c5019f519d4f0f0054,PG for Boys in Velachery,12.9754605,80.2207047,Velachery,"Opposite to Kora Food street, KFC backside, Velachery, Velachery, chennai",MALE,Both,8.7,7.9,DOUBLE,5000,5000,True,False,False,False,False,False,True,False,False,True,True,True,False,True,Bike,12,True,True,True,True,True,True,,False,False,False
8aa9b0fd9f5198c5019f519d4f0f0054,PG for Boys in Velachery,12.9754605,80.2207047,Velachery,"Opposite to Kora Food street, KFC backside, Velachery, Velachery, chennai",MALE,Both,8.7,7.9,THREE,4500,4500,True,False,False,False,False,False,True,False,False,True,True,True,False,True,Bike,12,True,True,True,True,True,True,,False,False,False
8aa9b0fd9f5198c5019f519d4f0f0054,PG for Boys in Velachery,12.9754605,80.2207047,Velachery,"Opposite to Kora Food street, KFC backside, Velachery, Velachery, chennai",MALE,Both,8.7,7.9,FOUR,3500,3500,True,False,False,False,False,False,True,False,False,True,True,True,False,True,Bike,12,True,True,True,True,True,True,,False,False,False
8a9fb3839574ac45019574d2fda80f04,PG for Boys in Velachery,12.995039783440546,80.2168863662701,Velachery," Velachery Rd near Allsec Technologies, Velachery, Velachery, chennai",MALE,Both,,,SINGLE,10000,1000,False,True,True,False,True,,,,,,,,,,Bike,0,False,False,False,False,False,False,,False,False,False
8a9fb3839574ac45019574d2fda80f04,PG for Boys in Velachery,12.995039783440546,80.2168863662701,Velachery," Velachery Rd near Allsec Technologies, Velachery, Velachery, chennai",MALE,Both,,,DOUBLE,7000,7000,False,True,True,False,True,,,,,,,,,,Bike,0,False,False,False,False,False,False,,False,False,False
8a9f8d849956ead0019957277486150e,PG for Boys in Velachery,12.981108243122781,80.23058380125808,Velachery,"Ramagiri Nagar NEAR Sri Dwaraka PG (Gents PG), Velachery, Velachery, chennai",MALE,Both,8.2,6.2,SINGLE,8000,3000,False,True,True,True,True,,,,,,,,,,Bike,0,False,False,False,False,False,False,,False,False,False
8a9f8d849956ead0019957277486150e,PG for Boys in Velachery,12.981108243122781,80.23058380125808,Velachery,"Ramagiri Nagar NEAR Sri Dwaraka PG (Gents PG), Velachery, Velachery, chennai",MALE,Both,8.2,6.2,DOUBLE,7000,3000,False,True,True,True,True,,,,,,,,,,Bike,0,False,False,False,False,False,False,,False,False,False
8a9f8d849956ead0019957277486150e,PG for Boys in Velachery,12.981108243122781,80.23058380125808,Velachery,"Ramagiri Nagar NEAR Sri Dwaraka PG (Gents PG), Velachery, Velachery, chennai",MALE,Both,8.2,6.2,FOUR,7000,3000,False,True,True,True,True,,,,,,,,,,Bike,0,False,False,False,False,False,False,,False,False,False
8a9f9303923bbc7b01923bdb4575046d,PG for Boys in Velachery,12.975031823660846,80.22071036441804,Velachery,"Tata Consultancy Services -Velachery 100 Feet Road, , Velachery, Velachery, chennai",MALE,Both,,,DOUBLE,6500,2000,False,True,True,True,True,,,,,,,,,,Bike,0,False,False,False,False,False,False,,False,False,False
8a9f9303923bbc7b01923bdb4575046d,PG for Boys in Velachery,12.975031823660846,80.22071036441804,Velachery,"Tata Consultancy Services -Velachery 100 Feet Road, , Velachery, Velachery, chennai",MALE,Both,,,THREE,6500,2000,False,True,True,True,True,,,,,,,,,,Bike,0,False,False,False,False,False,False,,False,False,False
8a9f9303923bbc7b01923bdb4575046d,PG for Boys in Velachery,12.975031823660846,80.22071036441804,Velachery,"Tata Consultancy Services -Velachery 100 Feet Road, , Velachery, Velachery, chennai",MALE,Both,,,FOUR,7500,2000,False,True,True,True,True,,,,,,,,,,Bike,0,True,False,False,False,False,False,,False,False,False
8a9f9303923bbc7b01923bdb4575046d,PG for Boys in Velachery,12.975031823660846,80.22071036441804,Velachery,"Tata Consultancy Services -Velachery 100 Feet Road, , Velachery, Velachery, chennai",MALE,Both,,,DOUBLE,6500,2000,False,True,True,True,True,,,,,,,,,,Bike,0,False,False,False,False,False,False,,False,False,False
8a9f9303923bbc7b01923bdb4575046d,PG for Boys in Velachery,12.975031823660846,80.22071036441804,Velachery,"Tata Consultancy Services -Velachery 100 Feet Road, , Velachery, Velachery, chennai",MALE,Both,,,THREE,6500,2000,False,True,True,True,True,,,,,,,,,,Bike,0,False,False,False,False,False,False,,False,False,False
8a9f9303923bbc7b01923bdb4575046d,PG for Boys in Velachery,12.975031823660846,80.22071036441804,Velachery,"Tata Consultancy Services -Velachery 100 Feet Road, , Velachery, Velachery, chennai",MALE,Both,,,FOUR,7500,2000,False,True,True,True,True,,,,,,,,,,Bike,0,True,False,False,False,False,False,,False,False,False
ff8081816a6d0a7c016a6d158fa70371,PG for Boys in Velachery,12.975980859185666,80.22154090674591,Velachery,"Velachery Rd Sarathy Nagar, Near Ganga Sweets and Restaurant, Velachery, Velachery, chennai",MALE,Both,,,DOUBLE,6500,2000,False,True,True,True,True,False,True,False,False,False,True,True,False,False,Bike and Car,0,False,False,False,False,False,False,,True,False,False
ff8081816a6d0a7c016a6d158fa70371,PG for Boys in Velachery,12.975980859185666,80.22154090674591,Velachery,"Velachery Rd Sarathy Nagar, Near Ganga Sweets and Restaurant, Velachery, Velachery, chennai",MALE,Both,,,THREE,7000,3000,False,True,True,True,True,False,True,False,False,False,True,True,False,False,Bike and Car,0,False,False,False,False,False,False,,True,False,False
ff8081816a6d0a7c016a6d158fa70371,PG for Boys in Velachery,12.975980859185666,80.22154090674591,Velachery,"Velachery Rd Sarathy Nagar, Near Ganga Sweets and Restaurant, Velachery, Velachery, chennai",MALE,Both,,,FOUR,5500,2000,False,True,True,True,True,False,True,False,False,False,True,True,False,False,Bike and Car,0,False,False,False,False,False,False,,True,False,False
8aa9b6f59f01fd52019f02a76bb946b1,PG for Boys in  Velachery,12.985249785858025,80.21670236631759,Velachery," Natesan Nagar, Sri Sakthi Vijayalakshmi Nagar, near  Sri Malola Narasimha Swamy Temple,  Velachery,  Velachery, chennai",MALE,Both,7.8,8.1,SINGLE,0,0,False,False,False,False,False,,,,,,,,,,Bike,0,False,False,False,False,False,False,,False,False,False
8aa9b6f59f01fd52019f02a76bb946b1,PG for Boys in  Velachery,12.985249785858025,80.21670236631759,Velachery," Natesan Nagar, Sri Sakthi Vijayalakshmi Nagar, near  Sri Malola Narasimha Swamy Temple,  Velachery,  Velachery, chennai",MALE,Both,7.8,8.1,DOUBLE,0,0,False,False,False,False,False,,,,,,,,,,Bike,0,False,False,False,False,False,False,,False,False,False
8aa9b6f59f01fd52019f02a76bb946b1,PG for Boys in  Velachery,12.985249785858025,80.21670236631759,Velachery," Natesan Nagar, Sri Sakthi Vijayalakshmi Nagar, near  Sri Malola Narasimha Swamy Temple,  Velachery,  Velachery, chennai",MALE,Both,7.8,8.1,THREE,4500,5500,False,False,False,False,False,,,,,,,,,,Bike,0,False,False,False,False,False,False,,False,False,False
8aa9b6f59f01fd52019f02a76bb946b1,PG for Boys in  Velachery,12.985249785858025,80.21670236631759,Velachery," Natesan Nagar, Sri Sakthi Vijayalakshmi Nagar, near  Sri Malola Narasimha Swamy Temple,  Velachery,  Velachery, chennai",MALE,Both,7.8,8.1,FOUR,0,0,False,False,False,False,False,,,,,,,,,,Bike,0,,,,,,,,False,False,False
8a9fb0839574ac56019574d0bd120e9a,PG for Boys in Velachery,12.976449169677133,80.2203965293174,Velachery,"Velachery Bypass Rd near Joyalukkas, Velachery, Velachery, chennai",MALE,Both,,,DOUBLE,7000,7000,False,True,True,False,True,,,,,,,,,,Bike,0,False,False,False,False,False,False,,False,False,False
8a9f81937da8f700017da92618b623ce,PG for Boys in Velachery,12.9768023,80.22760459999999,Velachery,"Mahatma Gandhi Street,Annai Indira Nagar, Near Velachery Fire Station, Velachery, Velachery, chennai",MALE,Both,,,SINGLE,12000,2000,False,True,True,True,True,,,,,,,,,,None,0,False,False,False,False,False,False,,False,False,False
8a9f81937da8f700017da92618b623ce,PG for Boys in Velachery,12.9768023,80.22760459999999,Velachery,"Mahatma Gandhi Street,Annai Indira Nagar, Near Velachery Fire Station, Velachery, Velachery, chennai",MALE,Both,,,DOUBLE,8000,2000,False,True,True,True,True,,,,,,,,,,None,0,False,False,False,False,False,False,,False,False,False
8a9f81937da8f700017da92618b623ce,PG for Boys in Velachery,12.9768023,80.22760459999999,Velachery,"Mahatma Gandhi Street,Annai Indira Nagar, Near Velachery Fire Station, Velachery, Velachery, chennai",MALE,Both,,,THREE,6500,3000,False,True,True,True,True,,,,,,,,,,None,0,False,False,False,False,False,False,,False,False,False
8a9f81937da8f700017da92618b623ce,PG for Boys in Velachery,12.9768023,80.22760459999999,Velachery,"Mahatma Gandhi Street,Annai Indira Nagar, Near Velachery Fire Station, Velachery, Velachery, chennai",MALE,Both,,,FOUR,6500,2000,False,True,True,True,True,,,,,,,,,,None,0,False,False,False,False,False,False,,False,False,False
8a9fb28494fa56ee0194fa80aa940a87,PG for Boys in Velachery,12.9768340587984,80.216945707798,Velachery,"/10, 5th Cross St near   Balaji Saloon, Velachery, Velachery, chennai",MALE,Both,7.8,7.9,DOUBLE,3500,3500,False,False,False,False,False,False,True,True,True,False,False,True,False,False,Bike,9,False,False,False,False,False,False,,False,False,False
8a9fb28494fa56ee0194fa80aa940a87,PG for Boys in Velachery,12.9768340587984,80.216945707798,Velachery,"/10, 5th Cross St near   Balaji Saloon, Velachery, Velachery, chennai",MALE,Both,7.8,7.9,THREE,3000,3000,False,False,False,False,False,False,True,True,True,False,False,True,False,False,Bike,9,False,False,False,False,False,False,,False,False,False
8a9f83c39233953a019233a9d5b41240,PG for Boys in Velachery,12.9754605,80.2207047,Velachery,"SLR MENS PG, Plot No:983,M.I.G TNHB colony, Velachery, Chennai 600042, Velachery, Velachery, chennai",MALE,Both,,,SINGLE,0,0,False,True,True,True,True,True,True,False,True,False,False,True,True,False,Bike,4,,,,,,,,True,False,False
8a9f83c39233953a019233a9d5b41240,PG for Boys in Velachery,12.9754605,80.2207047,Velachery,"SLR MENS PG, Plot No:983,M.I.G TNHB colony, Velachery, Chennai 600042, Velachery, Velachery, chennai",MALE,Both,,,DOUBLE,0,0,False,True,True,True,True,True,True,False,True,False,False,True,True,False,Bike,4,,,,,,,,True,False,False
8a9f83c39233953a019233a9d5b41240,PG for Boys in Velachery,12.9754605,80.2207047,Velachery,"SLR MENS PG, Plot No:983,M.I.G TNHB colony, Velachery, Chennai 600042, Velachery, Velachery, chennai",MALE,Both,,,THREE,7000,3000,True,True,True,True,True,True,True,False,True,False,False,True,True,False,Bike,4,False,True,False,False,True,True,,True,False,False
8a9f83c39233953a019233a9d5b41240,PG for Boys in Velachery,12.9754605,80.2207047,Velachery,"SLR MENS PG, Plot No:983,M.I.G TNHB colony, Velachery, Chennai 600042, Velachery, Velachery, chennai",MALE,Both,,,FOUR,7000,3000,False,True,True,True,True,True,True,False,True,False,False,True,True,False,Bike,4,True,False,False,False,False,False,,True,False,False
8aa9ac929c9409b6019c9472c5372fe3,PG for Boys in  Velachery,12.974222476816847,80.22803692453213,Velachery,"Iniya Home Men's PG & Hostel,Venus colony 3rd street Corner,  Velachery,  Velachery, chennai",MALE,Both,7.0,6.1,SINGLE,8000,9000,False,True,True,True,True,,,,,,,,,,Bike,0,False,False,False,False,False,False,,False,False,False
8aa9ac929c9409b6019c9472c5372fe3,PG for Boys in  Velachery,12.974222476816847,80.22803692453213,Velachery,"Iniya Home Men's PG & Hostel,Venus colony 3rd street Corner,  Velachery,  Velachery, chennai",MALE,Both,7.0,6.1,DOUBLE,13000,14000,False,True,True,True,True,,,,,,,,,,Bike,0,True,False,False,False,False,False,,False,False,False
8aa9ac929c9409b6019c9472c5372fe3,PG for Boys in  Velachery,12.974222476816847,80.22803692453213,Velachery,"Iniya Home Men's PG & Hostel,Venus colony 3rd street Corner,  Velachery,  Velachery, chennai",MALE,Both,7.0,6.1,THREE,7500,8500,False,True,True,True,True,,,,,,,,,,Bike,0,False,False,False,False,False,False,,False,False,False
8aa9ac929c9409b6019c9472c5372fe3,PG for Boys in  Velachery,12.974222476816847,80.22803692453213,Velachery,"Iniya Home Men's PG & Hostel,Venus colony 3rd street Corner,  Velachery,  Velachery, chennai",MALE,Both,7.0,6.1,FOUR,9500,10500,False,True,True,True,True,,,,,,,,,,Bike,0,True,False,False,False,False,False,,False,False,False
8aa9b61d9aaa601d019aaa896a6b19aa,PG for Boys in Velachery Vijayanagar,12.975724,80.22117999999999,Velachery,"near Railway Station, PVR grand mall and chennai silks, Velachery Vijayanagar, Velachery Vijayanagar, chennai",MALE,Both,6.6,3.1,SINGLE,8000,3500,False,True,True,True,True,True,True,False,False,True,True,True,False,False,Bike,4,False,False,False,False,False,False,,False,False,False
8aa9b61d9aaa601d019aaa896a6b19aa,PG for Boys in Velachery Vijayanagar,12.975724,80.22117999999999,Velachery,"near Railway Station, PVR grand mall and chennai silks, Velachery Vijayanagar, Velachery Vijayanagar, chennai",MALE,Both,6.6,3.1,DOUBLE,7500,3500,False,True,True,True,True,True,True,False,False,True,True,True,False,False,Bike,4,False,False,False,False,False,False,,False,False,False
8aa9b61d9aaa601d019aaa896a6b19aa,PG for Boys in Velachery Vijayanagar,12.975724,80.22117999999999,Velachery,"near Railway Station, PVR grand mall and chennai silks, Velachery Vijayanagar, Velachery Vijayanagar, chennai",MALE,Both,6.6,3.1,THREE,7000,3500,False,True,True,True,True,True,True,False,False,True,True,True,False,False,Bike,4,False,False,False,False,False,False,,False,False,False
8aa9b61d9aaa601d019aaa896a6b19aa,PG for Boys in Velachery Vijayanagar,12.975724,80.22117999999999,Velachery,"near Railway Station, PVR grand mall and chennai silks, Velachery Vijayanagar, Velachery Vijayanagar, chennai",MALE,Both,6.6,3.1,FOUR,0,0,False,True,True,True,True,True,True,False,False,True,True,True,False,False,Bike,4,,,,,,,,False,False,False
8a9fa48894c0c8ee0194c0d93f6c05ab,PG for Boys in Velachery,12.982267930585461,80.23148776795762,Velachery,"Taramani 100 Feet Road near  Tata Consultancy Services -Velachery, Velachery, Velachery, chennai",MALE,Both,7.6,7.9,SINGLE,8000,3000,False,True,True,True,True,True,True,True,False,True,False,True,True,True,Bike,7,False,True,False,False,True,False,,True,False,False
8a9fa48894c0c8ee0194c0d93f6c05ab,PG for Boys in Velachery,12.982267930585461,80.23148776795762,Velachery,"Taramani 100 Feet Road near  Tata Consultancy Services -Velachery, Velachery, Velachery, chennai",MALE,Both,7.6,7.9,DOUBLE,7500,3000,True,True,True,True,True,True,True,True,False,True,False,True,True,True,Bike,7,True,True,False,False,True,True,,True,False,False
8a9fa48894c0c8ee0194c0d93f6c05ab,PG for Boys in Velachery,12.982267930585461,80.23148776795762,Velachery,"Taramani 100 Feet Road near  Tata Consultancy Services -Velachery, Velachery, Velachery, chennai",MALE,Both,7.6,7.9,THREE,7000,3000,True,True,True,True,True,True,True,True,False,True,False,True,True,True,Bike,7,True,True,False,False,True,True,,True,False,False
8a9fa48894c0c8ee0194c0d93f6c05ab,PG for Boys in Velachery,12.982267930585461,80.23148776795762,Velachery,"Taramani 100 Feet Road near  Tata Consultancy Services -Velachery, Velachery, Velachery, chennai",MALE,Both,7.6,7.9,FOUR,6000,3000,True,True,True,True,True,True,True,True,False,True,False,True,True,True,Bike,7,True,True,False,False,True,True,,True,False,False
8aa9887e9f20e393019f21b82f4f71b7,PG for Boys in Velachery,12.970519365293306,80.21717204662704,Velachery,"Sparrc Institute, Velachery Main Rd Indira Gandhi Nagar, near Phoenix Marketcity, Velachery, Velachery, chennai",MALE,Working Professional,8.2,7.8,SINGLE,10000,60000,False,False,False,False,False,,,False,,,,False,False,,Bike,0,False,False,False,False,False,False,,False,False,False
ff80818164caf5680164cc67664254d5,PG for Boys in Velachery,12.9754605,80.2207047,Velachery,"phoenix mall and Velachery checkpost, Velachery, Velachery, chennai",MALE,Both,8.2,8.5,DOUBLE,3000,6000,True,False,False,False,False,False,True,False,True,False,False,True,False,True,Bike and Car,38,False,True,False,False,True,True,10:00 PM,True,True,False
ff80818164caf5680164cc67664254d5,PG for Boys in Velachery,12.9754605,80.2207047,Velachery,"phoenix mall and Velachery checkpost, Velachery, Velachery, chennai",MALE,Both,8.2,8.5,THREE,5000,10000,True,False,False,False,False,False,True,False,True,False,False,True,False,True,Bike and Car,38,False,True,False,False,True,True,10:00 PM,True,True,False
ff80818164caf5680164cc67664254d5,PG for Boys in Velachery,12.9754605,80.2207047,Velachery,"phoenix mall and Velachery checkpost, Velachery, Velachery, chennai",MALE,Both,8.2,8.5,FOUR,5000,10000,True,False,False,False,False,False,True,False,True,False,False,True,False,True,Bike and Car,38,True,True,False,True,True,True,10:00 PM,True,True,False
8aa9a2959fcffb90019fd04ac59c25da,"PG for Boys in 1-98, Sastri St, Baby Nagar, Velachery, Chennai, Tamil Nadu 600042, India",12.977888360992004,80.22867266088724,Velachery,"Opposite to TCS , 1-98, Sastri St, Baby Nagar, Velachery, Chennai, Tamil Nadu 600042, India, 1-98, Sastri St, Baby Nagar, Velachery, Chennai, Tamil Nadu 600042, India, chennai",MALE,Both,7.2,8.9,DOUBLE,5000,5000,False,False,False,False,False,True,True,False,False,True,True,True,False,True,Bike,0,True,True,True,True,True,True,,False,False,False
8aa9a2959fcffb90019fd04ac59c25da,"PG for Boys in 1-98, Sastri St, Baby Nagar, Velachery, Chennai, Tamil Nadu 600042, India",12.977888360992004,80.22867266088724,Velachery,"Opposite to TCS , 1-98, Sastri St, Baby Nagar, Velachery, Chennai, Tamil Nadu 600042, India, 1-98, Sastri St, Baby Nagar, Velachery, Chennai, Tamil Nadu 600042, India, chennai",MALE,Both,7.2,8.9,THREE,4500,4500,False,False,False,False,False,True,True,False,False,True,True,True,False,True,Bike,0,True,True,True,True,True,True,,False,False,False
8aa9a2959fcffb90019fd04ac59c25da,"PG for Boys in 1-98, Sastri St, Baby Nagar, Velachery, Chennai, Tamil Nadu 600042, India",12.977888360992004,80.22867266088724,Velachery,"Opposite to TCS , 1-98, Sastri St, Baby Nagar, Velachery, Chennai, Tamil Nadu 600042, India, 1-98, Sastri St, Baby Nagar, Velachery, Chennai, Tamil Nadu 600042, India, chennai",MALE,Both,7.2,8.9,FOUR,3500,3500,False,False,False,False,False,True,True,False,False,True,True,True,False,True,Bike,0,True,True,True,True,True,True,,False,False,False
8aa990699c08c770019c094e565c39ae,PG for Boys in Velachery,12.978594375513431,80.23261004438727,Velachery,"Udayam Nagar near Noels Inn PG Hostel, Velachery, Velachery, chennai",MALE,Both,8.3,7.8,THREE,7500,3000,False,True,True,False,True,,,,,,,,,,Bike,0,False,False,False,False,False,False,,False,False,False
8aa990699c08c770019c094e565c39ae,PG for Boys in Velachery,12.978594375513431,80.23261004438727,Velachery,"Udayam Nagar near Noels Inn PG Hostel, Velachery, Velachery, chennai",MALE,Both,8.3,7.8,FOUR,7500,3000,False,True,True,False,True,,,,,,,,,,Bike,0,False,False,False,False,False,False,,False,False,False
8a9ffe8389be52ba0189beb3c2b51a2d,PG for Boys in Velachery,12.977834468545682,80.22548353250619,Velachery," Rajanisha Arisi Mandi,Tansi Nagar, velachery, velachery, chennai",MALE,Both,8.5,6.3,DOUBLE,6500,3000,False,True,True,True,True,True,True,True,False,False,True,True,True,False,Bike,5,,,,,,,,True,False,False
8a9ffe8389be52ba0189beb3c2b51a2d,PG for Boys in Velachery,12.977834468545682,80.22548353250619,Velachery," Rajanisha Arisi Mandi,Tansi Nagar, velachery, velachery, chennai",MALE,Both,8.5,6.3,THREE,5500,3000,False,True,True,True,True,True,True,True,False,False,True,True,True,False,Bike,5,,,,,,,,True,False,False
8a9ffe8389be52ba0189beb3c2b51a2d,PG for Boys in Velachery,12.977834468545682,80.22548353250619,Velachery," Rajanisha Arisi Mandi,Tansi Nagar, velachery, velachery, chennai",MALE,Both,8.5,6.3,FOUR,5500,3000,False,True,True,True,True,True,True,True,False,False,True,True,True,False,Bike,5,,,,,,,,True,False,False
ff808181671d35030167211c2f570b7b,PG for Boys in Velachery,12.979613338446264,80.21847094664443,Velachery,"Velachery Bypass Rd Near HP Petrol Pump Venkateshwara Agencies, Velachery, Velachery, chennai",MALE,Both,,,SINGLE,6000,2000,False,True,True,False,True,False,False,True,False,False,False,True,True,False,Bike,105,False,False,False,False,False,False,,False,False,False
ff808181671d35030167211c2f570b7b,PG for Boys in Velachery,12.979613338446264,80.21847094664443,Velachery,"Velachery Bypass Rd Near HP Petrol Pump Venkateshwara Agencies, Velachery, Velachery, chennai",MALE,Both,,,DOUBLE,6500,3000,True,True,True,False,True,False,False,True,False,False,False,True,True,False,Bike,105,False,True,True,True,True,True,,False,False,False
ff808181671d35030167211c2f570b7b,PG for Boys in Velachery,12.979613338446264,80.21847094664443,Velachery,"Velachery Bypass Rd Near HP Petrol Pump Venkateshwara Agencies, Velachery, Velachery, chennai",MALE,Both,,,THREE,6000,3000,False,True,True,False,True,False,False,True,False,False,False,True,True,False,Bike,105,False,False,False,False,False,False,,False,False,False
ff808181671d35030167211c2f570b7b,PG for Boys in Velachery,12.979613338446264,80.21847094664443,Velachery,"Velachery Bypass Rd Near HP Petrol Pump Venkateshwara Agencies, Velachery, Velachery, chennai",MALE,Both,,,FOUR,0,0,False,True,True,False,True,False,False,True,False,False,False,True,True,False,Bike,105,,,,,,,,False,False,False
8a9f910390437b3a019043d354a82a36,PG for Boys in Tharamani,12.990740089199234,80.23364802860634,Indian Institute Of Technology,"tharamani main rd near Central Library Indian Institute of Technology Madras, tharamani, tharamani, chennai",MALE,Both,,,DOUBLE,8000,5000,False,True,True,True,True,,,,,,,,,,Bike,0,True,False,False,False,False,False,,False,False,False
8a9f910390437b3a019043d354a82a36,PG for Boys in Tharamani,12.990740089199234,80.23364802860634,Indian Institute Of Technology,"tharamani main rd near Central Library Indian Institute of Technology Madras, tharamani, tharamani, chennai",MALE,Both,,,THREE,6500,3000,False,True,True,True,True,,,,,,,,,,Bike,0,True,False,False,False,False,False,,False,False,False
8a9f910390437b3a019043d354a82a36,PG for Boys in Tharamani,12.990740089199234,80.23364802860634,Indian Institute Of Technology,"tharamani main rd near Central Library Indian Institute of Technology Madras, tharamani, tharamani, chennai",MALE,Both,,,FOUR,6000,3000,False,True,True,True,True,,,,,,,,,,Bike,0,False,False,False,False,False,False,,False,False,False
8a9f94869879187e01987926c44205b8,PG for Boys in Velachery,12.981688195254419,80.21929512936738,Velachery,"Orandi Amman Koil St, Near Perumal Koil, Velachery, Velachery, chennai",MALE,Both,5.9,4.3,SINGLE,0,0,False,True,True,True,True,True,True,False,False,False,True,True,False,False,Bike,8,,,,,,,,False,False,False
8a9f94869879187e01987926c44205b8,PG for Boys in Velachery,12.981688195254419,80.21929512936738,Velachery,"Orandi Amman Koil St, Near Perumal Koil, Velachery, Velachery, chennai",MALE,Both,5.9,4.3,DOUBLE,8500,3000,False,True,True,True,True,True,True,False,False,False,True,True,False,False,Bike,8,True,True,True,False,True,True,,False,False,False
8a9f94869879187e01987926c44205b8,PG for Boys in Velachery,12.981688195254419,80.21929512936738,Velachery,"Orandi Amman Koil St, Near Perumal Koil, Velachery, Velachery, chennai",MALE,Both,5.9,4.3,THREE,0,0,False,True,True,True,True,True,True,False,False,False,True,True,False,False,Bike,8,,,,,,,,False,False,False
8a9f94869879187e01987926c44205b8,PG for Boys in Velachery,12.981688195254419,80.21929512936738,Velachery,"Orandi Amman Koil St, Near Perumal Koil, Velachery, Velachery, chennai",MALE,Both,5.9,4.3,FOUR,6500,3000,True,True,True,True,True,True,True,False,False,False,True,True,False,False,Bike,8,True,True,True,False,True,True,,False,False,False
8a9fae84960a5ddb01960a8bba7e1505,PG for Boys in Velachery,12.973642048445452,80.22883457672341,Velachery,"Balakrishna Nagar Main Rd,near Tanhar Badminton Zone, velachery, velachery, chennai",MALE,Both,7.0,6.1,DOUBLE,6800,3000,False,True,True,True,True,True,True,True,False,True,True,True,True,True,Bike and Car,0,False,True,False,False,True,True,,False,False,False
8a9fae84960a5ddb01960a8bba7e1505,PG for Boys in Velachery,12.973642048445452,80.22883457672341,Velachery,"Balakrishna Nagar Main Rd,near Tanhar Badminton Zone, velachery, velachery, chennai",MALE,Both,7.0,6.1,FOUR,6500,3000,False,True,True,True,True,True,True,True,False,True,True,True,True,True,Bike and Car,0,False,False,False,False,False,False,,False,False,False
8a9ff3838a729179018a734ae6f25646,PG for Boys in Velachery,12.97718410863461,80.2228206488582,Velachery,"Taramani Link Rd, Tansi Nagar near Royal Shoppe, Velachery, Velachery, chennai",MALE,Both,,,SINGLE,6000,5000,False,True,True,True,True,,,,,,,,,,Bike,0,False,False,False,False,False,False,,False,False,False
8a9ff3838a729179018a734ae6f25646,PG for Boys in Velachery,12.97718410863461,80.2228206488582,Velachery,"Taramani Link Rd, Tansi Nagar near Royal Shoppe, Velachery, Velachery, chennai",MALE,Both,,,DOUBLE,6500,3500,False,True,True,True,True,,,,,,,,,,Bike,0,False,False,False,False,False,False,,False,False,False
8a9ff3838a729179018a734ae6f25646,PG for Boys in Velachery,12.97718410863461,80.2228206488582,Velachery,"Taramani Link Rd, Tansi Nagar near Royal Shoppe, Velachery, Velachery, chennai",MALE,Both,,,THREE,6000,3500,False,True,True,True,True,,,,,,,,,,Bike,0,False,False,False,False,False,False,,False,False,False
8a9ff3838a729179018a734ae6f25646,PG for Boys in Velachery,12.97718410863461,80.2228206488582,Velachery,"Taramani Link Rd, Tansi Nagar near Royal Shoppe, Velachery, Velachery, chennai",MALE,Both,,,FOUR,6500,3500,False,True,True,True,True,,,,,,,,,,Bike,0,False,False,False,False,False,False,,False,False,False
8a9fc78284c60f730184c69e3d2f1efa,PG for Boys in Velachery,12.97530261801347,80.21987740924499,Velachery,"Vijaya Nagar  near Sai Srinivasa Diagnostics, Velachery, Velachery, chennai",MALE,Both,8.1,8.0,SINGLE,6500,3000,False,True,True,True,True,,,,,,,,,,Bike,18,False,False,False,False,False,False,,False,False,False
8a9fc78284c60f730184c69e3d2f1efa,PG for Boys in Velachery,12.97530261801347,80.21987740924499,Velachery,"Vijaya Nagar  near Sai Srinivasa Diagnostics, Velachery, Velachery, chennai",MALE,Both,8.1,8.0,DOUBLE,6300,3000,False,True,True,True,True,,,,,,,,,,Bike,18,False,False,False,False,False,False,,False,False,False
8a9fc78284c60f730184c69e3d2f1efa,PG for Boys in Velachery,12.97530261801347,80.21987740924499,Velachery,"Vijaya Nagar  near Sai Srinivasa Diagnostics, Velachery, Velachery, chennai",MALE,Both,8.1,8.0,THREE,7000,4000,True,True,True,True,True,,,,,,,,,,Bike,18,False,False,False,False,False,True,,False,False,False
8a9fc78284c60f730184c69e3d2f1efa,PG for Boys in Velachery,12.97530261801347,80.21987740924499,Velachery,"Vijaya Nagar  near Sai Srinivasa Diagnostics, Velachery, Velachery, chennai",MALE,Both,8.1,8.0,FOUR,6500,3000,True,True,True,True,True,,,,,,,,,,Bike,18,False,False,False,False,False,True,,False,False,False
8a9f84439293b618019293df6bf40b32,PG for Boys in Velachery,12.970142,80.218869,Velachery,"shanthi nagar , Velachery - Tambaram Main Rd near The Chennai Silks - Velachery , Velachery, Velachery, chennai",MALE,Both,,,,,,,True,True,True,True,,,,,,,,,,Bike,0,,,,,,,,True,False,False
ff8081814f79be78014f83503087346e,PG for Boys in Velachery,12.979769815036816,80.22778020813186,Velachery,"Taramani Link Rd, , Baby Nagar near  Bloom Fertility & Multispecialty Hospital , Velachery, Velachery, chennai",MALE,Both,,,SINGLE,9000,5000,False,True,True,True,True,True,True,True,False,True,True,True,True,False,Bike,49,False,False,False,False,False,False,,True,False,False
ff8081814f79be78014f83503087346e,PG for Boys in Velachery,12.979769815036816,80.22778020813186,Velachery,"Taramani Link Rd, , Baby Nagar near  Bloom Fertility & Multispecialty Hospital , Velachery, Velachery, chennai",MALE,Both,,,DOUBLE,9000,5000,False,True,True,True,True,True,True,True,False,True,True,True,True,False,Bike,49,False,True,False,False,True,False,,True,False,False
ff8081814f79be78014f83503087346e,PG for Boys in Velachery,12.979769815036816,80.22778020813186,Velachery,"Taramani Link Rd, , Baby Nagar near  Bloom Fertility & Multispecialty Hospital , Velachery, Velachery, chennai",MALE,Both,,,THREE,7500,5000,True,True,True,True,True,True,True,True,False,True,True,True,True,False,Bike,49,False,True,False,True,True,True,,True,False,False
8aa998f59f742494019f74374f0c0a03,PG for Boys in Adambakkam,12.9880288,80.20471330000001,Adambakkam,"No.27, 3rd Main Road, Kakan Nagar, Adambakkam, Chennai -600088, Adambakkam, Adambakkam, chennai",MALE,Both,8.0,6.4,SINGLE,7500,4000,False,False,False,False,False,False,True,True,False,False,False,True,True,False,Bike,0,False,True,False,False,True,True,,True,True,False
8aa998f59f742494019f74374f0c0a03,PG for Boys in Adambakkam,12.9880288,80.20471330000001,Adambakkam,"No.27, 3rd Main Road, Kakan Nagar, Adambakkam, Chennai -600088, Adambakkam, Adambakkam, chennai",MALE,Both,8.0,6.4,DOUBLE,5000,3000,False,False,False,False,False,False,True,True,False,False,False,True,True,False,Bike,0,False,True,False,False,True,True,,True,True,False
8aa998f59f742494019f74374f0c0a03,PG for Boys in Adambakkam,12.9880288,80.20471330000001,Adambakkam,"No.27, 3rd Main Road, Kakan Nagar, Adambakkam, Chennai -600088, Adambakkam, Adambakkam, chennai",MALE,Both,8.0,6.4,THREE,0,0,False,False,False,False,False,False,True,True,False,False,False,True,True,False,Bike,0,,,,,,,,True,True,False
8aa998f59f742494019f74374f0c0a03,PG for Boys in Adambakkam,12.9880288,80.20471330000001,Adambakkam,"No.27, 3rd Main Road, Kakan Nagar, Adambakkam, Chennai -600088, Adambakkam, Adambakkam, chennai",MALE,Both,8.0,6.4,FOUR,0,0,False,False,False,False,False,False,True,True,False,False,False,True,True,False,Bike,0,,,,,,,,True,True,False
8aa9bc3c9d8ae8d9019d8b4dcf0e378a,PG for Boys in Velachery,12.975357305386359,80.22568746387213,Velachery,"Balamurugan Nagar 1st St, Tansi Nagar Extension, velachery, velachery, chennai",MALE,Both,7.4,8.2,DOUBLE,12000,12000,True,False,False,False,False,,,,,,,,,,Bike,10,True,True,True,True,True,True,,False,False,False
8aa9bc3c9d8ae8d9019d8b4dcf0e378a,PG for Boys in Velachery,12.975357305386359,80.22568746387213,Velachery,"Balamurugan Nagar 1st St, Tansi Nagar Extension, velachery, velachery, chennai",MALE,Both,7.4,8.2,THREE,10000,10000,True,False,False,False,False,,,,,,,,,,Bike,10,True,True,True,True,True,True,,False,False,False
8a9fa78499b2c1ee0199b2e1db790c6b,PG for Boys in Velachery,12.99294234117904,80.2218894861489,Velachery,"near Guru Nanak College, Velachery, Velachery, chennai",MALE,Both,8.5,7.8,DOUBLE,7500,3000,False,True,True,True,True,,,,,,,,,,Bike,0,False,False,False,False,False,False,,False,False,False
8a9fa78499b2c1ee0199b2e1db790c6b,PG for Boys in Velachery,12.99294234117904,80.2218894861489,Velachery,"near Guru Nanak College, Velachery, Velachery, chennai",MALE,Both,8.5,7.8,THREE,7500,3000,False,True,True,True,True,,,,,,,,,,Bike,0,False,False,False,False,False,False,,False,False,False
8a9fa78499b2c1ee0199b2e1db790c6b,PG for Boys in Velachery,12.99294234117904,80.2218894861489,Velachery,"near Guru Nanak College, Velachery, Velachery, chennai",MALE,Both,8.5,7.8,FOUR,6500,3000,False,True,True,True,True,,,,,,,,,,Bike,0,False,False,False,False,False,False,,False,False,False
8a9f94839a172d1e019a175985910b14,PG for Anyone in  Velachery,12.971791511682385,80.21558582782745,Velachery,"Velachery Railway station opposite, KFC velachery backside,  Velachery,  Velachery, chennai",BOTH,Both,7.8,7.9,SINGLE,10000,5000,False,False,False,False,False,False,True,False,False,True,True,True,False,True,Bike and Car,3,False,False,False,False,False,False,,False,False,False
8a9f94839a172d1e019a175985910b14,PG for Anyone in  Velachery,12.971791511682385,80.21558582782745,Velachery,"Velachery Railway station opposite, KFC velachery backside,  Velachery,  Velachery, chennai",BOTH,Both,7.8,7.9,DOUBLE,4500,4500,False,False,False,False,False,False,True,False,False,True,True,True,False,True,Bike and Car,3,False,False,False,False,False,False,,False,False,False
8a9f94839a172d1e019a175985910b14,PG for Anyone in  Velachery,12.971791511682385,80.21558582782745,Velachery,"Velachery Railway station opposite, KFC velachery backside,  Velachery,  Velachery, chennai",BOTH,Both,7.8,7.9,THREE,3500,3500,False,False,False,False,False,False,True,False,False,True,True,True,False,True,Bike and Car,3,False,False,False,False,False,False,,False,False,False
8a9f868599846e64019984784ff30263,PG for Anyone in Velachery,12.975456906131738,80.22070671165675,Velachery,"Velachery rd near  Geetham Restaurant Velachery, Velachery, Velachery, chennai",BOTH,Both,8.7,7.9,DOUBLE,5000,5000,False,False,False,False,False,True,True,True,True,True,True,True,True,True,Bike and Car,0,False,False,False,False,False,False,,False,False,False
8a9f868599846e64019984784ff30263,PG for Anyone in Velachery,12.975456906131738,80.22070671165675,Velachery,"Velachery rd near  Geetham Restaurant Velachery, Velachery, Velachery, chennai",BOTH,Both,8.7,7.9,THREE,5000,5000,False,False,False,False,False,True,True,True,True,True,True,True,True,True,Bike and Car,0,False,False,False,False,False,False,,False,False,False
8aa9a40c9f01fd1f019f02a1918f4245,PG for Anyone in Velachery,12.974365437884254,80.2216434731552,Velachery,"thirugnana sammanthar street, Velachery, Velachery, chennai",BOTH,Both,8.7,7.9,SINGLE,10000,60000,False,False,False,False,False,True,True,True,False,True,False,False,False,True,Bike,0,True,False,False,False,False,False,,True,False,False
8aa9a40c9f01fd1f019f02a1918f4245,PG for Anyone in Velachery,12.974365437884254,80.2216434731552,Velachery,"thirugnana sammanthar street, Velachery, Velachery, chennai",BOTH,Both,8.7,7.9,DOUBLE,18000,18000,False,False,False,False,False,True,True,True,False,True,False,False,False,True,Bike,0,False,False,False,False,False,False,,True,False,False
8aa9a40c9f01fd1f019f02a1918f4245,PG for Anyone in Velachery,12.974365437884254,80.2216434731552,Velachery,"thirugnana sammanthar street, Velachery, Velachery, chennai",BOTH,Both,8.7,7.9,THREE,15000,15000,False,False,False,False,False,True,True,True,False,True,False,False,False,True,Bike,0,False,False,False,False,False,False,,True,False,False
8aa9b093a03341f101a0339544cc3b2c,PG for Girls in Velachery,12.983636790775924,80.22388007325137,Velachery," Dhadeswaram Nagar near Victory Women PG Hostel, Velachery, Velachery, chennai",FEMALE,Both,7.7,6.3,FOUR,13500,13500,False,True,True,True,True,,,,,,,,,,Bike,0,False,False,False,False,False,False,,False,False,False
8aa9c4149f21c378019f226e29b55b93,PG for Girls in Velachery,12.975460500000022,80.21933140898436,Velachery,"dharrieem road, near by latha stores, Velachery, Velachery, chennai",FEMALE,Both,7.7,6.4,SINGLE,10000,3000,False,True,True,True,True,,,,,,,,,,Bike,0,False,False,False,False,False,False,,False,False,False
8aa9bebf9af73156019af75e6c121215,PG for Girls in  Velachery,12.992948212793303,80.2178621567339,Velachery,"Indira Gandhi Nagar near Phoenix Marketcity,  Velachery,  Velachery, chennai",FEMALE,Both,8.2,7.8,FOUR,8000,3000,False,True,True,True,True,,,,,,,,,,Bike,0,False,False,False,False,False,False,,False,False,False
8a9fa483948d413e01948d586afe06ed,PG for Girls in Velachery,12.984910121028662,80.23094977196385,Velachery," Ambika Street, New Colony near  MedPlus Velacherry New Colony Exp, Velachery, Velachery, chennai",FEMALE,Both,8.3,6.2,THREE,4800,3000,False,False,False,False,False,False,False,False,False,False,False,False,False,True,Bike,0,False,False,False,False,False,False,,False,False,False
8a9fa483948d413e01948d586afe06ed,PG for Girls in Velachery,12.984910121028662,80.23094977196385,Velachery," Ambika Street, New Colony near  MedPlus Velacherry New Colony Exp, Velachery, Velachery, chennai",FEMALE,Both,8.3,6.2,FOUR,3800,3000,False,False,False,False,False,False,False,False,False,False,False,False,False,True,Bike,0,False,False,False,False,False,False,,False,False,False
ff808181501753c6015019629a5117a8,PG for Girls in Velachery,12.986238,80.21721140000001,Velachery," Velachery Bypass Rd,Sasi Nagar Road Vijayalakshmi Ngr, near Anbu Hospital, Velachery, Velachery, chennai",FEMALE,Both,,,DOUBLE,0,0,False,True,True,True,True,True,True,True,False,True,False,True,True,False,Bike,6,False,False,False,False,False,False,,True,False,False
ff808181501753c6015019629a5117a8,PG for Girls in Velachery,12.986238,80.21721140000001,Velachery," Velachery Bypass Rd,Sasi Nagar Road Vijayalakshmi Ngr, near Anbu Hospital, Velachery, Velachery, chennai",FEMALE,Both,,,THREE,6000,3000,False,True,True,True,True,True,True,True,False,True,False,True,True,False,Bike,6,False,False,False,False,False,False,,True,False,False
ff808181501753c6015019629a5117a8,PG for Girls in Velachery,12.986238,80.21721140000001,Velachery," Velachery Bypass Rd,Sasi Nagar Road Vijayalakshmi Ngr, near Anbu Hospital, Velachery, Velachery, chennai",FEMALE,Both,,,FOUR,6000,3000,False,True,True,True,True,True,True,True,False,True,False,True,True,False,Bike,6,True,False,False,False,False,False,,True,False,False
ff8081816ed9d7f5016eda4755ad400f,PG for Girls in Velachery,12.982477881626417,80.23165018961865,Velachery," Tharamani Road,Near Tata Consultancy Services -Velachery, Velachery, Velachery, chennai",FEMALE,Both,,,,,,,True,True,True,True,True,True,True,False,True,True,True,True,False,Bike and Car,132,,,,,,,,True,True,False
8a9f87438e4b04d1018e4b55dcbb3edf,PG for Girls in Velachery,12.982249936303832,80.23152108195832,Velachery,"new colony TCS backside, Velachery, Velachery, chennai",FEMALE,Both,8.5,7.6,SINGLE,7000,3000,False,True,True,True,True,,,,,,,,,,Bike,0,False,False,False,False,False,False,,False,False,False
8a9f87438e4b04d1018e4b55dcbb3edf,PG for Girls in Velachery,12.982249936303832,80.23152108195832,Velachery,"new colony TCS backside, Velachery, Velachery, chennai",FEMALE,Both,8.5,7.6,THREE,5000,2000,False,True,True,True,True,,,,,,,,,,Bike,0,False,False,False,False,False,False,,False,False,False
8a9f87438e4b04d1018e4b55dcbb3edf,PG for Girls in Velachery,12.982249936303832,80.23152108195832,Velachery,"new colony TCS backside, Velachery, Velachery, chennai",FEMALE,Both,8.5,7.6,FOUR,5500,3000,False,True,True,True,True,,,,,,,,,,Bike,0,False,False,False,False,False,False,,False,False,False
8aa9bed09d66dc09019d673348a72761,PG for Girls in Velachery,12.97758188323951,80.22620308134996,Velachery,"shanthi nagar near Brahma Kumaris yoga center, Velachery, Velachery, chennai",FEMALE,Working Professional,8.7,6.3,THREE,5500,1000,False,True,True,True,True,,,,,,,,,,Bike,0,False,False,False,False,False,False,,False,False,False
8aa9bed09d66dc09019d673348a72761,PG for Girls in Velachery,12.97758188323951,80.22620308134996,Velachery,"shanthi nagar near Brahma Kumaris yoga center, Velachery, Velachery, chennai",FEMALE,Working Professional,8.7,6.3,FOUR,5500,1000,False,True,True,True,True,,,,,,,,,,Bike,0,False,False,False,False,False,False,,False,False,False
ff8081816c363874016c3802cc305c2a,PG for Girls in Adambakkam,12.990357815131071,80.19885375332592,Adambakkam,"medavakkam main road near Santhosh hyper Market, Adambakkam, Adambakkam, chennai",FEMALE,Both,,,DOUBLE,7000,500,False,True,True,True,True,,,,,,,,,,Bike,0,True,False,False,False,False,False,,False,False,False
ff8081816c363874016c3802cc305c2a,PG for Girls in Adambakkam,12.990357815131071,80.19885375332592,Adambakkam,"medavakkam main road near Santhosh hyper Market, Adambakkam, Adambakkam, chennai",FEMALE,Both,,,THREE,6500,2000,False,True,True,True,True,,,,,,,,,,Bike,0,True,False,False,False,False,False,,False,False,False
ff8081816c363874016c3802cc305c2a,PG for Girls in Adambakkam,12.990357815131071,80.19885375332592,Adambakkam,"medavakkam main road near Santhosh hyper Market, Adambakkam, Adambakkam, chennai",FEMALE,Both,,,FOUR,6000,2000,False,True,True,True,True,,,,,,,,,,Bike,0,True,False,False,False,False,False,,False,False,False
ff80818160f91d7f0161026a9ae30f3f,PG for Girls in Velachery,12.992917,80.22189639999999,Velachery,"Near Gurunanak College, Velachery, Velachery, chennai",FEMALE,Both,8.3,8.0,SINGLE,8500,8500,False,True,True,True,True,True,True,True,False,True,True,True,False,False,Bike,155,True,True,True,True,True,False,,True,True,False
ff80818160f91d7f0161026a9ae30f3f,PG for Girls in Velachery,12.992917,80.22189639999999,Velachery,"Near Gurunanak College, Velachery, Velachery, chennai",FEMALE,Both,8.3,8.0,DOUBLE,9500,9500,True,True,True,True,True,True,True,True,False,True,True,True,False,False,Bike,155,True,True,True,True,True,True,,True,True,False
ff80818160f91d7f0161026a9ae30f3f,PG for Girls in Velachery,12.992917,80.22189639999999,Velachery,"Near Gurunanak College, Velachery, Velachery, chennai",FEMALE,Both,8.3,8.0,THREE,7500,7500,True,True,True,True,True,True,True,True,False,True,True,True,False,False,Bike,155,True,True,True,True,True,True,,True,True,False
8a9f8b4390294d5d019029bd999b22aa,PG for Girls in Velachery,12.982240273222697,80.23149146732676,Velachery,"New Colony Road, Ayodhya Colony near Tata Consultancy Services -, Velachery, Velachery, chennai",FEMALE,Both,6.2,1.5,SINGLE,7000,5000,False,True,True,True,True,False,False,True,False,False,False,True,True,False,Bike,24,False,False,False,False,False,False,,False,False,False
8a9f8b4390294d5d019029bd999b22aa,PG for Girls in Velachery,12.982240273222697,80.23149146732676,Velachery,"New Colony Road, Ayodhya Colony near Tata Consultancy Services -, Velachery, Velachery, chennai",FEMALE,Both,6.2,1.5,THREE,7500,5000,False,True,True,True,True,False,False,True,False,False,False,True,True,False,Bike,24,False,False,False,False,False,False,,False,False,False
8a9f8b4390294d5d019029bd999b22aa,PG for Girls in Velachery,12.982240273222697,80.23149146732676,Velachery,"New Colony Road, Ayodhya Colony near Tata Consultancy Services -, Velachery, Velachery, chennai",FEMALE,Both,6.2,1.5,FOUR,7500,5000,True,True,True,True,True,False,False,True,False,False,False,True,True,False,Bike,24,False,False,True,False,False,True,,False,False,False
8a9f880392ec8bab0192ecca52a51097,PG for Girls in Velachery,12.9804528,80.2333162,Velachery,"Bharani Street, Velachery, Velachery, chennai",FEMALE,Both,7.8,8.0,DOUBLE,5000,3000,False,False,False,False,False,False,True,False,True,False,True,False,False,False,Bike,2,True,True,True,True,True,True,11:00 PM,True,True,False
8a9f880392ec8bab0192ecca52a51097,PG for Girls in Velachery,12.9804528,80.2333162,Velachery,"Bharani Street, Velachery, Velachery, chennai",FEMALE,Both,7.8,8.0,THREE,4000,4000,True,False,False,False,False,False,True,False,True,False,True,False,False,False,Bike,2,True,True,True,True,True,True,11:00 PM,True,True,False
8a9f880392ec8bab0192ecca52a51097,PG for Girls in Velachery,12.9804528,80.2333162,Velachery,"Bharani Street, Velachery, Velachery, chennai",FEMALE,Both,7.8,8.0,FOUR,5000,3000,False,False,False,False,False,False,True,False,True,False,True,False,False,False,Bike,2,True,True,True,True,True,True,11:00 PM,True,True,False
8aa9cb919daf064f019daf8803e03963,PG for Girls in Velachery,12.979931,80.2325008,Velachery,"Arumugam nagar Nikki's PG for women, Velachery, Velachery, chennai",FEMALE,Both,8.5,6.2,SINGLE,0,0,False,True,True,True,True,True,True,False,False,True,True,True,False,True,Bike,4,,,,,,,,True,True,False
8aa9cb919daf064f019daf8803e03963,PG for Girls in Velachery,12.979931,80.2325008,Velachery,"Arumugam nagar Nikki's PG for women, Velachery, Velachery, chennai",FEMALE,Both,8.5,6.2,DOUBLE,12000,5000,True,True,True,True,True,True,True,False,False,True,True,True,False,True,Bike,4,True,True,True,True,True,True,,True,True,False
8aa9cb919daf064f019daf8803e03963,PG for Girls in Velachery,12.979931,80.2325008,Velachery,"Arumugam nagar Nikki's PG for women, Velachery, Velachery, chennai",FEMALE,Both,8.5,6.2,THREE,10500,5000,False,True,True,True,True,True,True,False,False,True,True,True,False,True,Bike,4,True,True,True,True,True,True,,True,True,False
8aa9cb919daf064f019daf8803e03963,PG for Girls in Velachery,12.979931,80.2325008,Velachery,"Arumugam nagar Nikki's PG for women, Velachery, Velachery, chennai",FEMALE,Both,8.5,6.2,FOUR,9000,5000,False,True,True,True,True,True,True,False,False,True,True,True,False,True,Bike,4,True,True,True,True,True,True,,True,True,False
8aa9aeaf9efa0cad019efa1fd2a80524,PG for Girls in Velachery,12.98416,80.21771,Velachery,"Balaji Nagar, near Murugan Kalyana Mandabam,, Velachery, Velachery, chennai",FEMALE,Both,8.1,6.2,DOUBLE,13000,5000,True,True,True,True,True,True,True,True,True,True,True,True,True,True,Bike,4,True,True,True,True,True,True,10:30 PM,False,False,False
8aa9aeaf9efa0cad019efa1fd2a80524,PG for Girls in Velachery,12.98416,80.21771,Velachery,"Balaji Nagar, near Murugan Kalyana Mandabam,, Velachery, Velachery, chennai",FEMALE,Both,8.1,6.2,THREE,12000,5000,True,True,True,True,True,True,True,True,True,True,True,True,True,True,Bike,4,True,True,True,True,True,True,10:30 PM,False,False,False
8aa9aeaf9efa0cad019efa1fd2a80524,PG for Girls in Velachery,12.98416,80.21771,Velachery,"Balaji Nagar, near Murugan Kalyana Mandabam,, Velachery, Velachery, chennai",FEMALE,Both,8.1,6.2,FOUR,12000,5000,True,True,True,True,True,True,True,True,True,True,True,True,True,True,Bike,4,True,True,True,True,True,True,10:30 PM,False,False,False
8a9f90876fa74cd4016fad02b8400e90,PG for Girls in Velachery,12.97683269314603,80.22752768220901,Velachery,"Mahatma Gandhi Street, Annai Indira Nagar, Near Velachery Fire Station, Velachery, Velachery, chennai",FEMALE,Both,,,SINGLE,12000,2000,False,True,True,True,True,False,False,False,False,False,True,False,False,False,None,0,False,False,False,False,False,False,,False,False,False
8a9f90876fa74cd4016fad02b8400e90,PG for Girls in Velachery,12.97683269314603,80.22752768220901,Velachery,"Mahatma Gandhi Street, Annai Indira Nagar, Near Velachery Fire Station, Velachery, Velachery, chennai",FEMALE,Both,,,DOUBLE,8000,2000,False,True,True,True,True,False,False,False,False,False,True,False,False,False,None,0,False,False,False,False,False,False,,False,False,False
8a9f90876fa74cd4016fad02b8400e90,PG for Girls in Velachery,12.97683269314603,80.22752768220901,Velachery,"Mahatma Gandhi Street, Annai Indira Nagar, Near Velachery Fire Station, Velachery, Velachery, chennai",FEMALE,Both,,,THREE,7000,2000,False,True,True,True,True,False,False,False,False,False,True,False,False,False,None,0,False,False,False,False,False,False,,False,False,False
8a9f90876fa74cd4016fad02b8400e90,PG for Girls in Velachery,12.97683269314603,80.22752768220901,Velachery,"Mahatma Gandhi Street, Annai Indira Nagar, Near Velachery Fire Station, Velachery, Velachery, chennai",FEMALE,Both,,,FOUR,6500,2000,False,True,True,True,True,False,False,False,False,False,True,False,False,False,None,0,False,False,False,False,False,False,,False,False,False
8aa98ea89feee188019fefb3a6600a7a,"PG for Girls in  Velachery, ",12.981542617575425,80.21923528650818,Velachery,"Orandiamman Kovil Street near SJ LUXURIOUS LADIES HOSTEl,  Velachery, ,  Velachery, , chennai",FEMALE,Both,5.9,4.3,SINGLE,16500,6000,False,True,True,True,True,,,,,,,,,,Bike,0,True,False,False,False,False,False,,False,False,False
8aa98ea89feee188019fefb3a6600a7a,"PG for Girls in  Velachery, ",12.981542617575425,80.21923528650818,Velachery,"Orandiamman Kovil Street near SJ LUXURIOUS LADIES HOSTEl,  Velachery, ,  Velachery, , chennai",FEMALE,Both,5.9,4.3,THREE,11000,6000,False,True,True,True,True,,,,,,,,,,Bike,0,True,False,False,False,False,False,,False,False,False
8aa998ba9ed8ca5a019ed993e2005bed,PG for Girls in Kalakrithi School Of Dance,12.9810511,80.21274509999999,Velachery,"kalakrithu school of dance , Kalakrithi School Of Dance, Kalakrithi School Of Dance, chennai",FEMALE,Both,7.4,8.2,DOUBLE,10000,10000,False,False,False,False,False,False,True,False,True,True,True,True,False,True,Bike,0,True,True,True,True,True,True,,True,True,True
8a9f88838db9fe09018dbad47c59710a,PG for Girls in Velachery,12.982242547914057,80.23149492255085,Velachery," No.30, new colony 5th street,Ayodhya Colony, near Tata Consultancy Services -Velachery, Velachery, Velachery, chennai",FEMALE,Both,,,SINGLE,7000,3000,False,True,True,True,True,True,True,True,False,True,True,True,True,False,None,6,False,False,False,False,False,False,10:30 PM,True,False,False
8a9f88838db9fe09018dbad47c59710a,PG for Girls in Velachery,12.982242547914057,80.23149492255085,Velachery," No.30, new colony 5th street,Ayodhya Colony, near Tata Consultancy Services -Velachery, Velachery, Velachery, chennai",FEMALE,Both,,,DOUBLE,0,0,False,True,True,True,True,True,True,True,False,True,True,True,True,False,None,6,,,,,,,10:30 PM,True,False,False
8a9f88838db9fe09018dbad47c59710a,PG for Girls in Velachery,12.982242547914057,80.23149492255085,Velachery," No.30, new colony 5th street,Ayodhya Colony, near Tata Consultancy Services -Velachery, Velachery, Velachery, chennai",FEMALE,Both,,,THREE,6500,3000,False,True,True,True,True,True,True,True,False,True,True,True,True,False,None,6,False,False,False,False,False,False,10:30 PM,True,False,False
8a9f88838db9fe09018dbad47c59710a,PG for Girls in Velachery,12.982242547914057,80.23149492255085,Velachery," No.30, new colony 5th street,Ayodhya Colony, near Tata Consultancy Services -Velachery, Velachery, Velachery, chennai",FEMALE,Both,,,FOUR,6000,3000,False,True,True,True,True,True,True,True,False,True,True,True,True,False,None,6,False,False,False,False,False,False,10:30 PM,True,False,False
8aa993dc9fb63c57019fb6c228244e86,"PG for Girls in Vijaya Nagar,",12.973445932189334,80.22038941356847,Velachery,"Velachery Main Rd near Adyar Ananda Bhavan - A2B, Vijaya Nagar,, Vijaya Nagar,, chennai",FEMALE,Both,8.3,7.8,FOUR,7000,14000,False,False,False,False,False,,,,,,,,,,Bike,0,False,False,False,False,False,False,,False,False,False
8aa9901c9e6ca48a019e6cff843c2179,PG for Girls in Velachery,12.976660814239116,80.21942248794139,Velachery," near to Dindigul Thalappakatti Restaurant Velachery, Velachery, Velachery, chennai",FEMALE,Both,7.7,6.5,THREE,8000,16000,False,False,False,False,False,,,,,,,,,,Bike,0,False,False,False,False,False,False,,False,False,False
8a9fad8496a98f4a0196a99da875047e,"PG for Girls in , Velachery,",12.989188741894138,80.21725632659107,Velachery," Periyar Nagar,  near Periyapalayathamman Temple, , Velachery,, , Velachery,, chennai",FEMALE,Both,7.3,6.2,SINGLE,3500,7000,True,True,True,True,True,,,,,,,,,,Bike,1,False,True,False,True,True,True,,False,False,False
8a9fad8496a98f4a0196a99da875047e,"PG for Girls in , Velachery,",12.989188741894138,80.21725632659107,Velachery," Periyar Nagar,  near Periyapalayathamman Temple, , Velachery,, , Velachery,, chennai",FEMALE,Both,7.3,6.2,FOUR,3500,3500,False,True,True,True,True,,,,,,,,,,Bike,1,False,False,False,False,False,False,,False,False,False
8a9f8f85999e2dc701999e4eeb450961,PG for Girls in Tharamani ,12.99074,80.233648,Indian Institute Of Technology,"tharamani main rd near Central Library Indian Institute of Technology Madras, tharamani , tharamani , chennai",FEMALE,Both,8.4,4.7,THREE,6500,3000,False,True,True,True,True,,,,,,,,,,Bike,0,False,False,False,False,False,False,,False,False,False
8a9f850393ca6af00193cacd8ba8210c,PG for Girls in Velachery,12.982287222766397,80.23147191706839,Velachery,"Dhandeeswaram 4th Avenue Extension Road NEAR Tata Consultancy Services -Velachery, Velachery, Velachery, chennai",FEMALE,Both,,,THREE,6500,5000,False,True,True,True,True,True,True,True,False,True,False,True,True,False,Bike,8,False,False,False,False,False,False,,False,False,False
8a9f850393ca6af00193cacd8ba8210c,PG for Girls in Velachery,12.982287222766397,80.23147191706839,Velachery,"Dhandeeswaram 4th Avenue Extension Road NEAR Tata Consultancy Services -Velachery, Velachery, Velachery, chennai",FEMALE,Both,,,FOUR,7500,5000,False,True,True,True,True,True,True,True,False,True,False,True,True,False,Bike,8,True,False,False,False,False,False,,False,False,False
8a9f850393ca6af00193cacd8ba8210c,PG for Girls in Velachery,12.982287222766397,80.23147191706839,Velachery,"Dhandeeswaram 4th Avenue Extension Road NEAR Tata Consultancy Services -Velachery, Velachery, Velachery, chennai",FEMALE,Both,,,THREE,6500,5000,False,True,True,True,True,True,True,True,False,True,False,True,True,False,Bike,8,False,False,False,False,False,False,,False,False,False
8a9f850393ca6af00193cacd8ba8210c,PG for Girls in Velachery,12.982287222766397,80.23147191706839,Velachery,"Dhandeeswaram 4th Avenue Extension Road NEAR Tata Consultancy Services -Velachery, Velachery, Velachery, chennai",FEMALE,Both,,,FOUR,7500,5000,False,True,True,True,True,True,True,True,False,True,False,True,True,False,Bike,8,True,False,False,False,False,False,,False,False,False
8a9f9f82778b686401778c54856a670e,PG for Girls in Velacherry,12.97988,80.22795,Velachery,"Baby Nagar, Near  Bloom frtiliety Health care Hospital ,, Velacherry, Velacherry, chennai",FEMALE,Both,,,SINGLE,6500,3000,False,True,True,True,True,True,True,True,False,False,True,True,True,False,Bike,71,False,False,False,False,False,False,,False,False,False
8a9f9f82778b686401778c54856a670e,PG for Girls in Velacherry,12.97988,80.22795,Velachery,"Baby Nagar, Near  Bloom frtiliety Health care Hospital ,, Velacherry, Velacherry, chennai",FEMALE,Both,,,DOUBLE,6500,3000,False,True,True,True,True,True,True,True,False,False,True,True,True,False,Bike,71,False,True,True,False,False,False,,False,False,False
ff808181668b290a01668c18d35908b3,PG for Girls in Velachery,12.982606692411977,80.2313394472003,Velachery,"Ayodhya Colony, Near Tata Consultancy Services -Velachery, Velachery, Velachery, chennai",FEMALE,Both,,,SINGLE,7000,2000,True,True,True,True,True,True,True,True,True,True,True,True,True,True,Bike and Car,169,False,True,True,True,True,True,,True,False,False
ff808181668b290a01668c18d35908b3,PG for Girls in Velachery,12.982606692411977,80.2313394472003,Velachery,"Ayodhya Colony, Near Tata Consultancy Services -Velachery, Velachery, Velachery, chennai",FEMALE,Both,,,DOUBLE,6000,2000,True,True,True,True,True,True,True,True,True,True,True,True,True,True,Bike and Car,169,True,True,True,True,True,True,,True,False,False
ff808181668b290a01668c18d35908b3,PG for Girls in Velachery,12.982606692411977,80.2313394472003,Velachery,"Ayodhya Colony, Near Tata Consultancy Services -Velachery, Velachery, Velachery, chennai",FEMALE,Both,,,THREE,5500,2000,True,True,True,True,True,True,True,True,True,True,True,True,True,True,Bike and Car,169,True,True,True,True,True,True,,True,False,False
ff808181668b290a01668c18d35908b3,PG for Girls in Velachery,12.982606692411977,80.2313394472003,Velachery,"Ayodhya Colony, Near Tata Consultancy Services -Velachery, Velachery, Velachery, chennai",FEMALE,Both,,,FOUR,5000,2000,True,True,True,True,True,True,True,True,True,True,True,True,True,True,Bike and Car,169,True,True,True,True,True,True,,True,False,False
8a9fa1859733d16b01973408b2bc0d2a,PG for Girls in Velachery ,12.992933353478135,80.21786876596364,Velachery,"Indira Gandhi Nagar, Near Phoenix Marketcity, Velachery , Velachery , chennai",FEMALE,Both,8.2,7.8,FOUR,7500,5000,False,True,True,True,True,False,False,True,False,False,False,True,True,False,Bike,0,False,False,False,False,False,False,,False,False,False
8a9fa7869733c5550197340a64a60f45,PG for Girls in Karapakkam,12.981384508761739,80.22473923068848,Velachery,"Dhandeeswaram Nagar 7th Cross St, Dhadeswaram Nagar, Velachery  near   Krishnaveni Castle, ladies hostel velachery, Karapakkam, Karapakkam, chennai",FEMALE,Both,6.6,6.3,DOUBLE,8000,5000,False,True,True,True,True,False,False,True,False,False,False,True,True,False,Bike,0,False,False,False,False,False,False,,False,False,False
8a9f87388eea6f93018eeab211dd22d6,PG for Girls in Velachery,12.976177,80.220551,Velachery,"Velachery Bypass Rd, near  Samsung Authorized Mobile Service Center , velachery, velachery, chennai",FEMALE,Both,,,DOUBLE,7000,3000,False,True,True,True,True,,,,,,,,,,Bike,0,False,False,False,False,False,False,,False,False,False
8a9f87388eea6f93018eeab211dd22d6,PG for Girls in Velachery,12.976177,80.220551,Velachery,"Velachery Bypass Rd, near  Samsung Authorized Mobile Service Center , velachery, velachery, chennai",FEMALE,Both,,,THREE,8000,8000,False,True,True,True,True,,,,,,,,,,Bike,0,True,False,False,False,False,False,,False,False,False
8a9ff18286586496018658da49be4e46,PG for Girls in Velachery,12.982169579191204,80.23147984751867,Velachery,"Taramani 100 Feet Road near Tata Consultancy Services -Velachery, Velachery, Velachery, chennai",FEMALE,Both,,,FOUR,7500,5000,False,True,True,True,True,,,,,,,,,,Bike,0,False,False,False,False,False,False,,False,False,False
8a9fc6827f2b3021017f2b85646a2f78,PG for Girls in Velachery,12.981670416150333,80.22803141425524,Velachery,"VGP Seethapathy Nagar, near  Sunshine Montessori Nursery & Primary School , Velachery, Velachery, chennai",FEMALE,Both,,,SINGLE,8000,8000,False,True,True,True,True,True,True,True,False,True,False,True,False,True,Bike and Car,0,False,True,False,False,True,False,10:00 PM,True,False,False
8a9fc6827f2b3021017f2b85646a2f78,PG for Girls in Velachery,12.981670416150333,80.22803141425524,Velachery,"VGP Seethapathy Nagar, near  Sunshine Montessori Nursery & Primary School , Velachery, Velachery, chennai",FEMALE,Both,,,DOUBLE,7000,5000,False,True,True,True,True,True,True,True,False,True,False,True,False,True,Bike and Car,0,False,True,False,False,True,False,10:00 PM,True,False,False
8a9fc6827f2b3021017f2b85646a2f78,PG for Girls in Velachery,12.981670416150333,80.22803141425524,Velachery,"VGP Seethapathy Nagar, near  Sunshine Montessori Nursery & Primary School , Velachery, Velachery, chennai",FEMALE,Both,,,THREE,7000,3000,False,True,True,True,True,True,True,True,False,True,False,True,False,True,Bike and Car,0,True,True,False,True,True,False,10:00 PM,True,False,False
8a9fc6827f2b3021017f2b85646a2f78,PG for Girls in Velachery,12.981670416150333,80.22803141425524,Velachery,"VGP Seethapathy Nagar, near  Sunshine Montessori Nursery & Primary School , Velachery, Velachery, chennai",FEMALE,Both,,,FOUR,6500,5000,False,True,True,True,True,True,True,True,False,True,False,True,False,True,Bike and Car,0,True,True,False,True,True,False,10:00 PM,True,False,False
ff80818150cc85870150cca38ec70144,PG for Girls in Velachery,12.970364356693326,80.21663824732968,Velachery,"7th Main Rd, Srinivasa Nagar, Ram Nagar, Near MRTS Station, Velachery, Velachery, chennai",FEMALE,Both,,,THREE,5500,2000,False,True,True,True,True,,,,,,,,,,Bike,1,False,False,False,False,False,False,,False,False,False
ff80818150cc85870150cca38ec70144,PG for Girls in Velachery,12.970364356693326,80.21663824732968,Velachery,"7th Main Rd, Srinivasa Nagar, Ram Nagar, Near MRTS Station, Velachery, Velachery, chennai",FEMALE,Both,,,FOUR,5702,2000,False,True,True,True,True,,,,,,,,,,Bike,1,False,False,False,False,False,False,,False,False,False
8a9fa98499b2c1be0199b2e2a9c60dd2,PG for Girls in Velachery,12.992931221131174,80.22189284268599,Velachery,"near Guru Nanak College, Velachery, Velachery, chennai",FEMALE,Both,8.5,7.8,THREE,7500,5000,False,True,True,True,True,,,,,,,,,,Bike,0,False,False,False,False,False,False,,False,False,False
8a9fa98499b2c1be0199b2e2a9c60dd2,PG for Girls in Velachery,12.992931221131174,80.22189284268599,Velachery,"near Guru Nanak College, Velachery, Velachery, chennai",FEMALE,Both,8.5,7.8,FOUR,6500,5000,False,True,True,True,True,,,,,,,,,,Bike,0,False,False,False,False,False,False,,False,False,False
8a9fad849677cf1e019677e5dea5057f,"PG for Girls in 81, Karunanidhi St, Nehru Nagar, Velachery, Chennai, Tamil Nadu 600042, India",12.994612517506651,80.21352354437113,Velachery,"karunanidhi st, nehru nagar velachery, 81, Karunanidhi St, Nehru Nagar, Velachery, Chennai, Tamil Nadu 600042, India, 81, Karunanidhi St, Nehru Nagar, Velachery, Chennai, Tamil Nadu 600042, India, chennai",FEMALE,Working Professional,8.2,6.2,FOUR,5200,10000,False,False,False,False,False,False,True,False,False,True,True,True,False,True,Car,0,False,True,True,True,True,True,,True,True,False
8a9f8a8395ada55f0195adcc82cc0f23,PG for Girls in Velachery,12.97146866966463,80.22429509999998,Velachery,"111, 3rd Main Road chennai sliks back side , Velachery, Velachery, chennai",FEMALE,Both,6.9,8.8,FOUR,7000,7000,True,True,True,True,True,True,True,True,True,True,False,True,True,False,Bike,2,True,True,False,False,True,True,,True,False,False
8aa9ac8a9f7e8fc3019f7e987fb10317,PG for Girls in Velachery,12.975460499999997,80.2206725134918,Velachery,"devi karumariyamman nagar, Velachery, Velachery, chennai",FEMALE,Both,8.7,7.9,SINGLE,7000,5000,False,True,True,True,True,True,False,False,False,False,False,False,False,False,Bike,0,False,False,False,False,False,False,,False,False,False
8a9fb9838aca1e19018aca768b6413f8,PG for Girls in Velachery,12.975867322375322,80.21928786124654,Velachery,"Vijaya Nagar near AARTHI SCANS & LABS | VELACHERY | DIAGNOSTIC CENTER, Velachery, Velachery, chennai",FEMALE,Both,7.6,6.4,SINGLE,11000,4000,False,True,True,True,True,True,True,False,True,True,False,True,True,False,Bike,0,False,True,False,False,True,False,10:00 PM,False,False,False
8a9fb9838aca1e19018aca768b6413f8,PG for Girls in Velachery,12.975867322375322,80.21928786124654,Velachery,"Vijaya Nagar near AARTHI SCANS & LABS | VELACHERY | DIAGNOSTIC CENTER, Velachery, Velachery, chennai",FEMALE,Both,7.6,6.4,DOUBLE,8500,4000,False,True,True,True,True,True,True,False,True,True,False,True,True,False,Bike,0,False,True,False,False,True,False,10:00 PM,False,False,False
8a9fb9838aca1e19018aca768b6413f8,PG for Girls in Velachery,12.975867322375322,80.21928786124654,Velachery,"Vijaya Nagar near AARTHI SCANS & LABS | VELACHERY | DIAGNOSTIC CENTER, Velachery, Velachery, chennai",FEMALE,Both,7.6,6.4,THREE,8000,4000,False,True,True,True,True,True,True,False,True,True,False,True,True,False,Bike,0,False,True,False,False,True,False,10:00 PM,False,False,False
8a9fb9838aca1e19018aca768b6413f8,PG for Girls in Velachery,12.975867322375322,80.21928786124654,Velachery,"Vijaya Nagar near AARTHI SCANS & LABS | VELACHERY | DIAGNOSTIC CENTER, Velachery, Velachery, chennai",FEMALE,Both,7.6,6.4,FOUR,7000,4000,False,True,True,True,True,True,True,False,True,True,False,True,True,False,Bike,0,False,True,False,False,True,False,10:00 PM,False,False,False
8a9faddd80efb9df0180f05fbee078c8,PG for Girls in Velachery,12.975963003220588,80.22089759100918,Velachery,"bala murgan  Nagar near State Bank Of India, Velachery, Velachery, chennai",FEMALE,Both,,,DOUBLE,6750,3000,False,True,True,True,True,,,,,,,,,,Bike,0,False,False,False,False,False,False,,False,False,False
8a9faddd80efb9df0180f05fbee078c8,PG for Girls in Velachery,12.975963003220588,80.22089759100918,Velachery,"bala murgan  Nagar near State Bank Of India, Velachery, Velachery, chennai",FEMALE,Both,,,THREE,6000,6000,False,True,True,True,True,,,,,,,,,,Bike,0,False,False,False,False,False,False,,False,False,False
8a9faddd80efb9df0180f05fbee078c8,PG for Girls in Velachery,12.975963003220588,80.22089759100918,Velachery,"bala murgan  Nagar near State Bank Of India, Velachery, Velachery, chennai",FEMALE,Both,,,FOUR,6250,3000,False,True,True,True,True,,,,,,,,,,Bike,0,False,False,False,False,False,False,,False,False,False
8aa9bc639cefe096019cf07d64125d8c,PG for Girls in Perungudi,12.967926654402268,80.22247879999998,Velachery,"Perungudi Station Rd, Udayam Nagar, Velachery Near to perungudi railway station , perungudi, perungudi, chennai",FEMALE,Both,7.6,7.7,THREE,9000,5000,False,True,True,True,True,,,,,,,,,,Bike,0,False,False,False,False,False,False,,False,False,False
8aa9ad229f69d860019f69ed75a00d3f,"PG for Girls in 81, Karunanidhi St, Nehru Nagar, Velachery, Chennai, Tamil Nadu 600042, India",12.994612517506651,80.21352354437113,Velachery,"karunanithy st nehru nagar, 81, Karunanidhi St, Nehru Nagar, Velachery, Chennai, Tamil Nadu 600042, India, 81, Karunanidhi St, Nehru Nagar, Velachery, Chennai, Tamil Nadu 600042, India, chennai",FEMALE,Both,8.2,8.0,FOUR,0,0,False,False,False,False,False,False,True,False,False,True,True,False,False,True,Bike,0,,,,,,,11:00 PM,True,True,False
ff8081815e7cba69015e7ebeedd611ca,PG for Girls in Velachery,12.982611718612018,80.23130159629517,Velachery,"Tharamani Rd, Near Tata Consultancy Services -Velachery, Velachery, Velachery, chennai",FEMALE,Both,,,SINGLE,5000,5000,False,False,False,False,False,True,True,True,True,True,True,True,False,True,Bike and Car,76,,,,,,,,True,True,False
ff8081815e7cba69015e7ebeedd611ca,PG for Girls in Velachery,12.982611718612018,80.23130159629517,Velachery,"Tharamani Rd, Near Tata Consultancy Services -Velachery, Velachery, Velachery, chennai",FEMALE,Both,,,DOUBLE,5500,5500,False,False,False,False,False,True,True,True,True,True,True,True,False,True,Bike and Car,76,,,,,,,,True,True,False
ff8081815e7cba69015e7ebeedd611ca,PG for Girls in Velachery,12.982611718612018,80.23130159629517,Velachery,"Tharamani Rd, Near Tata Consultancy Services -Velachery, Velachery, Velachery, chennai",FEMALE,Both,,,THREE,5000,5000,False,False,False,False,False,True,True,True,True,True,True,True,False,True,Bike and Car,76,,,,,,,,True,True,False
ff8081815e7cba69015e7ebeedd611ca,PG for Girls in Velachery,12.982611718612018,80.23130159629517,Velachery,"Tharamani Rd, Near Tata Consultancy Services -Velachery, Velachery, Velachery, chennai",FEMALE,Both,,,FOUR,5000,5000,False,False,False,False,False,True,True,True,True,True,True,True,False,True,Bike and Car,76,,,,,,,,True,True,False
8a9f0584881a651a01881ad4c7103f9b,"PG for Girls in Balamurugan Nagar, Vgp Selva Nagar, Velachery",12.9753729,80.2234174,Velachery,"VGP Selva Nagar 2 nd Extension , VGP Selva Nagar , Velachery - 600042, Balamurugan Nagar, VGP Selva Nagar, Velachery, Balamurugan Nagar, VGP Selva Nagar, Velachery, chennai",FEMALE,Both,2.6,7.9,SINGLE,14000,14000,False,True,True,True,True,True,True,False,False,True,True,True,True,True,Bike,6,,,,,,,11:30 PM,True,False,False
8a9f0584881a651a01881ad4c7103f9b,"PG for Girls in Balamurugan Nagar, Vgp Selva Nagar, Velachery",12.9753729,80.2234174,Velachery,"VGP Selva Nagar 2 nd Extension , VGP Selva Nagar , Velachery - 600042, Balamurugan Nagar, VGP Selva Nagar, Velachery, Balamurugan Nagar, VGP Selva Nagar, Velachery, chennai",FEMALE,Both,2.6,7.9,DOUBLE,10000,10000,False,True,True,True,True,True,True,False,False,True,True,True,True,True,Bike,6,,,,,,,11:30 PM,True,False,False
8a9f0584881a651a01881ad4c7103f9b,"PG for Girls in Balamurugan Nagar, Vgp Selva Nagar, Velachery",12.9753729,80.2234174,Velachery,"VGP Selva Nagar 2 nd Extension , VGP Selva Nagar , Velachery - 600042, Balamurugan Nagar, VGP Selva Nagar, Velachery, Balamurugan Nagar, VGP Selva Nagar, Velachery, chennai",FEMALE,Both,2.6,7.9,THREE,9000,9000,False,True,True,True,True,True,True,False,False,True,True,True,True,True,Bike,6,,,,,,,11:30 PM,True,False,False
ff80818161b376100161b6ea005701eb,PG for Girls in Velachery,12.982158183441625,80.23125501444134,Velachery,"new colony road near Tata Consultancy Services -Velachery, Velachery, Velachery, chennai",FEMALE,Both,9.1,8.4,DOUBLE,5000,5000,False,False,False,False,False,True,True,True,True,True,True,True,False,True,Bike and Car,11,,,,,,,,False,False,False
ff80818161b376100161b6ea005701eb,PG for Girls in Velachery,12.982158183441625,80.23125501444134,Velachery,"new colony road near Tata Consultancy Services -Velachery, Velachery, Velachery, chennai",FEMALE,Both,9.1,8.4,THREE,5000,5000,False,False,False,False,False,True,True,True,True,True,True,True,False,True,Bike and Car,11,,,,,,,,False,False,False
8a9f9c827c9e7215017c9ee063b52c5c,PG for Girls in Velachery,12.98496311798727,80.21811334355009,Velachery,"baby nagar near state bank of india, Velachery, Velachery, chennai",FEMALE,Both,,,DOUBLE,6500,4000,True,True,True,True,True,False,True,False,False,True,True,True,True,True,Bike,15,True,True,True,True,True,True,10:30 PM,True,True,False
8a9f9c827c9e7215017c9ee063b52c5c,PG for Girls in Velachery,12.98496311798727,80.21811334355009,Velachery,"baby nagar near state bank of india, Velachery, Velachery, chennai",FEMALE,Both,,,THREE,7000,4000,True,True,True,True,True,False,True,False,False,True,True,True,True,True,Bike,15,True,True,True,True,True,True,10:30 PM,True,True,False
8a9f9c827c9e7215017c9ee063b52c5c,PG for Girls in Velachery,12.98496311798727,80.21811334355009,Velachery,"baby nagar near state bank of india, Velachery, Velachery, chennai",FEMALE,Both,,,FOUR,7500,4000,False,True,True,True,True,False,True,False,False,True,True,True,True,True,Bike,15,True,False,False,False,False,False,10:30 PM,True,True,False
ff808181677cff9b01677d2157c51233,PG for Girls in Adambakkam,12.991703812425706,80.20098063677061,Adambakkam,"Karuneegar Street,Near  VG Mahal, Adambakkam, Adambakkam, chennai",FEMALE,Working Professional,,,DOUBLE,4000,7000,False,False,False,False,False,True,True,True,False,False,True,True,False,True,None,103,True,True,False,False,True,False,11:00 PM,True,False,False
ff808181677cff9b01677d2157c51233,PG for Girls in Adambakkam,12.991703812425706,80.20098063677061,Adambakkam,"Karuneegar Street,Near  VG Mahal, Adambakkam, Adambakkam, chennai",FEMALE,Working Professional,,,THREE,0,0,False,False,False,False,False,True,True,True,False,False,True,True,False,True,None,103,,,,,,,11:00 PM,True,False,False
ff808181677cff9b01677d2157c51233,PG for Girls in Adambakkam,12.991703812425706,80.20098063677061,Adambakkam,"Karuneegar Street,Near  VG Mahal, Adambakkam, Adambakkam, chennai",FEMALE,Working Professional,,,FOUR,0,0,False,False,False,False,False,True,True,True,False,False,True,True,False,True,None,103,,,,,,,11:00 PM,True,False,False
8a9fcf83847f403701847ff29d250242,PG for Girls in  Velachery,12.985559391153576,80.23069012409312,Velachery,"Ayodhya Colony,near David Matriculation Higher Secondary School,  Velachery,  Velachery, chennai",FEMALE,Both,,,FOUR,7500,5000,False,True,True,True,True,,,,,,,,,,Bike,0,False,False,False,False,False,False,,False,False,False
8a9fb08277811c2d0177815438f52237,PG for Girls in Adambakkam,12.993737094517943,80.19980505108833,Adambakkam,"TNGO Colony( karikalan street)Near Ovenstory Pizza, Adambakkam, Adambakkam, chennai",FEMALE,Both,,,SINGLE,6500,1500,False,True,True,True,True,True,True,True,True,True,True,True,True,True,None,0,False,False,False,False,False,False,,True,True,False
8a9fb08277811c2d0177815438f52237,PG for Girls in Adambakkam,12.993737094517943,80.19980505108833,Adambakkam,"TNGO Colony( karikalan street)Near Ovenstory Pizza, Adambakkam, Adambakkam, chennai",FEMALE,Both,,,DOUBLE,6000,1500,False,True,True,True,True,True,True,True,True,True,True,True,True,True,None,0,False,True,True,True,False,False,,True,True,False
8a9fb08277811c2d0177815438f52237,PG for Girls in Adambakkam,12.993737094517943,80.19980505108833,Adambakkam,"TNGO Colony( karikalan street)Near Ovenstory Pizza, Adambakkam, Adambakkam, chennai",FEMALE,Both,,,THREE,7000,1500,False,True,True,True,True,True,True,True,True,True,True,True,True,True,None,0,False,False,False,False,False,False,,True,True,False
8a9fb08277811c2d0177815438f52237,PG for Girls in Adambakkam,12.993737094517943,80.19980505108833,Adambakkam,"TNGO Colony( karikalan street)Near Ovenstory Pizza, Adambakkam, Adambakkam, chennai",FEMALE,Both,,,FOUR,6750,1500,False,True,True,True,True,True,True,True,True,True,True,True,True,True,None,0,False,False,False,False,False,False,,True,True,False
8a9f90838b8dcf69018b8ee8d8161ea6,PG for Girls in Velachery,12.981374148731827,80.21790576256561,Velachery,"Tansi Nagar 1st Main Rd near My Love Fashion velachery, Velachery, Velachery, chennai",FEMALE,Both,5.9,7.4,SINGLE,0,0,False,False,False,False,False,False,True,True,False,True,False,False,False,True,Bike,18,,,,,,,11:00 PM,True,True,False
8a9f90838b8dcf69018b8ee8d8161ea6,PG for Girls in Velachery,12.981374148731827,80.21790576256561,Velachery,"Tansi Nagar 1st Main Rd near My Love Fashion velachery, Velachery, Velachery, chennai",FEMALE,Both,5.9,7.4,DOUBLE,0,0,False,False,False,False,False,False,True,True,False,True,False,False,False,True,Bike,18,,,,,,,11:00 PM,True,True,False
8a9f90838b8dcf69018b8ee8d8161ea6,PG for Girls in Velachery,12.981374148731827,80.21790576256561,Velachery,"Tansi Nagar 1st Main Rd near My Love Fashion velachery, Velachery, Velachery, chennai",FEMALE,Both,5.9,7.4,THREE,2500,5000,True,False,False,False,False,False,True,True,False,True,False,False,False,True,Bike,18,False,True,False,False,True,True,11:00 PM,True,True,False
8a9f90838b8dcf69018b8ee8d8161ea6,PG for Girls in Velachery,12.981374148731827,80.21790576256561,Velachery,"Tansi Nagar 1st Main Rd near My Love Fashion velachery, Velachery, Velachery, chennai",FEMALE,Both,5.9,7.4,FOUR,0,0,False,False,False,False,False,False,True,True,False,True,False,False,False,True,Bike,18,,,,,,,11:00 PM,True,True,False
8a9fca8281a354760181a3e24a566279,PG for Girls in Velachery,12.978361761613616,80.2123839300594,Velachery,"AGS Colony Near Rammiyam Supermarket, Velachery, Velachery, chennai",FEMALE,Both,,,DOUBLE,8500,2000,False,True,True,True,True,,,,,,,,,,Bike,0,True,False,False,False,False,False,,False,False,False
8a9fca8281a354760181a3e24a566279,PG for Girls in Velachery,12.978361761613616,80.2123839300594,Velachery,"AGS Colony Near Rammiyam Supermarket, Velachery, Velachery, chennai",FEMALE,Both,,,THREE,6000,2000,False,True,True,True,True,,,,,,,,,,Bike,0,True,False,False,False,False,False,,False,False,False
8a9fca8281a354760181a3e24a566279,PG for Girls in Velachery,12.978361761613616,80.2123839300594,Velachery,"AGS Colony Near Rammiyam Supermarket, Velachery, Velachery, chennai",FEMALE,Both,,,FOUR,5500,2000,False,True,True,True,True,,,,,,,,,,Bike,0,True,False,False,False,False,False,,False,False,False
8aa9b6429bef0750019befbe68375ccd,PG for Anyone in Thiruvanmiyur,12.98860269054174,80.26291300396466,Thiruvanmiyur,"pillayar koil st, near Kalakshetra Foundation, Thiruvanmiyur, Thiruvanmiyur, chennai",BOTH,Both,7.9,6.3,SINGLE,18500,18500,True,False,False,False,False,,,,,,,,,,Bike,9,True,True,True,True,True,True,,False,False,False
8a9ff08287a9b63c0187a9e110050cfd,"PG for Boys in Lb Rd, Periyar Nagar",12.9895,80.2559,Thiruvanmiyur,"LB Rd, Periyar Nagar, Thiruvanmiyur, Chennai,600041, LB Rd, Periyar Nagar, LB Rd, Periyar Nagar, chennai",MALE,Both,8.5,8.1,SINGLE,15000,15000,True,False,False,False,False,False,True,False,False,True,False,False,False,True,Car,16,True,True,False,False,True,True,,True,True,False
8a9ff08287a9b63c0187a9e110050cfd,"PG for Boys in Lb Rd, Periyar Nagar",12.9895,80.2559,Thiruvanmiyur,"LB Rd, Periyar Nagar, Thiruvanmiyur, Chennai,600041, LB Rd, Periyar Nagar, LB Rd, Periyar Nagar, chennai",MALE,Both,8.5,8.1,DOUBLE,9000,9000,True,False,False,False,False,False,True,False,False,True,False,False,False,True,Car,16,True,True,False,False,True,True,,True,True,False
8a9ff08287a9b63c0187a9e110050cfd,"PG for Boys in Lb Rd, Periyar Nagar",12.9895,80.2559,Thiruvanmiyur,"LB Rd, Periyar Nagar, Thiruvanmiyur, Chennai,600041, LB Rd, Periyar Nagar, LB Rd, Periyar Nagar, chennai",MALE,Both,8.5,8.1,THREE,8000,8000,True,False,False,False,False,False,True,False,False,True,False,False,False,True,Car,16,True,True,False,False,True,True,,True,True,False
8aa9b49e9bd5644c019bd588ecbc0e66,PG for Boys in Thiruvanmiyur,12.984988895054075,80.25376259955293,Thiruvanmiyur,"Kamaraj Nagar NEAR Kripa Homes pg, Thiruvanmiyur, Thiruvanmiyur, chennai",MALE,Both,7.8,6.1,DOUBLE,9000,5000,False,False,False,False,False,,,,,,,,,,Bike,0,False,False,False,False,False,False,,False,False,False
8aa9b49e9bd5644c019bd588ecbc0e66,PG for Boys in Thiruvanmiyur,12.984988895054075,80.25376259955293,Thiruvanmiyur,"Kamaraj Nagar NEAR Kripa Homes pg, Thiruvanmiyur, Thiruvanmiyur, chennai",MALE,Both,7.8,6.1,THREE,8500,5000,False,False,False,False,False,,,,,,,,,,Bike,0,False,False,False,False,False,False,,False,False,False
ff8081816174235101617511a87c7537,PG for Boys in Thiruvanmiyur,12.988003525368804,80.25594521447152,East Coast Road-Thiruvanmiyur," Kamaraj Nagar, Near Cotton House, Thiruvanmiyur, Thiruvanmiyur, chennai",MALE,Both,,,SINGLE,0,0,False,True,True,True,True,False,False,False,False,False,False,False,False,False,Bike,215,False,False,False,False,False,False,,True,True,False
ff8081816174235101617511a87c7537,PG for Boys in Thiruvanmiyur,12.988003525368804,80.25594521447152,East Coast Road-Thiruvanmiyur," Kamaraj Nagar, Near Cotton House, Thiruvanmiyur, Thiruvanmiyur, chennai",MALE,Both,,,DOUBLE,4500,1,True,True,True,True,True,False,False,False,False,False,False,False,False,False,Bike,215,False,True,True,False,True,True,,True,True,False
ff8081816174235101617511a87c7537,PG for Boys in Thiruvanmiyur,12.988003525368804,80.25594521447152,East Coast Road-Thiruvanmiyur," Kamaraj Nagar, Near Cotton House, Thiruvanmiyur, Thiruvanmiyur, chennai",MALE,Both,,,THREE,7000,1,True,True,True,True,True,False,False,False,False,False,False,False,False,False,Bike,215,False,True,True,False,True,True,,True,True,False
ff8081816174235101617511a87c7537,PG for Boys in Thiruvanmiyur,12.988003525368804,80.25594521447152,East Coast Road-Thiruvanmiyur," Kamaraj Nagar, Near Cotton House, Thiruvanmiyur, Thiruvanmiyur, chennai",MALE,Both,,,FOUR,0,0,False,True,True,True,True,False,False,False,False,False,False,False,False,False,Bike,215,False,False,False,False,False,False,,True,True,False
8a9ff182862b54d801862b96e8a131cf,PG for Boys in Thiruvanmiyur,12.982739382140654,80.254351422338,Thiruvanmiyur,"5th West Street near Appasamy Pillai Bone Setting Clinic, Thiruvanmiyur, Thiruvanmiyur, chennai",MALE,Both,,,SINGLE,7500,2000,True,True,True,True,True,,,False,,,,False,False,,Bike,50,False,True,False,False,True,True,,False,False,False
8a9ff182862b54d801862b96e8a131cf,PG for Boys in Thiruvanmiyur,12.982739382140654,80.254351422338,Thiruvanmiyur,"5th West Street near Appasamy Pillai Bone Setting Clinic, Thiruvanmiyur, Thiruvanmiyur, chennai",MALE,Both,,,DOUBLE,7000,2000,True,True,True,True,True,,,False,,,,False,False,,Bike,50,False,True,False,False,True,True,,False,False,False
8a9ff182862b54d801862b96e8a131cf,PG for Boys in Thiruvanmiyur,12.982739382140654,80.254351422338,Thiruvanmiyur,"5th West Street near Appasamy Pillai Bone Setting Clinic, Thiruvanmiyur, Thiruvanmiyur, chennai",MALE,Both,,,THREE,6500,2000,True,True,True,True,True,,,False,,,,False,False,,Bike,50,False,True,False,False,True,True,,False,False,False
8a9ff182862b54d801862b96e8a131cf,PG for Boys in Thiruvanmiyur,12.982739382140654,80.254351422338,Thiruvanmiyur,"5th West Street near Appasamy Pillai Bone Setting Clinic, Thiruvanmiyur, Thiruvanmiyur, chennai",MALE,Both,,,FOUR,6500,2000,True,True,True,True,True,,,False,,,,False,False,,Bike,50,True,True,False,False,True,True,,False,False,False
8aa9ad6d9d1de7b8019d1eb49a8a5b1b,PG for Boys in  Thiruvanmiyur,12.987094214529677,80.25712710089805,Thiruvanmiyur,"Kamaraj Nagar near Bank of Baroda Thiruvanmiyur Branch,  Thiruvanmiyur,  Thiruvanmiyur, chennai",MALE,Both,8.6,8.5,THREE,8000,4000,False,True,True,True,True,,,,,,,,,,Bike,0,False,False,False,False,False,False,,False,False,False
8aa9ad6d9d1de7b8019d1eb49a8a5b1b,PG for Boys in  Thiruvanmiyur,12.987094214529677,80.25712710089805,Thiruvanmiyur,"Kamaraj Nagar near Bank of Baroda Thiruvanmiyur Branch,  Thiruvanmiyur,  Thiruvanmiyur, chennai",MALE,Both,8.6,8.5,FOUR,8000,4000,False,True,True,True,True,,,,,,,,,,Bike,0,False,False,False,False,False,False,,False,False,False
8a9fadc680d555080180d562e76503d1,PG for Boys in Thiruvanmiyur,12.983244334720847,80.2549095766697,East Coast Road-Thiruvanmiyur,"LB road Near post office, Thiruvanmiyur, Thiruvanmiyur, chennai",MALE,Working Professional,6.0,9.2,DOUBLE,6500,6500,False,False,False,False,False,False,True,False,False,False,False,True,False,False,Bike,40,True,True,False,False,True,True,,True,True,False
8a9fadc680d555080180d562e76503d1,PG for Boys in Thiruvanmiyur,12.983244334720847,80.2549095766697,East Coast Road-Thiruvanmiyur,"LB road Near post office, Thiruvanmiyur, Thiruvanmiyur, chennai",MALE,Working Professional,6.0,9.2,FOUR,5000,5000,False,False,False,False,False,False,True,False,False,False,False,True,False,False,Bike,40,False,False,False,False,False,False,,True,True,False
8a9fac8596dd82c80196ddc280111fc3,PG for Boys in Avadi,13.104987448316484,80.10818118772461,NOT_FOUND,"Ram Nagar near Tasmac (Vasantham Bar), Avadi, Avadi, chennai",MALE,Both,7.9,6.0,DOUBLE,9000,2000,False,True,True,True,True,,,,,,,,,,Bike,0,False,False,False,False,False,False,,False,False,False
8a9fac8596dd82c80196ddc280111fc3,PG for Boys in Avadi,13.104987448316484,80.10818118772461,NOT_FOUND,"Ram Nagar near Tasmac (Vasantham Bar), Avadi, Avadi, chennai",MALE,Both,7.9,6.0,THREE,6000,2000,False,True,True,True,True,,,,,,,,,,Bike,0,False,False,False,False,False,False,,False,False,False
8a9fac8596dd82c80196ddc280111fc3,PG for Boys in Avadi,13.104987448316484,80.10818118772461,NOT_FOUND,"Ram Nagar near Tasmac (Vasantham Bar), Avadi, Avadi, chennai",MALE,Both,7.9,6.0,FOUR,0,0,False,True,True,True,True,,,,,,,,,,Bike,0,False,False,False,False,False,False,,False,False,False
ff8081816ae8b8f8016ae9a500232dfe,PG for Boys in Thiruvanmiyur,12.977661990212336,80.25461974692745,East Coast Road-Thiruvanmiyur,"Avvainagar, near  Kudanthai Law Associates, Thiruvanmiyur, Thiruvanmiyur, chennai",MALE,Both,6.5,6.2,SINGLE,20000,40000,True,False,False,False,False,False,True,False,True,True,False,True,False,True,Bike,57,True,True,True,True,True,True,,True,True,False
ff8081816ae8b8f8016ae9a500232dfe,PG for Boys in Thiruvanmiyur,12.977661990212336,80.25461974692745,East Coast Road-Thiruvanmiyur,"Avvainagar, near  Kudanthai Law Associates, Thiruvanmiyur, Thiruvanmiyur, chennai",MALE,Both,6.5,6.2,DOUBLE,10000,20000,True,False,False,False,False,False,True,False,True,True,False,True,False,True,Bike,57,True,True,True,True,True,True,,True,True,False
ff8081816ae8b8f8016ae9a500232dfe,PG for Boys in Thiruvanmiyur,12.977661990212336,80.25461974692745,East Coast Road-Thiruvanmiyur,"Avvainagar, near  Kudanthai Law Associates, Thiruvanmiyur, Thiruvanmiyur, chennai",MALE,Both,6.5,6.2,THREE,8500,17000,True,False,False,False,False,False,True,False,True,True,False,True,False,True,Bike,57,True,True,True,True,True,True,,True,True,False
ff8081816ae8b8f8016ae9a500232dfe,PG for Boys in Thiruvanmiyur,12.977661990212336,80.25461974692745,East Coast Road-Thiruvanmiyur,"Avvainagar, near  Kudanthai Law Associates, Thiruvanmiyur, Thiruvanmiyur, chennai",MALE,Both,6.5,6.2,FOUR,7500,15000,True,False,False,False,False,False,True,False,True,True,False,True,False,True,Bike,57,True,True,True,True,True,True,,True,True,False
ff8081816135ff3e0161376aba90442b,PG for Boys in Thiruvanmiyur,12.977600337663977,80.2544833469329,East Coast Road-Thiruvanmiyur,"Dharmambal St, Avvai Nagar, Near  Kudanthai Law Associates , Thiruvanmiyur, Thiruvanmiyur, chennai",MALE,Both,,,SINGLE,0,0,False,False,False,False,False,False,True,False,True,True,False,True,False,False,Bike,71,,,,,,,,True,True,False
ff8081816135ff3e0161376aba90442b,PG for Boys in Thiruvanmiyur,12.977600337663977,80.2544833469329,East Coast Road-Thiruvanmiyur,"Dharmambal St, Avvai Nagar, Near  Kudanthai Law Associates , Thiruvanmiyur, Thiruvanmiyur, chennai",MALE,Both,,,DOUBLE,0,0,False,False,False,False,False,False,True,False,True,True,False,True,False,False,Bike,71,,,,,,,,True,True,False
ff8081816135ff3e0161376aba90442b,PG for Boys in Thiruvanmiyur,12.977600337663977,80.2544833469329,East Coast Road-Thiruvanmiyur,"Dharmambal St, Avvai Nagar, Near  Kudanthai Law Associates , Thiruvanmiyur, Thiruvanmiyur, chennai",MALE,Both,,,THREE,8500,17000,False,False,False,False,False,False,True,False,True,True,False,True,False,False,Bike,71,True,True,True,True,True,True,,True,True,False
ff8081816135ff3e0161376aba90442b,PG for Boys in Thiruvanmiyur,12.977600337663977,80.2544833469329,East Coast Road-Thiruvanmiyur,"Dharmambal St, Avvai Nagar, Near  Kudanthai Law Associates , Thiruvanmiyur, Thiruvanmiyur, chennai",MALE,Both,,,FOUR,8000,16000,False,False,False,False,False,False,True,False,True,True,False,True,False,False,Bike,71,True,True,True,True,True,True,,True,True,False
8a9fb283942f44d301942fa1b9f5190c,"PG for Boys in Kamaraj Nagar, Thiruvanmiyur",12.9855131,80.2565256,East Coast Road-Thiruvanmiyur,"behind post office , Kamaraj Nagar, Thiruvanmiyur, Kamaraj Nagar, Thiruvanmiyur, chennai",MALE,Working Professional,,,SINGLE,10000,30000,True,False,False,False,False,False,False,False,False,False,False,False,False,False,Bike,1,True,True,False,True,True,True,,True,False,False
8a9fb283942f44d301942fa1b9f5190c,"PG for Boys in Kamaraj Nagar, Thiruvanmiyur",12.9855131,80.2565256,East Coast Road-Thiruvanmiyur,"behind post office , Kamaraj Nagar, Thiruvanmiyur, Kamaraj Nagar, Thiruvanmiyur, chennai",MALE,Working Professional,,,DOUBLE,14000,42000,False,False,False,False,False,False,False,False,False,False,False,False,False,False,Bike,1,True,True,False,True,True,True,,True,False,False
ff8081816519916101651a956ef459e7,PG for Boys in Kottivakkam,12.976988824470514,80.25317311417362,Thiruvanmiyur,"elagon nagar main road , Near Arulmigu Sakthi Vinayagar Temple, Kottivakkam, Kottivakkam, chennai",MALE,Both,,,THREE,6500,3000,True,True,True,True,True,True,True,True,False,True,False,True,True,False,None,103,False,True,True,False,True,True,,True,True,False
ff808181682daa0c01682e9feb3c3f0d,PG for Boys in Thiruvanmiyur,12.978773079468743,80.25759177298166,East Coast Road-Thiruvanmiyur,"ramalingam nagar Near SRP Tools -Insurance, Thiruvanmiyur, Thiruvanmiyur, chennai",MALE,Both,,,DOUBLE,7000,3000,False,True,True,True,True,True,True,True,False,True,True,True,True,False,None,35,False,False,False,False,False,False,,True,True,False
8a9f9148737a68fc01737afab4ff411b,PG for Boys in Thiruvanmiyur,12.98774668155937,80.25629144907379,Thiruvanmiyur,"Kamaraj Nagar, Near Adyar Bakery, Thiruvanmiyur, Thiruvanmiyur, chennai",MALE,Both,8.0,6.1,THREE,8000,5000,True,True,True,True,True,False,True,False,False,True,True,True,False,False,Bike,44,True,True,True,False,True,True,,False,False,False
8a9f9148737a68fc01737afab4ff411b,PG for Boys in Thiruvanmiyur,12.98774668155937,80.25629144907379,Thiruvanmiyur,"Kamaraj Nagar, Near Adyar Bakery, Thiruvanmiyur, Thiruvanmiyur, chennai",MALE,Both,8.0,6.1,FOUR,7000,5000,True,True,True,True,True,False,True,False,False,True,True,True,False,False,Bike,44,True,True,True,False,True,True,,False,False,False
8aa9b5e79d900f17019d90a56da44a7c,PG for Boys in Thiruvanmiyur,12.979011711798254,80.25890348932188,East Coast Road-Thiruvanmiyur,"East Coast Rd near Westside , Thiruvanmiyur, Thiruvanmiyur, chennai",MALE,Working Professional,7.8,8.4,SINGLE,20000,40000,False,False,False,False,False,,,,,,,,,,Bike,0,False,False,False,False,False,False,,False,False,False
8aa9b5e79d900f17019d90a56da44a7c,PG for Boys in Thiruvanmiyur,12.979011711798254,80.25890348932188,East Coast Road-Thiruvanmiyur,"East Coast Rd near Westside , Thiruvanmiyur, Thiruvanmiyur, chennai",MALE,Working Professional,7.8,8.4,DOUBLE,1,1,False,False,False,False,False,,,,,,,,,,Bike,0,False,False,False,False,False,False,,False,False,False
ff80818161c29de30161c8110a75207b,PG for Boys in Thiruvanmiyur,12.982816,80.261913,Thiruvanmiyur," Thiruvalluvar Nagar,  Near Singapore Shoppe, Thiruvanmiyur, Thiruvanmiyur, chennai",MALE,Working Professional,,,DOUBLE,9000,25500,False,False,False,False,False,False,False,False,False,True,False,True,False,True,Bike,45,False,False,False,False,False,False,01:20 PM,True,True,False
8a9f8583968582f20196859ffb840a05,PG for Boys in Thiruvanmiyur,12.982665610387055,80.25481797559216,East Coast Road-Thiruvanmiyur," Lattice Brg Rd near Tamil Nadu Electricity Board (TNEB), Thiruvanmiyur, Thiruvanmiyur, chennai",MALE,Both,6.7,6.2,THREE,6500,2000,False,True,True,True,True,,,,,,,,,,Bike,0,False,False,False,False,False,False,,False,False,False
8a9fa9827ba5f6b9017ba65f062f2e20,PG for Girls in Thiruvanmiyur,12.9830269,80.2594001,Thiruvanmiyur,"RTO, ECR, Chennai, Thiruvanmiyur, Thiruvanmiyur, chennai",FEMALE,Working Professional,7.8,8.2,SINGLE,0,0,False,False,False,False,False,False,True,False,False,True,False,True,False,True,Bike,14,,,,,,,,False,False,False
8a9fa9827ba5f6b9017ba65f062f2e20,PG for Girls in Thiruvanmiyur,12.9830269,80.2594001,Thiruvanmiyur,"RTO, ECR, Chennai, Thiruvanmiyur, Thiruvanmiyur, chennai",FEMALE,Working Professional,7.8,8.2,DOUBLE,11000,15000,False,False,False,False,False,False,True,False,False,True,False,True,False,True,Bike,14,True,True,False,True,True,True,,False,False,False
8aa9b6429bef0750019befbe68375ccd,PG for Anyone in Thiruvanmiyur,12.98860269054174,80.26291300396466,Thiruvanmiyur,"pillayar koil st, near Kalakshetra Foundation, Thiruvanmiyur, Thiruvanmiyur, chennai",BOTH,Both,7.9,6.3,SINGLE,18500,18500,True,False,False,False,False,,,,,,,,,,Bike,9,True,True,True,True,True,True,,False,False,False
ff8081816c42591a016c429025f94c6b,PG for Girls in Thiruvanmiyur,12.984693066733431,80.26063920307581,Thiruvanmiyur,"Tank St Lalitha Nagar,near Arulmigu Sri Marundeeswarar Temple, Thiruvanmiyur, Thiruvanmiyur, chennai",FEMALE,Working Professional,7.4,6.3,THREE,10000,6000,False,True,True,True,True,False,False,True,False,False,False,True,True,True,Bike and Car,0,False,False,False,False,False,False,,False,False,False
ff8081816c42591a016c429025f94c6b,PG for Girls in Thiruvanmiyur,12.984693066733431,80.26063920307581,Thiruvanmiyur,"Tank St Lalitha Nagar,near Arulmigu Sri Marundeeswarar Temple, Thiruvanmiyur, Thiruvanmiyur, chennai",FEMALE,Working Professional,7.4,6.3,FOUR,8500,7000,False,True,True,True,True,False,False,True,False,False,False,True,True,True,Bike and Car,0,False,False,False,False,False,False,,False,False,False
8a9fa78497b55a0c0197b5877b071cd7,PG for Girls in  Thiruvanmiyur,12.979005202600389,80.25889954904582,East Coast Road-Thiruvanmiyur,"East Coast Rd near  Westside - ECR, Chennai,  Thiruvanmiyur,  Thiruvanmiyur, chennai",FEMALE,Both,7.8,8.4,SINGLE,20000,40000,False,False,False,False,False,,,,,,,,,,Bike,0,True,False,False,False,False,False,,False,False,False
8a9fa78497b55a0c0197b5877b071cd7,PG for Girls in  Thiruvanmiyur,12.979005202600389,80.25889954904582,East Coast Road-Thiruvanmiyur,"East Coast Rd near  Westside - ECR, Chennai,  Thiruvanmiyur,  Thiruvanmiyur, chennai",FEMALE,Both,7.8,8.4,DOUBLE,13500,13500,False,False,False,False,False,,,,,,,,,,Bike,0,False,False,False,False,False,False,,False,False,False
8aa992999ebff1b1019ebffe3e11055a,PG for Girls in Sholinganallur,12.968348447931449,80.25667320547396,East Coast Road-Kottivakkam,", Rajiv Gandhi Salai, Anna Street, near kfc, Sholinganallur, Sholinganallur, chennai",FEMALE,Both,8.2,6.3,SINGLE,11000,4000,False,True,True,True,True,,,,,,,,,,Bike,0,False,False,False,False,False,False,,False,False,False
8aa992999ebff1b1019ebffe3e11055a,PG for Girls in Sholinganallur,12.968348447931449,80.25667320547396,East Coast Road-Kottivakkam,", Rajiv Gandhi Salai, Anna Street, near kfc, Sholinganallur, Sholinganallur, chennai",FEMALE,Both,8.2,6.3,DOUBLE,11000,3000,False,True,True,True,True,,,,,,,,,,Bike,0,False,False,False,False,False,False,,False,False,False
8aa99fd09ba0b51f019ba18d81994f5e,PG for Girls in Thiruvanmiyur,12.984094564059884,80.25353291196257,Thiruvanmiyur,"Kamarajar Nagar, IAS Padmanabhanstreet, thiruvanmiyur, thiruvanmiyur, chennai",FEMALE,Both,6.8,6.1,THREE,0,0,False,False,False,False,False,False,False,False,False,False,False,False,False,True,None,1,,,,,,,,True,True,False
8aa99fd09ba0b51f019ba18d81994f5e,PG for Girls in Thiruvanmiyur,12.984094564059884,80.25353291196257,Thiruvanmiyur,"Kamarajar Nagar, IAS Padmanabhanstreet, thiruvanmiyur, thiruvanmiyur, chennai",FEMALE,Both,6.8,6.1,FOUR,4000,6000,False,False,False,False,False,False,False,False,False,False,False,False,False,True,None,1,False,True,False,True,True,True,,True,True,False
ff808181553aee5e01553fbed8014f33,"PG for Girls in 13, Canal Rd, Ranganatha Puram, Thiruvanmiyur, Chennai, Tamil Nadu 600041, India",12.986608807481948,80.25367587804794,East Coast Road-Thiruvanmiyur,"Canal road,Near PG Ladies Hostel, 13, Canal Rd, Ranganatha Puram, Thiruvanmiyur, Chennai, Tamil Nadu 600041, India, 13, Canal Rd, Ranganatha Puram, Thiruvanmiyur, Chennai, Tamil Nadu 600041, India, chennai",FEMALE,Both,7.3,9.3,SINGLE,7000,3000,False,True,True,True,True,True,True,True,False,True,True,True,True,False,Car,36,True,True,False,True,False,True,10:30 PM,True,True,False
ff808181553aee5e01553fbed8014f33,"PG for Girls in 13, Canal Rd, Ranganatha Puram, Thiruvanmiyur, Chennai, Tamil Nadu 600041, India",12.986608807481948,80.25367587804794,East Coast Road-Thiruvanmiyur,"Canal road,Near PG Ladies Hostel, 13, Canal Rd, Ranganatha Puram, Thiruvanmiyur, Chennai, Tamil Nadu 600041, India, 13, Canal Rd, Ranganatha Puram, Thiruvanmiyur, Chennai, Tamil Nadu 600041, India, chennai",FEMALE,Both,7.3,9.3,DOUBLE,8000,3000,False,True,True,True,True,True,True,True,False,True,True,True,True,False,Car,36,True,True,False,True,False,True,10:30 PM,True,True,False
ff808181553aee5e01553fbed8014f33,"PG for Girls in 13, Canal Rd, Ranganatha Puram, Thiruvanmiyur, Chennai, Tamil Nadu 600041, India",12.986608807481948,80.25367587804794,East Coast Road-Thiruvanmiyur,"Canal road,Near PG Ladies Hostel, 13, Canal Rd, Ranganatha Puram, Thiruvanmiyur, Chennai, Tamil Nadu 600041, India, 13, Canal Rd, Ranganatha Puram, Thiruvanmiyur, Chennai, Tamil Nadu 600041, India, chennai",FEMALE,Both,7.3,9.3,THREE,7000,3000,False,True,True,True,True,True,True,True,False,True,True,True,True,False,Car,36,True,True,False,False,False,True,10:30 PM,True,True,False
ff808181553aee5e01553fbed8014f33,"PG for Girls in 13, Canal Rd, Ranganatha Puram, Thiruvanmiyur, Chennai, Tamil Nadu 600041, India",12.986608807481948,80.25367587804794,East Coast Road-Thiruvanmiyur,"Canal road,Near PG Ladies Hostel, 13, Canal Rd, Ranganatha Puram, Thiruvanmiyur, Chennai, Tamil Nadu 600041, India, 13, Canal Rd, Ranganatha Puram, Thiruvanmiyur, Chennai, Tamil Nadu 600041, India, chennai",FEMALE,Both,7.3,9.3,FOUR,7000,3000,False,True,True,True,True,True,True,True,False,True,True,True,True,False,Car,36,True,True,False,False,False,True,10:30 PM,True,True,False
ff80818168e6f4200168ea5e8cff21b6,PG for Girls in Thiruvanmiyur,12.977430225972606,80.25209663558194,Thiruvanmiyur,"PTK nagar near Silver Residency, , Thiruvanmiyur, Thiruvanmiyur, chennai",FEMALE,Both,,,SINGLE,0,0,False,True,True,True,True,True,True,False,False,True,True,True,True,False,Bike and Car,92,False,False,False,False,False,False,,True,True,False
ff80818168e6f4200168ea5e8cff21b6,PG for Girls in Thiruvanmiyur,12.977430225972606,80.25209663558194,Thiruvanmiyur,"PTK nagar near Silver Residency, , Thiruvanmiyur, Thiruvanmiyur, chennai",FEMALE,Both,,,DOUBLE,5300,2000,True,True,True,True,True,True,True,False,False,True,True,True,True,False,Bike and Car,92,False,True,True,True,True,True,,True,True,False
ff80818168e6f4200168ea5e8cff21b6,PG for Girls in Thiruvanmiyur,12.977430225972606,80.25209663558194,Thiruvanmiyur,"PTK nagar near Silver Residency, , Thiruvanmiyur, Thiruvanmiyur, chennai",FEMALE,Both,,,THREE,5500,2000,False,True,True,True,True,True,True,False,False,True,True,True,True,False,Bike and Car,92,False,True,True,False,False,False,,True,True,False
ff80818168e6f4200168ea5e8cff21b6,PG for Girls in Thiruvanmiyur,12.977430225972606,80.25209663558194,Thiruvanmiyur,"PTK nagar near Silver Residency, , Thiruvanmiyur, Thiruvanmiyur, chennai",FEMALE,Both,,,FOUR,6000,2000,True,True,True,True,True,True,True,False,False,True,True,True,True,False,Bike and Car,92,False,True,True,True,True,True,,True,True,False
8aa9b9849fd521ee019fd5f98b111ac7,PG for Girls in Thiruvanmiyur,12.9846235,80.254033,Thiruvanmiyur,"padbanaban street thiruvanmiyur, Thiruvanmiyur, Thiruvanmiyur, chennai",FEMALE,Both,6.8,6.1,THREE,3000,10000,False,False,False,False,False,False,False,False,False,False,False,False,False,True,None,0,False,True,True,True,True,True,,True,True,False
8a9f8b8492fa48260192fa80779c0b8a,PG for Girls in Thiruvanmiyur,12.9832623509656,80.2549327529289,East Coast Road-Thiruvanmiyur,"Kamaraj nagar Near Thiruvanmiyur post office, Thiruvanmiyur, Thiruvanmiyur, chennai",FEMALE,Working Professional,6.6,6.2,DOUBLE,10500,10000,False,False,False,False,False,False,True,True,True,True,False,True,False,False,Car,0,False,False,False,False,False,False,,True,False,False
8a9f8b8492fa48260192fa80779c0b8a,PG for Girls in Thiruvanmiyur,12.9832623509656,80.2549327529289,East Coast Road-Thiruvanmiyur,"Kamaraj nagar Near Thiruvanmiyur post office, Thiruvanmiyur, Thiruvanmiyur, chennai",FEMALE,Working Professional,6.6,6.2,THREE,9500,10000,False,False,False,False,False,False,True,True,True,True,False,True,False,False,Car,0,False,False,False,False,False,False,,True,False,False
8aa9b2489ac3b1cf019ac41f74f231fa,PG for Girls in Thiruvanmiyur,12.977561505507063,80.2545826374344,East Coast Road-Thiruvanmiyur,"Thiruvanmiyur rd near SivaSakthi Womens Hostel/ PG Thiruvanmiyur, Thiruvanmiyur, Thiruvanmiyur, chennai",FEMALE,Both,7.0,9.2,DOUBLE,6500,5000,False,True,True,True,True,,,,,,,,,,Bike,0,False,False,False,False,False,False,,False,False,False
8a9fcf838519da5601851a2270913074,"PG for Girls in X7h6+7x9, 7th Cross St, Thiruvalluvar Nagar, Thiruvanmiyur, Chennai, Tamil Nadu 600041, India",12.978175214053445,80.26249464601278,Thiruvanmiyur,"7th Cross Street, Near Arun ice cream parlour, X7H6+7X9, 7th Cross St, Thiruvalluvar Nagar, Thiruvanmiyur, Chennai, Tamil Nadu 600041, India, X7H6+7X9, 7th Cross St, Thiruvalluvar Nagar, Thiruvanmiyur, Chennai, Tamil Nadu 600041, India, chennai",FEMALE,Working Professional,7.3,9.5,SINGLE,0,0,False,False,False,False,False,False,True,True,False,True,True,True,False,True,Bike,3,,,,,,,10:00 PM,True,True,False
8a9fcf838519da5601851a2270913074,"PG for Girls in X7h6+7x9, 7th Cross St, Thiruvalluvar Nagar, Thiruvanmiyur, Chennai, Tamil Nadu 600041, India",12.978175214053445,80.26249464601278,Thiruvanmiyur,"7th Cross Street, Near Arun ice cream parlour, X7H6+7X9, 7th Cross St, Thiruvalluvar Nagar, Thiruvanmiyur, Chennai, Tamil Nadu 600041, India, X7H6+7X9, 7th Cross St, Thiruvalluvar Nagar, Thiruvanmiyur, Chennai, Tamil Nadu 600041, India, chennai",FEMALE,Working Professional,7.3,9.5,DOUBLE,0,0,False,False,False,False,False,False,True,True,False,True,True,True,False,True,Bike,3,,,,,,,10:00 PM,True,True,False
8a9fcf838519da5601851a2270913074,"PG for Girls in X7h6+7x9, 7th Cross St, Thiruvalluvar Nagar, Thiruvanmiyur, Chennai, Tamil Nadu 600041, India",12.978175214053445,80.26249464601278,Thiruvanmiyur,"7th Cross Street, Near Arun ice cream parlour, X7H6+7X9, 7th Cross St, Thiruvalluvar Nagar, Thiruvanmiyur, Chennai, Tamil Nadu 600041, India, X7H6+7X9, 7th Cross St, Thiruvalluvar Nagar, Thiruvanmiyur, Chennai, Tamil Nadu 600041, India, chennai",FEMALE,Working Professional,7.3,9.5,THREE,7000,10000,False,False,False,False,False,False,True,True,False,True,True,True,False,True,Bike,3,False,True,True,True,True,True,10:00 PM,True,True,False
8a9fcf838519da5601851a2270913074,"PG for Girls in X7h6+7x9, 7th Cross St, Thiruvalluvar Nagar, Thiruvanmiyur, Chennai, Tamil Nadu 600041, India",12.978175214053445,80.26249464601278,Thiruvanmiyur,"7th Cross Street, Near Arun ice cream parlour, X7H6+7X9, 7th Cross St, Thiruvalluvar Nagar, Thiruvanmiyur, Chennai, Tamil Nadu 600041, India, X7H6+7X9, 7th Cross St, Thiruvalluvar Nagar, Thiruvanmiyur, Chennai, Tamil Nadu 600041, India, chennai",FEMALE,Working Professional,7.3,9.5,FOUR,0,0,False,False,False,False,False,False,True,True,False,True,True,True,False,True,Bike,3,,,,,,,10:00 PM,True,True,False
8a9fcc828263296d01826379d26a3c30,PG for Girls in Thiruvanmiyur,12.983026899999993,80.25935182023771,Thiruvanmiyur,"4TH WEST STREET. Near SARO FOODS, Thiruvanmiyur, Thiruvanmiyur, chennai",FEMALE,Both,,,THREE,8500,8500,True,True,True,True,True,False,True,False,False,True,True,True,True,False,Bike,12,True,True,False,False,True,True,,False,False,False
8a9fcc828263296d01826379d26a3c30,PG for Girls in Thiruvanmiyur,12.983026899999993,80.25935182023771,Thiruvanmiyur,"4TH WEST STREET. Near SARO FOODS, Thiruvanmiyur, Thiruvanmiyur, chennai",FEMALE,Both,,,FOUR,8000,8000,True,True,True,True,True,False,True,False,False,True,True,True,True,False,Bike,12,True,True,False,False,True,True,,False,False,False
8aa9acce9b725beb019b7321d4ae3f05,PG for Girls in Avadi,13.114752410681207,80.10187954769128,TNHB,"JENY HOME LADIES HOSTEL Kannigapuram , Avadi, Avadi, chennai",FEMALE,Both,8.2,6.4,DOUBLE,6500,3000,False,True,True,True,True,False,False,True,False,False,False,True,True,False,Bike,0,False,False,False,False,False,False,,False,False,False
8aa9acce9b725beb019b7321d4ae3f05,PG for Girls in Avadi,13.114752410681207,80.10187954769128,TNHB,"JENY HOME LADIES HOSTEL Kannigapuram , Avadi, Avadi, chennai",FEMALE,Both,8.2,6.4,THREE,7000,3000,False,True,True,True,True,False,False,True,False,False,False,True,True,False,Bike,0,True,False,False,False,False,False,,False,False,False
8aa9acce9b725beb019b7321d4ae3f05,PG for Girls in Avadi,13.114752410681207,80.10187954769128,TNHB,"JENY HOME LADIES HOSTEL Kannigapuram , Avadi, Avadi, chennai",FEMALE,Both,8.2,6.4,FOUR,6000,3500,False,True,True,True,True,False,False,True,False,False,False,True,True,False,Bike,0,True,False,False,False,False,False,,False,False,False
ff8081816201438b01620405f18a428b,PG for Girls in Thiruvanmiyur,12.985820322965536,80.25549675828547,East Coast Road-Thiruvanmiyur,"2nd Main St, Opp Thiruvanmiyur Telephone Exchange, Thiruvanmiyur, Thiruvanmiyur, chennai",FEMALE,Working Professional,8.3,8.4,SINGLE,15000,20000,False,False,False,False,False,True,False,False,True,True,True,True,False,True,Bike,32,False,False,False,False,False,False,,True,True,False
ff8081816201438b01620405f18a428b,PG for Girls in Thiruvanmiyur,12.985820322965536,80.25549675828547,East Coast Road-Thiruvanmiyur,"2nd Main St, Opp Thiruvanmiyur Telephone Exchange, Thiruvanmiyur, Thiruvanmiyur, chennai",FEMALE,Working Professional,8.3,8.4,DOUBLE,8000,10000,False,False,False,False,False,True,False,False,True,True,True,True,False,True,Bike,32,False,False,False,False,False,False,,True,True,False
ff8081816201438b01620405f18a428b,PG for Girls in Thiruvanmiyur,12.985820322965536,80.25549675828547,East Coast Road-Thiruvanmiyur,"2nd Main St, Opp Thiruvanmiyur Telephone Exchange, Thiruvanmiyur, Thiruvanmiyur, chennai",FEMALE,Working Professional,8.3,8.4,THREE,7000,10000,False,False,False,False,False,True,False,False,True,True,True,True,False,True,Bike,32,False,False,False,False,False,False,,True,True,False
ff8081816201438b01620405f18a428b,PG for Girls in Thiruvanmiyur,12.985820322965536,80.25549675828547,East Coast Road-Thiruvanmiyur,"2nd Main St, Opp Thiruvanmiyur Telephone Exchange, Thiruvanmiyur, Thiruvanmiyur, chennai",FEMALE,Working Professional,8.3,8.4,FOUR,6000,10000,False,False,False,False,False,True,False,False,True,True,True,True,False,True,Bike,32,False,False,False,False,False,False,,True,True,False
8a9f8f8491d229de0191d27d9dc510bc,PG for Girls in 3rd Seaward Rd,12.981073726164118,80.26339823491824,Thiruvanmiyur,"Valmiki Nagar, Thiruvanmiyur , 3rd Seaward Rd, 3rd Seaward Rd, chennai",FEMALE,Both,7.7,6.4,SINGLE,10000,10000,True,True,True,True,True,True,True,True,True,True,True,True,False,True,Bike and Car,6,True,True,True,True,True,True,,True,False,False
8a9f8f8491d229de0191d27d9dc510bc,PG for Girls in 3rd Seaward Rd,12.981073726164118,80.26339823491824,Thiruvanmiyur,"Valmiki Nagar, Thiruvanmiyur , 3rd Seaward Rd, 3rd Seaward Rd, chennai",FEMALE,Both,7.7,6.4,DOUBLE,12000,12000,True,True,True,True,True,True,True,True,True,True,True,True,False,True,Bike and Car,6,True,True,True,True,True,True,,True,False,False
8a9f8f8491d229de0191d27d9dc510bc,PG for Girls in 3rd Seaward Rd,12.981073726164118,80.26339823491824,Thiruvanmiyur,"Valmiki Nagar, Thiruvanmiyur , 3rd Seaward Rd, 3rd Seaward Rd, chennai",FEMALE,Both,7.7,6.4,THREE,12000,12003,False,True,True,True,True,True,True,True,True,True,True,True,False,True,Bike and Car,6,False,False,False,False,False,False,,True,False,False
8a9f9b8f97f7f2c50197f8438f582619,PG for Girls in Thiruvanmiyur,12.983430172118064,80.25495730889193,East Coast Road-Thiruvanmiyur,"ANGELS PAYING GUEST ACCOMMODATION NO.M7 M-7 & M8, Lattice Brg Rd, opposite Rasi Hardwares, Kamaraj Nagar,, Thiruvanmiyur, Thiruvanmiyur, chennai",FEMALE,Both,8.0,8.3,SINGLE,13000,13000,False,True,True,True,True,,,,,,,,,,Bike,0,False,False,False,False,False,False,,False,False,False
8a9f9b8f97f7f2c50197f8438f582619,PG for Girls in Thiruvanmiyur,12.983430172118064,80.25495730889193,East Coast Road-Thiruvanmiyur,"ANGELS PAYING GUEST ACCOMMODATION NO.M7 M-7 & M8, Lattice Brg Rd, opposite Rasi Hardwares, Kamaraj Nagar,, Thiruvanmiyur, Thiruvanmiyur, chennai",FEMALE,Both,8.0,8.3,DOUBLE,6500,6500,False,True,True,True,True,,,,,,,,,,Bike,0,False,False,False,False,False,False,,False,False,False
8a9f9b8f97f7f2c50197f8438f582619,PG for Girls in Thiruvanmiyur,12.983430172118064,80.25495730889193,East Coast Road-Thiruvanmiyur,"ANGELS PAYING GUEST ACCOMMODATION NO.M7 M-7 & M8, Lattice Brg Rd, opposite Rasi Hardwares, Kamaraj Nagar,, Thiruvanmiyur, Thiruvanmiyur, chennai",FEMALE,Both,8.0,8.3,THREE,7000,7000,False,True,True,True,True,,,,,,,,,,Bike,0,False,False,False,False,False,False,,False,False,False
8a9f9b8f97f7f2c50197f8438f582619,PG for Girls in Thiruvanmiyur,12.983430172118064,80.25495730889193,East Coast Road-Thiruvanmiyur,"ANGELS PAYING GUEST ACCOMMODATION NO.M7 M-7 & M8, Lattice Brg Rd, opposite Rasi Hardwares, Kamaraj Nagar,, Thiruvanmiyur, Thiruvanmiyur, chennai",FEMALE,Both,8.0,8.3,FOUR,5500,5500,False,True,True,True,True,,,,,,,,,,Bike,0,False,False,False,False,False,False,,False,False,False
8a9fc582827340f90182736293581458,PG for Girls in Thiruvanmiyur,12.987948524330987,80.25462514599802,East Coast Road-Thiruvanmiyur,"2nd West Street, Kamaraj Nagar Near  V3 Hyundai Showroom , Thiruvanmiyur, Thiruvanmiyur, chennai",FEMALE,Both,8.5,8.0,SINGLE,8500,8500,False,True,True,True,True,True,True,True,False,True,True,True,True,False,Bike and Car,33,False,False,False,False,False,False,,True,True,False
8a9fc582827340f90182736293581458,PG for Girls in Thiruvanmiyur,12.987948524330987,80.25462514599802,East Coast Road-Thiruvanmiyur,"2nd West Street, Kamaraj Nagar Near  V3 Hyundai Showroom , Thiruvanmiyur, Thiruvanmiyur, chennai",FEMALE,Both,8.5,8.0,DOUBLE,15000,15000,True,True,True,True,True,True,True,True,False,True,True,True,True,False,Bike and Car,33,True,True,True,True,True,True,,True,True,False
8a9fc582827340f90182736293581458,PG for Girls in Thiruvanmiyur,12.987948524330987,80.25462514599802,East Coast Road-Thiruvanmiyur,"2nd West Street, Kamaraj Nagar Near  V3 Hyundai Showroom , Thiruvanmiyur, Thiruvanmiyur, chennai",FEMALE,Both,8.5,8.0,THREE,11500,11500,True,True,True,True,True,True,True,True,False,True,True,True,True,False,Bike and Car,33,True,True,True,True,True,True,,True,True,False
8a9fc582827340f90182736293581458,PG for Girls in Thiruvanmiyur,12.987948524330987,80.25462514599802,East Coast Road-Thiruvanmiyur,"2nd West Street, Kamaraj Nagar Near  V3 Hyundai Showroom , Thiruvanmiyur, Thiruvanmiyur, chennai",FEMALE,Both,8.5,8.0,FOUR,8500,8500,False,True,True,True,True,True,True,True,False,True,True,True,True,False,Bike and Car,33,False,False,False,False,False,False,,True,True,False
8a9f8b848fca75a4018fcaaa55880bd2,"PG for Girls in 9114, Kalai Nagar 12th W St, Kamaraj Nagar, Thiruvanmiyur, Chennai, Tamil Nadu 600041, India",12.983688740003357,80.2539249882102,Thiruvanmiyur,"thiruvanmiyur post office, 9/114, Kalai Nagar 12th W St, Kamaraj Nagar, Thiruvanmiyur, Chennai, Tamil Nadu 600041, India, 9/114, Kalai Nagar 12th W St, Kamaraj Nagar, Thiruvanmiyur, Chennai, Tamil Nadu 600041, India, chennai",FEMALE,Working Professional,8.1,8.6,THREE,9000,10000,True,False,False,False,False,False,True,True,True,True,False,True,False,False,Car,2,True,True,False,True,True,True,,True,False,False
8a9f934391742eb40191749667442f5d,PG for Girls in Thiruvanmiyur,12.98842140017193,80.25333830762632,East Coast Road-Thiruvanmiyur,", Anna St Periyar Nagar near  Sri Pushpam Packers & Movers, Thiruvanmiyur, Thiruvanmiyur, chennai",FEMALE,Both,,,SINGLE,5500,3000,False,True,True,True,True,True,True,True,False,True,False,True,True,False,Bike and Car,0,False,False,False,False,False,False,,True,True,False
8a9f934391742eb40191749667442f5d,PG for Girls in Thiruvanmiyur,12.98842140017193,80.25333830762632,East Coast Road-Thiruvanmiyur,", Anna St Periyar Nagar near  Sri Pushpam Packers & Movers, Thiruvanmiyur, Thiruvanmiyur, chennai",FEMALE,Both,,,DOUBLE,7500,3000,False,True,True,True,True,True,True,True,False,True,False,True,True,False,Bike and Car,0,False,False,False,False,False,False,,True,True,False
8a9f934391742eb40191749667442f5d,PG for Girls in Thiruvanmiyur,12.98842140017193,80.25333830762632,East Coast Road-Thiruvanmiyur,", Anna St Periyar Nagar near  Sri Pushpam Packers & Movers, Thiruvanmiyur, Thiruvanmiyur, chennai",FEMALE,Both,,,THREE,7000,3000,False,True,True,True,True,True,True,True,False,True,False,True,True,False,Bike and Car,0,False,False,False,False,False,False,,True,True,False
8a9f934391742eb40191749667442f5d,PG for Girls in Thiruvanmiyur,12.98842140017193,80.25333830762632,East Coast Road-Thiruvanmiyur,", Anna St Periyar Nagar near  Sri Pushpam Packers & Movers, Thiruvanmiyur, Thiruvanmiyur, chennai",FEMALE,Both,,,FOUR,5500,3000,False,True,True,True,True,True,True,True,False,True,False,True,True,False,Bike and Car,0,False,False,False,False,False,False,,True,True,False
ff80818160f91d7f0160fe49f0a9384f,PG for Girls in Thiruvanmiyur,12.985359190041757,80.25706352907049,East Coast Road-Thiruvanmiyur,"Kamaraj Nagar, Near Sri Sankara Vidyashramam Matriculation Higher Secondary School, Thiruvanmiyur, Thiruvanmiyur, chennai",FEMALE,Working Professional,8.3,8.2,SINGLE,16000,30000,False,False,False,False,False,False,False,True,False,True,False,True,True,True,None,79,,,,,,,,True,True,False
ff80818160f91d7f0160fe49f0a9384f,PG for Girls in Thiruvanmiyur,12.985359190041757,80.25706352907049,East Coast Road-Thiruvanmiyur,"Kamaraj Nagar, Near Sri Sankara Vidyashramam Matriculation Higher Secondary School, Thiruvanmiyur, Thiruvanmiyur, chennai",FEMALE,Working Professional,8.3,8.2,DOUBLE,8000,15000,False,False,False,False,False,False,False,True,False,True,False,True,True,True,None,79,,,,,,,,True,True,False
ff80818160f91d7f0160fe49f0a9384f,PG for Girls in Thiruvanmiyur,12.985359190041757,80.25706352907049,East Coast Road-Thiruvanmiyur,"Kamaraj Nagar, Near Sri Sankara Vidyashramam Matriculation Higher Secondary School, Thiruvanmiyur, Thiruvanmiyur, chennai",FEMALE,Working Professional,8.3,8.2,THREE,7000,15000,False,False,False,False,False,False,False,True,False,True,False,True,True,True,None,79,,,,,,,,True,True,False
ff80818160f91d7f0160fe49f0a9384f,PG for Girls in Thiruvanmiyur,12.985359190041757,80.25706352907049,East Coast Road-Thiruvanmiyur,"Kamaraj Nagar, Near Sri Sankara Vidyashramam Matriculation Higher Secondary School, Thiruvanmiyur, Thiruvanmiyur, chennai",FEMALE,Working Professional,8.3,8.2,FOUR,6000,15000,False,False,False,False,False,False,False,True,False,True,False,True,True,True,None,79,,,,,,,,True,True,False
8a9f8a83919915d901919932d4a90ae4,PG for Girls in Thiruvanmiyur,12.98739763970039,80.2571146514926,Thiruvanmiyur,"472 East Coast Road near canara bank, Thiruvanmiyur, Thiruvanmiyur, chennai",FEMALE,Both,,,,,,,True,True,True,True,True,True,True,False,True,False,True,True,False,Bike,8,,,,,,,,True,False,False
8a9f8cc392477ce9019247c00bf11582,PG for Girls in Thiruvanmiyur,12.983758756968204,80.25500814740381,East Coast Road-Thiruvanmiyur,"Lattice Brg Rd,near Rasi Hardwares, Thiruvanmiyur, Thiruvanmiyur, chennai",FEMALE,Working Professional,8.0,8.3,DOUBLE,7000,7000,False,True,True,True,True,,,,,,,,,,Bike,0,False,False,False,False,False,False,,False,False,False
8a9f8cc392477ce9019247c00bf11582,PG for Girls in Thiruvanmiyur,12.983758756968204,80.25500814740381,East Coast Road-Thiruvanmiyur,"Lattice Brg Rd,near Rasi Hardwares, Thiruvanmiyur, Thiruvanmiyur, chennai",FEMALE,Working Professional,8.0,8.3,THREE,6500,6500,False,True,True,True,True,,,,,,,,,,Bike,0,False,False,False,False,False,False,,False,False,False
8a9f8cc392477ce9019247c00bf11582,PG for Girls in Thiruvanmiyur,12.983758756968204,80.25500814740381,East Coast Road-Thiruvanmiyur,"Lattice Brg Rd,near Rasi Hardwares, Thiruvanmiyur, Thiruvanmiyur, chennai",FEMALE,Working Professional,8.0,8.3,FOUR,6000,6000,False,True,True,True,True,,,,,,,,,,Bike,0,False,False,False,False,False,False,,False,False,False
ff8081816c3d6ca0016c3dd4beec01af,PG for Girls in Avadi,13.115970995981733,80.10237914783308,TNHB,"TNHB, Near Ponnu Super Bazaar, Avadi, Avadi, chennai",FEMALE,Both,,,SINGLE,2750,3000,False,False,False,False,False,,,,,,,,,,None,0,,,,,,,,False,False,False
ff8081816c3d6ca0016c3dd4beec01af,PG for Girls in Avadi,13.115970995981733,80.10237914783308,TNHB,"TNHB, Near Ponnu Super Bazaar, Avadi, Avadi, chennai",FEMALE,Both,,,DOUBLE,2750,2750,False,False,False,False,False,,,,,,,,,,None,0,False,False,False,False,False,False,,False,False,False
ff8081816c3d6ca0016c3dd4beec01af,PG for Girls in Avadi,13.115970995981733,80.10237914783308,TNHB,"TNHB, Near Ponnu Super Bazaar, Avadi, Avadi, chennai",FEMALE,Both,,,THREE,0,0,False,False,False,False,False,,,,,,,,,,None,0,,,,,,,,False,False,False
8a9faa83968582e2019685a287380aab,PG for Girls in Thiruvanmiyur,12.982666,80.254818,East Coast Road-Thiruvanmiyur,"Lattice Brg Rd near Tamil Nadu Electricity Board (TNEB), Thiruvanmiyur, Thiruvanmiyur, chennai",FEMALE,Both,6.7,6.2,THREE,6500,2000,True,True,True,True,True,,,,,,,,,,Bike,9,False,False,False,False,False,True,,False,False,False
8a9faa83968582e2019685a287380aab,PG for Girls in Thiruvanmiyur,12.982666,80.254818,East Coast Road-Thiruvanmiyur,"Lattice Brg Rd near Tamil Nadu Electricity Board (TNEB), Thiruvanmiyur, Thiruvanmiyur, chennai",FEMALE,Both,6.7,6.2,FOUR,6500,2000,False,True,True,True,True,,,,,,,,,,Bike,9,False,False,False,False,False,False,,False,False,False
8a9fba827ca8be9c017cad05c0c02873,PG for Girls in Thiruvanmiyur,12.987190152770223,80.25941761613093,Thiruvanmiyur,"Kamaraj Nagar,  NEAR MUNDHI VINAYAGAR KOVIL, Thiruvanmiyur, Thiruvanmiyur, chennai",FEMALE,Both,,,FOUR,6500,4000,False,True,True,True,True,,,,,,,,,,Bike,0,False,False,False,False,False,False,,False,False,False
8aa9b91b9fe6f127019fe74c923c2ccf,PG for Boys in Alandur,13.004420055390597,80.2013638847057,Alandur,"Karpaga Vinayagar Koil Street, near Metro Station Alandur, Alandur, Alandur, chennai",MALE,Both,8.1,8.2,SINGLE,0,0,False,False,False,False,False,False,True,False,True,True,True,True,True,True,Bike,4,,,,,,,,False,False,False
8aa9b91b9fe6f127019fe74c923c2ccf,PG for Boys in Alandur,13.004420055390597,80.2013638847057,Alandur,"Karpaga Vinayagar Koil Street, near Metro Station Alandur, Alandur, Alandur, chennai",MALE,Both,8.1,8.2,DOUBLE,7500,7500,False,False,False,False,False,False,True,False,True,True,True,True,True,True,Bike,4,True,True,True,True,True,True,,False,False,False
8aa9b91b9fe6f127019fe74c923c2ccf,PG for Boys in Alandur,13.004420055390597,80.2013638847057,Alandur,"Karpaga Vinayagar Koil Street, near Metro Station Alandur, Alandur, Alandur, chennai",MALE,Both,8.1,8.2,THREE,0,0,False,False,False,False,False,False,True,False,True,True,True,True,True,True,Bike,4,,,,,,,,False,False,False
8aa9b91b9fe6f127019fe74c923c2ccf,PG for Boys in Alandur,13.004420055390597,80.2013638847057,Alandur,"Karpaga Vinayagar Koil Street, near Metro Station Alandur, Alandur, Alandur, chennai",MALE,Both,8.1,8.2,FOUR,0,0,False,False,False,False,False,False,True,False,True,True,True,True,True,True,Bike,4,,,,,,,,False,False,False
8a9f058288d68b6a0188d6ed7b60190e,PG for Boys in Guindy,13.003411974607404,80.21002773500267,Guindy,"Old Narasingapuram, Maduvinkarai near Madras Super Market, Guindy, Guindy, chennai",MALE,Both,7.3,7.9,FOUR,6500,2000,False,True,True,True,True,True,True,True,False,True,False,True,True,False,Bike,0,False,False,False,False,False,False,,True,True,False
8a9f83439118c4c5019118fd5c7f0da3,PG for Boys in 1st Street,13.0060512,80.21077729999999,Guindy,"narasingapuram 1st street, 1st Street, 1st Street, chennai",MALE,Both,,,SINGLE,7500,10000,False,False,False,False,False,False,True,False,False,False,False,False,False,False,Bike,0,False,False,False,False,True,True,11:30 PM,False,False,False
8a9f83439118c4c5019118fd5c7f0da3,PG for Boys in 1st Street,13.0060512,80.21077729999999,Guindy,"narasingapuram 1st street, 1st Street, 1st Street, chennai",MALE,Both,,,DOUBLE,4000,10000,False,False,False,False,False,False,True,False,False,False,False,False,False,False,Bike,0,False,False,False,False,True,True,11:30 PM,False,False,False
8a9f83439118c4c5019118fd5c7f0da3,PG for Boys in 1st Street,13.0060512,80.21077729999999,Guindy,"narasingapuram 1st street, 1st Street, 1st Street, chennai",MALE,Both,,,THREE,3500,10000,False,False,False,False,False,False,True,False,False,False,False,False,False,False,Bike,0,False,False,False,False,True,True,11:30 PM,False,False,False
8a9f83439118c4c5019118fd5c7f0da3,PG for Boys in 1st Street,13.0060512,80.21077729999999,Guindy,"narasingapuram 1st street, 1st Street, 1st Street, chennai",MALE,Both,,,FOUR,3000,10000,False,False,False,False,False,False,True,False,False,False,False,False,False,False,Bike,0,False,False,False,False,True,True,11:30 PM,False,False,False
8a9fa7827ff2bef5017ff2eb17871462,PG for Boys in Guindy,13.015373751138181,80.20121603091634,Guindy,"Thiru Vi Ka Industrial Estate Near Maruti Suzuki Service (Maruti Service Masters) , Guindy, Guindy, chennai",MALE,Both,,,FOUR,4000,8000,False,True,True,True,True,,,,,,,,,,Bike,0,False,False,False,False,False,False,,False,False,False
8a9fae8997e8f46d0197e90372ed054f,PG for Boys in Guindy,13.002412486615352,80.21026901766088,Guindy,"Narasingapuram near SSV Mini Mahal, Guindy, Guindy, chennai",MALE,Both,7.4,6.2,FOUR,8000,5000,False,True,True,True,True,,,,,,,,,,Bike,0,False,False,False,False,False,False,,False,False,False
8a9fa98394e986120194e9d9ee4f2716,PG for Boys in  Guindy,13.002399746458169,80.21031314110449,Guindy,"Narasingapuram Main Road, near Southern Computer Systems,  Guindy,  Guindy, chennai",MALE,Both,,,THREE,7500,5000,False,True,True,True,True,,,,,,,,,,Bike,0,False,False,False,False,False,False,,False,False,False
8a9fa98394e986120194e9d9ee4f2716,PG for Boys in  Guindy,13.002399746458169,80.21031314110449,Guindy,"Narasingapuram Main Road, near Southern Computer Systems,  Guindy,  Guindy, chennai",MALE,Both,,,FOUR,7500,5000,False,True,True,True,True,,,,,,,,,,Bike,0,False,False,False,False,False,False,,False,False,False
8a9fcb07821b6a5701821b784ef90567,PG for Boys in Alandur,12.997387987336198,80.20061027790983,Alandur,"south raja street,  St Thomas Mount viven mens hostel, Alandur, Alandur, chennai",MALE,Both,,,DOUBLE,13000,15000,False,True,True,True,True,,,,,,,,,,Bike,3,True,False,False,False,False,False,,False,False,False
8a9fcb07821b6a5701821b784ef90567,PG for Boys in Alandur,12.997387987336198,80.20061027790983,Alandur,"south raja street,  St Thomas Mount viven mens hostel, Alandur, Alandur, chennai",MALE,Both,,,THREE,9500,5000,False,True,True,True,True,,,,,,,,,,Bike,3,True,False,False,False,False,False,,False,False,False
8a9fcb07821b6a5701821b784ef90567,PG for Boys in Alandur,12.997387987336198,80.20061027790983,Alandur,"south raja street,  St Thomas Mount viven mens hostel, Alandur, Alandur, chennai",MALE,Both,,,FOUR,6500,3000,True,True,True,True,True,,,,,,,,,,Bike,3,True,True,False,True,True,True,,False,False,False
ff808181581e52e701581ee0f42e090b,PG for Boys in West Saidapet,13.022152639015435,80.22115739665088,Saidapet,"V S Mudali St, Near  Mari Hotel , West Saidapet, West Saidapet, chennai",MALE,Both,,,FOUR,7000,15000,True,False,False,False,False,False,False,False,False,False,False,False,False,True,Bike,7,False,True,False,False,True,True,,True,False,False
8aa995479b7dbb88019b7e4b337d3de7,PG for Boys in Guindy,13.002650382468737,80.21188165098232,Guindy,"3, Pillaiyar Koil St, Ramapuram, Maduvinkarai, Guindy, Chennai, Tamil Nadu 600032, guindy, guindy, chennai",MALE,Both,7.5,6.2,DOUBLE,11500,13500,False,True,True,True,True,,,,,,,,,,Bike,0,False,False,False,False,False,False,,False,False,False
8aa995479b7dbb88019b7e4b337d3de7,PG for Boys in Guindy,13.002650382468737,80.21188165098232,Guindy,"3, Pillaiyar Koil St, Ramapuram, Maduvinkarai, Guindy, Chennai, Tamil Nadu 600032, guindy, guindy, chennai",MALE,Both,7.5,6.2,THREE,9500,11500,False,True,True,True,True,,,,,,,,,,Bike,0,False,False,False,False,False,False,,False,False,False
8aa995479b7dbb88019b7e4b337d3de7,PG for Boys in Guindy,13.002650382468737,80.21188165098232,Guindy,"3, Pillaiyar Koil St, Ramapuram, Maduvinkarai, Guindy, Chennai, Tamil Nadu 600032, guindy, guindy, chennai",MALE,Both,7.5,6.2,FOUR,7000,7000,False,True,True,True,True,,,,,,,,,,Bike,0,False,False,False,False,False,False,,False,False,False
8a9fd68283edc4530183ee2d31e90fb6,PG for Boys in Alandur,13.003492548712192,80.2100950579036,Guindy,"Narasinga Colony 3rd street,Near maduvangarai bridge, Alandur, Alandur, chennai",MALE,Both,,,THREE,6700,2000,False,True,True,True,True,True,True,True,False,False,False,True,True,False,None,8,False,True,False,False,True,True,,True,True,False
8a9fd68283edc4530183ee2d31e90fb6,PG for Boys in Alandur,13.003492548712192,80.2100950579036,Guindy,"Narasinga Colony 3rd street,Near maduvangarai bridge, Alandur, Alandur, chennai",MALE,Both,,,FOUR,6500,2000,True,True,True,True,True,True,True,True,False,False,False,True,True,False,None,8,False,True,False,False,True,True,,True,True,False
8a9f858d980319f80198037b025331d4,PG for Boys in Saidapet,13.014119190891936,80.22203784332261,Saidapet,"Anna Salai, Little Mount, Saidapet  near   Sri Maha Gents Hostel, Saidapet, Saidapet, chennai",MALE,Both,8.3,7.7,DOUBLE,10000,10000,False,True,True,True,True,,,,,,,,,,Bike,0,False,False,False,False,False,False,,False,False,False
8a9f858d980319f80198037b025331d4,PG for Boys in Saidapet,13.014119190891936,80.22203784332261,Saidapet,"Anna Salai, Little Mount, Saidapet  near   Sri Maha Gents Hostel, Saidapet, Saidapet, chennai",MALE,Both,8.3,7.7,THREE,6500,6500,False,True,True,True,True,,,,,,,,,,Bike,0,False,False,False,False,False,False,,False,False,False
8a9f858d980319f80198037b025331d4,PG for Boys in Saidapet,13.014119190891936,80.22203784332261,Saidapet,"Anna Salai, Little Mount, Saidapet  near   Sri Maha Gents Hostel, Saidapet, Saidapet, chennai",MALE,Both,8.3,7.7,FOUR,8250,8250,False,True,True,True,True,,,,,,,,,,Bike,0,False,False,False,False,False,False,,False,False,False
8aa9ab6b9e677e39019e68424fb05eed,PG for Boys in Ekkatuthangal,13.013687224164098,80.200079602767,Guindy,"lazer st near olymbia platina, Ekkatuthangal, Ekkatuthangal, chennai",MALE,Both,8.4,5.7,DOUBLE,13200,13200,False,False,False,False,False,,,,,,,,,,Bike,0,False,False,False,False,False,False,,False,False,False
8a9f90838be03552018be0ea70b40701,PG for Boys in Ekkatuthangal,13.016957383802858,80.20739930112016,Guindy,"Labour Colony near Sri Ganapathi Men?s Hostel, Ekkatuthangal, Ekkatuthangal, chennai",MALE,Both,,,DOUBLE,12000,12000,False,False,False,False,False,,,,,,,,,,Bike,19,False,False,False,False,False,False,,False,False,False
8a9f90838be03552018be0ea70b40701,PG for Boys in Ekkatuthangal,13.016957383802858,80.20739930112016,Guindy,"Labour Colony near Sri Ganapathi Men?s Hostel, Ekkatuthangal, Ekkatuthangal, chennai",MALE,Both,,,THREE,11000,11000,False,False,False,False,False,,,,,,,,,,Bike,19,False,False,False,False,False,False,,False,False,False
8a9f90838be03552018be0ea70b40701,PG for Boys in Ekkatuthangal,13.016957383802858,80.20739930112016,Guindy,"Labour Colony near Sri Ganapathi Men?s Hostel, Ekkatuthangal, Ekkatuthangal, chennai",MALE,Both,,,FOUR,10000,10000,False,False,False,False,False,,,,,,,,,,Bike,19,False,False,False,False,False,False,,False,False,False
8aa9b3d59c514bf8019c515f56b90953,PG for Boys in Saidapet,13.02505549620717,80.22575628210272,Saidapet,"Periyapet near Nilan Men's PG Chennai, Saidapet, Saidapet, chennai",MALE,Both,8.1,8.5,DOUBLE,9500,3000,False,False,False,False,False,,,,,,,,,,Bike,0,False,False,False,False,False,False,,False,False,False
8aa9b3d59c514bf8019c515f56b90953,PG for Boys in Saidapet,13.02505549620717,80.22575628210272,Saidapet,"Periyapet near Nilan Men's PG Chennai, Saidapet, Saidapet, chennai",MALE,Both,8.1,8.5,THREE,7500,7500,False,False,False,False,False,,,,,,,,,,Bike,0,False,False,False,False,False,False,,False,False,False
8aa9b3d59c514bf8019c515f56b90953,PG for Boys in Saidapet,13.02505549620717,80.22575628210272,Saidapet,"Periyapet near Nilan Men's PG Chennai, Saidapet, Saidapet, chennai",MALE,Both,8.1,8.5,FOUR,6500,6500,False,False,False,False,False,,,,,,,,,,Bike,0,False,False,False,False,False,False,,False,False,False
8a9fb7838b2e89fa018b2f5ecd4f49f4,PG for Boys in Saidapet,13.0228816,80.2263227,Saidapet,"No 76 East jones road saidape-15 neraby saidapet metro SRK Men's PG Saidapet, Saidapet, Saidapet, chennai",MALE,Both,8.5,5.9,SINGLE,13500,13000,False,False,False,False,False,True,True,False,True,True,False,True,True,True,Car,16,True,True,True,True,True,True,,True,False,False
8a9fb7838b2e89fa018b2f5ecd4f49f4,PG for Boys in Saidapet,13.0228816,80.2263227,Saidapet,"No 76 East jones road saidape-15 neraby saidapet metro SRK Men's PG Saidapet, Saidapet, Saidapet, chennai",MALE,Both,8.5,5.9,DOUBLE,10500,10000,False,False,False,False,False,True,True,False,True,True,False,True,True,True,Car,16,True,True,True,True,True,True,,True,False,False
8a9fb7838b2e89fa018b2f5ecd4f49f4,PG for Boys in Saidapet,13.0228816,80.2263227,Saidapet,"No 76 East jones road saidape-15 neraby saidapet metro SRK Men's PG Saidapet, Saidapet, Saidapet, chennai",MALE,Both,8.5,5.9,THREE,8500,8500,True,False,False,False,False,True,True,False,True,True,False,True,True,True,Car,16,True,True,True,True,True,True,,True,False,False
8a9fb7838b2e89fa018b2f5ecd4f49f4,PG for Boys in Saidapet,13.0228816,80.2263227,Saidapet,"No 76 East jones road saidape-15 neraby saidapet metro SRK Men's PG Saidapet, Saidapet, Saidapet, chennai",MALE,Both,8.5,5.9,FOUR,10000,5000,False,False,False,False,False,True,True,False,True,True,False,True,True,True,Car,16,False,False,False,False,False,False,,True,False,False
8a9fa6838b575690018b578f415b1ad9,PG for Boys in Saidapet,13.01560413467091,80.22458882040902,Saidapet,"NGR Colony, Little Mount,near New Life Assembly Of God Church, Saidapet, Saidapet, chennai",MALE,Both,,,SINGLE,9000,9000,False,False,False,False,False,,,,,,,,,,Bike,0,False,False,False,False,False,False,,False,False,False
8a9fa6838b575690018b578f415b1ad9,PG for Boys in Saidapet,13.01560413467091,80.22458882040902,Saidapet,"NGR Colony, Little Mount,near New Life Assembly Of God Church, Saidapet, Saidapet, chennai",MALE,Both,,,DOUBLE,8000,8000,False,False,False,False,False,,,,,,,,,,Bike,0,False,False,False,False,False,False,,False,False,False
8aa9bb4a9feee1cb019fefa0b07c7ab6,PG for Boys in  Alandur,12.997451273903774,80.2039276469276,Alandur," Pudupet St, Ramapuram,,  Alandur,  Alandur, chennai",MALE,Both,7.5,8.1,SINGLE,8500,3000,True,True,True,True,True,,,,,,,,,,Bike,2,False,True,True,True,True,True,,False,False,False
8aa9bb4a9feee1cb019fefa0b07c7ab6,PG for Boys in  Alandur,12.997451273903774,80.2039276469276,Alandur," Pudupet St, Ramapuram,,  Alandur,  Alandur, chennai",MALE,Both,7.5,8.1,DOUBLE,8500,3000,False,True,True,True,True,,,,,,,,,,Bike,2,False,False,False,False,False,False,,False,False,False
8aa9bb4a9feee1cb019fefa0b07c7ab6,PG for Boys in  Alandur,12.997451273903774,80.2039276469276,Alandur," Pudupet St, Ramapuram,,  Alandur,  Alandur, chennai",MALE,Both,7.5,8.1,THREE,7500,3000,False,True,True,True,True,,,,,,,,,,Bike,2,False,False,False,False,False,False,,False,False,False
8aa9bb4a9feee1cb019fefa0b07c7ab6,PG for Boys in  Alandur,12.997451273903774,80.2039276469276,Alandur," Pudupet St, Ramapuram,,  Alandur,  Alandur, chennai",MALE,Both,7.5,8.1,FOUR,7000,3000,False,True,True,True,True,,,,,,,,,,Bike,2,False,False,False,False,False,False,,False,False,False
8a9fe7888b19fea6018b1a1e58ba0e62,PG for Boys in Guindy,12.999782789151666,80.21245803683996,Guindy,"Manthoppu 1st Street near Lucky Men's Hostel, Guindy, Guindy, chennai",MALE,Both,,,THREE,5500,4000,True,True,True,True,True,True,True,False,False,True,False,True,True,False,Bike,18,False,True,True,False,True,True,11:00 PM,True,True,False
8a9fe7888b19fea6018b1a1e58ba0e62,PG for Boys in Guindy,12.999782789151666,80.21245803683996,Guindy,"Manthoppu 1st Street near Lucky Men's Hostel, Guindy, Guindy, chennai",MALE,Both,,,FOUR,8000,4000,True,True,True,True,True,True,True,False,False,True,False,True,True,False,Bike,18,True,True,False,False,True,True,11:00 PM,True,True,False
8a9f8b4391b18c380191b1948ef601d0,PG for Boys in Guindy,13.002030807874736,80.21008283335833,Guindy,"3rd St, Guindy Road Near Amarnath Caterers, Guindy, Guindy, chennai",MALE,Both,,,SINGLE,12000,50000,False,True,True,True,True,,,,,,,,,,Bike,0,False,False,False,False,False,False,,False,False,False
8a9f8b4391b18c380191b1948ef601d0,PG for Boys in Guindy,13.002030807874736,80.21008283335833,Guindy,"3rd St, Guindy Road Near Amarnath Caterers, Guindy, Guindy, chennai",MALE,Both,,,DOUBLE,8000,5000,False,True,True,True,True,,,,,,,,,,Bike,0,False,False,False,False,False,False,,False,False,False
8a9f8b4391b18c380191b1948ef601d0,PG for Boys in Guindy,13.002030807874736,80.21008283335833,Guindy,"3rd St, Guindy Road Near Amarnath Caterers, Guindy, Guindy, chennai",MALE,Both,,,THREE,8000,5000,False,True,True,True,True,,,,,,,,,,Bike,0,False,False,False,False,False,False,,False,False,False
8a9f8b4391b18c380191b1948ef601d0,PG for Boys in Guindy,13.002030807874736,80.21008283335833,Guindy,"3rd St, Guindy Road Near Amarnath Caterers, Guindy, Guindy, chennai",MALE,Both,,,FOUR,8000,5000,False,True,True,True,True,,,,,,,,,,Bike,0,False,False,False,False,False,False,,False,False,False
8a9fac8e9868caad019868db18cc0310,PG for Boys in Saidapet,13.021485,80.2178,Saidapet,"jones road near more supermarket , Saidapet, Saidapet, chennai",MALE,Student,7.7,6.1,DOUBLE,3500,7500,False,False,False,False,False,,,,,,,,,,Bike,0,False,False,False,False,False,False,,False,False,False
8a9f9e839479157801947939e6e90d61,PG for Boys in Guindy,13.003220974257042,80.20979776299993,Guindy,"1st St, Ramapuram, Narasinga Colony, Maduvinkarai  near   Sky MEN`S HOSTEL, Guindy, Guindy, chennai",MALE,Both,,,DOUBLE,11000,5000,False,True,True,True,True,,,,,,,,,,Bike,0,False,False,False,False,False,False,,False,False,False
8a9f9e839479157801947939e6e90d61,PG for Boys in Guindy,13.003220974257042,80.20979776299993,Guindy,"1st St, Ramapuram, Narasinga Colony, Maduvinkarai  near   Sky MEN`S HOSTEL, Guindy, Guindy, chennai",MALE,Both,,,FOUR,7500,2000,False,True,True,True,True,,,,,,,,,,Bike,0,False,False,False,False,False,False,,False,False,False
8aa9b2ce9f59895f019f59c02c151558,PG for Boys in Kodambakkam,13.03127,80.22027,Saidapet,"MR guest house, Kodambakkam Road,West Mambalam,Chennai 600033, Kodambakkam, Kodambakkam, chennai",MALE,Both,8.5,6.1,SINGLE,6000,5000,True,False,False,False,False,False,False,False,False,False,True,False,False,False,Bike,20,True,False,True,True,True,True,,False,False,False
8aa9b2ce9f59895f019f59c02c151558,PG for Boys in Kodambakkam,13.03127,80.22027,Saidapet,"MR guest house, Kodambakkam Road,West Mambalam,Chennai 600033, Kodambakkam, Kodambakkam, chennai",MALE,Both,8.5,6.1,DOUBLE,4000,5000,True,False,False,False,False,False,False,False,False,False,True,False,False,False,Bike,20,True,False,True,True,True,True,,False,False,False
8aa9b2ce9f59895f019f59c02c151558,PG for Boys in Kodambakkam,13.03127,80.22027,Saidapet,"MR guest house, Kodambakkam Road,West Mambalam,Chennai 600033, Kodambakkam, Kodambakkam, chennai",MALE,Both,8.5,6.1,THREE,4000,5000,True,False,False,False,False,False,False,False,False,False,True,False,False,False,Bike,20,True,False,True,True,True,True,,False,False,False
8aa9b2ce9f59895f019f59c02c151558,PG for Boys in Kodambakkam,13.03127,80.22027,Saidapet,"MR guest house, Kodambakkam Road,West Mambalam,Chennai 600033, Kodambakkam, Kodambakkam, chennai",MALE,Both,8.5,6.1,FOUR,4000,5000,True,False,False,False,False,False,False,False,False,False,True,False,False,False,Bike,20,True,False,True,True,True,True,,False,False,False
8aa9bc849df631ee019df6deb8b54f10,PG for Boys in Saidapet,13.019395,80.21956,Saidapet,"Alandur Rd, near Saidapet Five Lights , saidapet, saidapet, chennai",MALE,Working Professional,8.7,8.1,THREE,8500,8500,False,False,False,False,False,False,False,True,False,False,False,True,True,False,Bike,0,False,False,False,False,False,False,,False,False,False
8a9f86859a09e56f019a0a19e4290912,PG for Boys in Guindy,13.009246198446066,80.21306301565201,Guindy,"race view colonyIndiaMART InterMESH Ltd, Guindy, Guindy, chennai",MALE,Both,8.4,5.8,FOUR,7500,1000,True,True,True,True,True,,,,,,,,,,Bike,7,True,True,False,True,True,True,,False,False,False
8a9fb08497ba80090197bac0897e2166,PG for Boys in Guindy,13.003191494276763,80.20978868440326,Guindy,"Maduvinkarai  Sky MEN`S HOSTEL, Guindy, Guindy, chennai",MALE,Both,8.2,8.2,FOUR,7000,2000,False,True,True,True,True,,,,,,,,,,Bike,0,True,False,False,False,False,False,,False,False,False
8a9f8cc392f66aae0192f6dbf6a82be4,PG for Boys in  Ekkatuthangal,13.015528567866506,80.20303577957135,Guindy,"Poomagal Nagar, near Olympia Technology Park,  Ekkatuthangal,  Ekkatuthangal, chennai",MALE,Both,,,THREE,9500,5000,False,True,True,True,True,,,,,,,,,,Bike,0,False,False,False,False,False,False,,False,False,False
8aa9ad05a01d3aac01a01dcd22ad5c05,PG for Girls in ****** Mount Metro Parking,13.01453266110143,80.22430429999999,Saidapet,"****** ***** Metro, ****** Mount Metro Parking, ****** Mount Metro Parking, chennai",FEMALE,Both,8.1,8.9,DOUBLE,10000,10000,False,False,False,False,False,False,True,True,True,True,False,True,False,True,Car,0,True,True,False,False,True,True,,True,False,False
8a9f8ac76f74f395016f7559e0701660,PG for Girls in Saidapet,13.020928259669882,80.22519040294969,Saidapet,"Jeenis Rd Near Indian Oil, Saidapet, Saidapet, chennai",FEMALE,Both,,,SINGLE,10000,4000,False,True,True,True,True,,,,,,,,,,Bike,136,True,False,False,False,False,False,,False,False,False
8a9f8ac76f74f395016f7559e0701660,PG for Girls in Saidapet,13.020928259669882,80.22519040294969,Saidapet,"Jeenis Rd Near Indian Oil, Saidapet, Saidapet, chennai",FEMALE,Both,,,DOUBLE,7000,4000,True,True,True,True,True,,,,,,,,,,Bike,136,False,True,True,True,True,True,,False,False,False
8a9f8ac76f74f395016f7559e0701660,PG for Girls in Saidapet,13.020928259669882,80.22519040294969,Saidapet,"Jeenis Rd Near Indian Oil, Saidapet, Saidapet, chennai",FEMALE,Both,,,THREE,6000,3000,True,True,True,True,True,,,,,,,,,,Bike,136,False,True,True,True,True,True,,False,False,False
8a9f8ac76f74f395016f7559e0701660,PG for Girls in Saidapet,13.020928259669882,80.22519040294969,Saidapet,"Jeenis Rd Near Indian Oil, Saidapet, Saidapet, chennai",FEMALE,Both,,,FOUR,4500,3000,False,True,True,True,True,,,,,,,,,,Bike,136,False,False,False,False,False,False,,False,False,False
8aa9c0d79db41f65019db48d99cc322a,PG for Girls in  Saidapet,13.021124475349835,80.22394123946886,Saidapet,"saidapet  near  Saidapet Market,  Saidapet,  Saidapet, chennai",FEMALE,Both,8.2,6.0,DOUBLE,5300,3000,False,True,True,True,True,True,True,True,False,True,False,True,False,True,None,3,False,True,False,True,False,False,,True,False,False
8aa9c0d79db41f65019db48d99cc322a,PG for Girls in  Saidapet,13.021124475349835,80.22394123946886,Saidapet,"saidapet  near  Saidapet Market,  Saidapet,  Saidapet, chennai",FEMALE,Both,8.2,6.0,THREE,0,0,False,True,True,True,True,True,True,True,False,True,False,True,False,True,None,3,,,,,,,,True,False,False
8aa9c0d79db41f65019db48d99cc322a,PG for Girls in  Saidapet,13.021124475349835,80.22394123946886,Saidapet,"saidapet  near  Saidapet Market,  Saidapet,  Saidapet, chennai",FEMALE,Both,8.2,6.0,FOUR,8000,3000,True,True,True,True,True,True,True,True,False,True,False,True,False,True,None,3,True,True,False,True,False,True,,True,False,False
8a9fb182793253be017932713ff20b59,PG for Girls in Saidapet,13.021085146335674,80.22442049302573,Saidapet,"Jeenis Rd near Goutham Jewellers - Gold, Silver, Diamond, Polki, Antique & Lab-Grown Jewellery Expert for 40+ Years in Saidapet, Chennai, Saidapet, Saidapet, chennai",FEMALE,Both,,,THREE,5000,2000,False,True,True,True,True,,,,,,,,,,Bike,0,False,False,False,False,False,False,,False,False,False
8a9f8cc391adaf750191adc3ef820696,PG for Girls in Saidapet,13.024043807701222,80.22515310764172,Saidapet,"Jeenis Road,  near SBI bank, Saidapet, Saidapet, chennai",FEMALE,Both,8.4,8.1,SINGLE,8000,3000,False,True,True,True,True,True,True,False,False,False,False,True,True,False,Bike,19,True,True,False,False,False,True,10:00 PM,True,True,False
8a9f8cc391adaf750191adc3ef820696,PG for Girls in Saidapet,13.024043807701222,80.22515310764172,Saidapet,"Jeenis Road,  near SBI bank, Saidapet, Saidapet, chennai",FEMALE,Both,8.4,8.1,DOUBLE,7500,3000,True,True,True,True,True,True,True,False,False,False,False,True,True,False,Bike,19,True,True,False,False,False,True,10:00 PM,True,True,False
8a9f8cc391adaf750191adc3ef820696,PG for Girls in Saidapet,13.024043807701222,80.22515310764172,Saidapet,"Jeenis Road,  near SBI bank, Saidapet, Saidapet, chennai",FEMALE,Both,8.4,8.1,THREE,6500,3000,False,True,True,True,True,True,True,False,False,False,False,True,True,False,Bike,19,True,True,False,False,False,True,10:00 PM,True,True,False
8aa99d85991d685101991d9865de189c,PG for Girls in West Mambalam,13.030970965854381,80.22307677815645,Saidapet,"Govindan Rd Panneerselvam Nagar near Amrutha Child N Teen Clinic, West Mambalam, West Mambalam, chennai",FEMALE,Both,8.7,6.2,SINGLE,15000,15000,False,True,True,True,True,,,,,,,,,,Bike,0,False,False,False,False,False,False,,False,False,False
8aa99d85991d685101991d9865de189c,PG for Girls in West Mambalam,13.030970965854381,80.22307677815645,Saidapet,"Govindan Rd Panneerselvam Nagar near Amrutha Child N Teen Clinic, West Mambalam, West Mambalam, chennai",FEMALE,Both,8.7,6.2,DOUBLE,12000,12000,False,True,True,True,True,,,,,,,,,,Bike,0,False,False,False,False,False,False,,False,False,False
8aa99d85991d685101991d9865de189c,PG for Girls in West Mambalam,13.030970965854381,80.22307677815645,Saidapet,"Govindan Rd Panneerselvam Nagar near Amrutha Child N Teen Clinic, West Mambalam, West Mambalam, chennai",FEMALE,Both,8.7,6.2,THREE,10000,10000,False,True,True,True,True,,,,,,,,,,Bike,0,False,False,False,False,False,False,,False,False,False
8aa99d85991d685101991d9865de189c,PG for Girls in West Mambalam,13.030970965854381,80.22307677815645,Saidapet,"Govindan Rd Panneerselvam Nagar near Amrutha Child N Teen Clinic, West Mambalam, West Mambalam, chennai",FEMALE,Both,8.7,6.2,FOUR,8000,8000,False,True,True,True,True,,,,,,,,,,Bike,0,False,False,False,False,False,False,,False,False,False
8a9f8e8598ad73150198ad78fcb60159,PG for Girls in Saidapet,13.02616275240181,80.22389049190572,Saidapet," Sadayappan St in Sri Sai ladies hostel, Saidapet, Saidapet, chennai",FEMALE,Both,8.5,5.8,FOUR,6850,2000,True,True,True,True,True,,,,,,,,,,Bike,8,False,False,False,False,False,True,,False,False,False
8aa9b9319feee1ae019fef9ff8677c49,PG for Girls in  Alandur,12.997458787690173,80.2039340171735,Alandur,"behind Lalitha Thanga Maligai, M.K.N.Road, 19, S Raja St, ,  Alandur,  Alandur, chennai",FEMALE,Both,7.5,8.1,SINGLE,8500,3000,False,True,True,True,True,,,,,,,,,,Bike,0,False,False,False,False,False,False,,False,False,False
8aa9b9319feee1ae019fef9ff8677c49,PG for Girls in  Alandur,12.997458787690173,80.2039340171735,Alandur,"behind Lalitha Thanga Maligai, M.K.N.Road, 19, S Raja St, ,  Alandur,  Alandur, chennai",FEMALE,Both,7.5,8.1,DOUBLE,7500,3000,False,True,True,True,True,,,,,,,,,,Bike,0,False,False,False,False,False,False,,False,False,False
8aa9b9319feee1ae019fef9ff8677c49,PG for Girls in  Alandur,12.997458787690173,80.2039340171735,Alandur,"behind Lalitha Thanga Maligai, M.K.N.Road, 19, S Raja St, ,  Alandur,  Alandur, chennai",FEMALE,Both,7.5,8.1,THREE,7500,3000,False,True,True,True,True,,,,,,,,,,Bike,0,False,False,False,False,False,False,,False,False,False
8aa9b9319feee1ae019fef9ff8677c49,PG for Girls in  Alandur,12.997458787690173,80.2039340171735,Alandur,"behind Lalitha Thanga Maligai, M.K.N.Road, 19, S Raja St, ,  Alandur,  Alandur, chennai",FEMALE,Both,7.5,8.1,FOUR,6500,3000,False,True,True,True,True,,,,,,,,,,Bike,0,False,False,False,False,False,False,,False,False,False
8a9f82f3725f670e01725f9efc351636,PG for Girls in Ashok Nagar,13.019652747849689,80.21525192360414,Vinayagapuram,"Jafferkhanpettai, near Annai Veilankanni?s College of Arts and Science, Ashok Nagar, Ashok Nagar, chennai",FEMALE,Both,,,FOUR,8500,8500,False,True,True,True,True,,,,,,,,,,None,0,False,False,False,False,False,False,,False,False,False
8a9faf85999a8b9201999a8ec0f30009,PG for Girls in Saidapet,13.022364507266312,80.22616826804727,Saidapet,"Anna Salai,  NEAR Police Station, J-1 Saidapet, Saidapet, Saidapet, chennai",FEMALE,Both,6.8,6.1,DOUBLE,6000,2000,False,True,True,True,True,,,,,,,,,,Bike,0,False,False,False,False,False,False,,False,False,False
8a9faf85999a8b9201999a8ec0f30009,PG for Girls in Saidapet,13.022364507266312,80.22616826804727,Saidapet,"Anna Salai,  NEAR Police Station, J-1 Saidapet, Saidapet, Saidapet, chennai",FEMALE,Both,6.8,6.1,THREE,5500,2000,False,True,True,True,True,,,,,,,,,,Bike,0,False,False,False,False,False,False,,False,False,False
8a9faf85999a8b9201999a8ec0f30009,PG for Girls in Saidapet,13.022364507266312,80.22616826804727,Saidapet,"Anna Salai,  NEAR Police Station, J-1 Saidapet, Saidapet, Saidapet, chennai",FEMALE,Both,6.8,6.1,FOUR,5500,2000,False,True,True,True,True,,,,,,,,,,Bike,0,False,False,False,False,False,False,,False,False,False
8a9faa84962e6a8701962e8ba0180ecd,"PG for Girls in G25, Labour Colony Road",13.015813,80.206706,Guindy,"91/G-25, Labour Colony, second street, G25, Labour Colony Road, G25, Labour Colony Road, chennai",FEMALE,Both,8.0,5.7,SINGLE,0,0,False,False,False,False,False,False,True,False,False,True,False,True,False,True,Bike,6,,,,,,,,True,False,False
8a9faa84962e6a8701962e8ba0180ecd,"PG for Girls in G25, Labour Colony Road",13.015813,80.206706,Guindy,"91/G-25, Labour Colony, second street, G25, Labour Colony Road, G25, Labour Colony Road, chennai",FEMALE,Both,8.0,5.7,DOUBLE,10000,5000,False,False,False,False,False,False,True,False,False,True,False,True,False,True,Bike,6,False,False,False,False,False,False,,True,False,False
8a9faa84962e6a8701962e8ba0180ecd,"PG for Girls in G25, Labour Colony Road",13.015813,80.206706,Guindy,"91/G-25, Labour Colony, second street, G25, Labour Colony Road, G25, Labour Colony Road, chennai",FEMALE,Both,8.0,5.7,THREE,6500,5000,False,False,False,False,False,False,True,False,False,True,False,True,False,True,Bike,6,False,True,False,True,True,True,,True,False,False
8a9faa84962e6a8701962e8ba0180ecd,"PG for Girls in G25, Labour Colony Road",13.015813,80.206706,Guindy,"91/G-25, Labour Colony, second street, G25, Labour Colony Road, G25, Labour Colony Road, chennai",FEMALE,Both,8.0,5.7,FOUR,6500,5000,False,False,False,False,False,False,True,False,False,True,False,True,False,True,Bike,6,False,False,False,False,False,False,,True,False,False
ff80818168e646980168e657125b0ba7,PG for Girls in Saidapet,13.021783,80.223775,Saidapet,"Bazaar Road Periyapet near Meena Jewelery and  City Union Bank Limited ATM - Saidapet Market, Saidapet, Saidapet, chennai",FEMALE,Both,,,DOUBLE,4500,1000,True,True,True,True,True,False,True,False,False,False,True,False,True,False,Bike,142,False,True,False,True,True,True,,True,False,False
ff80818168e646980168e657125b0ba7,PG for Girls in Saidapet,13.021783,80.223775,Saidapet,"Bazaar Road Periyapet near Meena Jewelery and  City Union Bank Limited ATM - Saidapet Market, Saidapet, Saidapet, chennai",FEMALE,Both,,,THREE,4500,1000,True,True,True,True,True,False,True,False,False,False,True,False,True,False,Bike,142,False,True,False,True,True,True,,True,False,False
ff80818168e646980168e657125b0ba7,PG for Girls in Saidapet,13.021783,80.223775,Saidapet,"Bazaar Road Periyapet near Meena Jewelery and  City Union Bank Limited ATM - Saidapet Market, Saidapet, Saidapet, chennai",FEMALE,Both,,,FOUR,5500,1000,True,True,True,True,True,False,True,False,False,False,True,False,True,False,Bike,142,False,True,False,True,True,True,,True,False,False
8a9fad5480602c920180604260dc0c32,PG for Girls in Guindy,13.002648125739876,80.21096331376278,Guindy,"Chakrapani Street Extn., Near  Mithra Ladies Hostel , Guindy, Guindy, chennai",FEMALE,Both,,,SINGLE,7000,2000,False,True,True,True,True,,,,,,,,,,Bike,0,False,False,False,False,False,False,,False,False,False
8a9fad5480602c920180604260dc0c32,PG for Girls in Guindy,13.002648125739876,80.21096331376278,Guindy,"Chakrapani Street Extn., Near  Mithra Ladies Hostel , Guindy, Guindy, chennai",FEMALE,Both,,,DOUBLE,7500,3000,False,True,True,True,True,,,,,,,,,,Bike,0,False,False,False,False,False,False,,False,False,False
8a9fad5480602c920180604260dc0c32,PG for Girls in Guindy,13.002648125739876,80.21096331376278,Guindy,"Chakrapani Street Extn., Near  Mithra Ladies Hostel , Guindy, Guindy, chennai",FEMALE,Both,,,THREE,8000,3000,False,True,True,True,True,,,,,,,,,,Bike,0,False,False,False,False,False,False,,False,False,False
8a9fad5480602c920180604260dc0c32,PG for Girls in Guindy,13.002648125739876,80.21096331376278,Guindy,"Chakrapani Street Extn., Near  Mithra Ladies Hostel , Guindy, Guindy, chennai",FEMALE,Both,,,FOUR,7500,3000,False,True,True,True,True,,,,,,,,,,Bike,0,False,False,False,False,False,False,,False,False,False
ff8081816b13454a016b179d5be95414,PG for Girls in Guindy,13.014929565566645,80.20366979503704,Guindy,"Poomagal Main Road, SIDCO Industrial Estate Near Olympia Technology Park, Guindy, Guindy, chennai",FEMALE,Both,,,SINGLE,10000,10000,True,True,True,True,True,False,True,True,False,True,False,True,True,False,Bike,195,False,False,True,True,True,True,,False,False,False
ff8081816b13454a016b179d5be95414,PG for Girls in Guindy,13.014929565566645,80.20366979503704,Guindy,"Poomagal Main Road, SIDCO Industrial Estate Near Olympia Technology Park, Guindy, Guindy, chennai",FEMALE,Both,,,DOUBLE,8000,8000,True,True,True,True,True,False,True,True,False,True,False,True,True,False,Bike,195,False,False,True,True,True,True,,False,False,False
ff8081816b13454a016b179d5be95414,PG for Girls in Guindy,13.014929565566645,80.20366979503704,Guindy,"Poomagal Main Road, SIDCO Industrial Estate Near Olympia Technology Park, Guindy, Guindy, chennai",FEMALE,Both,,,THREE,6500,6500,True,True,True,True,True,False,True,True,False,True,False,True,True,False,Bike,195,False,False,True,True,True,True,,False,False,False
ff8081816b13454a016b179d5be95414,PG for Girls in Guindy,13.014929565566645,80.20366979503704,Guindy,"Poomagal Main Road, SIDCO Industrial Estate Near Olympia Technology Park, Guindy, Guindy, chennai",FEMALE,Both,,,FOUR,7500,5000,True,True,True,True,True,False,True,True,False,True,False,True,True,False,Bike,195,False,False,True,True,True,True,,False,False,False
8aa9bd629af79f14019af7f83ce02898,PG for Girls in Alandur,12.997337181633664,80.19992586349089,Alandur,"MKN Rd, nearby Lalitha Thanga Maaligai (LTM JEWELLERS), Alandur, Alandur, chennai",FEMALE,Both,8.4,8.0,THREE,6250,1000,False,True,True,True,True,,,,,,,,,,Bike,0,False,False,False,False,False,False,,False,False,False
8a9f83c3910e0a8d01910e45b9a71cdb,PG for Girls in Alandur,13.0034392,80.20309209999999,Alandur," Mela Ilandaikulam,Near Research Airvoice Studio, Alandur, Alandur, chennai",FEMALE,Both,8.4,6.0,FOUR,8000,15000,False,False,False,False,False,False,True,True,False,True,False,True,False,True,Bike,1,False,False,False,False,False,False,11:00 PM,True,True,False
8aa9adf29f1bbd1a019f1c4298c24128,PG for Girls in West Mambalam,13.0298299,80.2206547,Saidapet,"saibaba street west mambalam, West Mambalam, West Mambalam, chennai",FEMALE,Working Professional,8.4,8.3,THREE,4000,60000,False,False,False,False,False,False,False,True,False,False,False,False,False,True,Bike,0,False,True,False,False,False,True,11:00 PM,True,False,False
8a9f824392f6d8c80192f6dc0b070007,PG for Girls in  Ekkatuthangal,13.015603373582442,80.20301492779828,Guindy,"Poomagal Nagar, Ekkatuthangal,near Olympia Technology Park,  Ekkatuthangal,  Ekkatuthangal, chennai",FEMALE,Both,,,DOUBLE,10000,5000,False,True,True,True,True,,,,,,,,,,Bike,0,False,False,False,False,False,False,,False,False,False
8a9f824392f6d8c80192f6dc0b070007,PG for Girls in  Ekkatuthangal,13.015603373582442,80.20301492779828,Guindy,"Poomagal Nagar, Ekkatuthangal,near Olympia Technology Park,  Ekkatuthangal,  Ekkatuthangal, chennai",FEMALE,Both,,,THREE,11000,5000,False,True,True,True,True,,,,,,,,,,Bike,0,False,False,False,False,False,False,,False,False,False
8a9f824392f6d8c80192f6dc0b070007,PG for Girls in  Ekkatuthangal,13.015603373582442,80.20301492779828,Guindy,"Poomagal Nagar, Ekkatuthangal,near Olympia Technology Park,  Ekkatuthangal,  Ekkatuthangal, chennai",FEMALE,Both,,,FOUR,7000,5000,False,True,True,True,True,,,,,,,,,,Bike,0,False,False,False,False,False,False,,False,False,False
8a9fc1827f4df330017f4e0570ef05d1,PG for Girls in Alandur,13.006706390605467,80.20581978551692,Alandur,"St.Thomas Mount, near Le Royal MÃ©ridien Chennai , Alandur, Alandur, chennai",FEMALE,Both,,,DOUBLE,5800,5800,False,True,True,True,True,,,,,,,,,,None,9,False,False,False,False,False,False,,False,False,False
8a9fc1827f4df330017f4e0570ef05d1,PG for Girls in Alandur,13.006706390605467,80.20581978551692,Alandur,"St.Thomas Mount, near Le Royal MÃ©ridien Chennai , Alandur, Alandur, chennai",FEMALE,Both,,,THREE,6600,9000,True,True,True,True,True,,,,,,,,,,None,9,False,True,False,True,False,True,,False,False,False
8a9fc1827f4df330017f4e0570ef05d1,PG for Girls in Alandur,13.006706390605467,80.20581978551692,Alandur,"St.Thomas Mount, near Le Royal MÃ©ridien Chennai , Alandur, Alandur, chennai",FEMALE,Both,,,FOUR,6400,9000,True,True,True,True,True,,,,,,,,,,None,9,False,True,False,True,False,True,,False,False,False
8a9f834391109da5019110d2744e0416,PG for Girls in Alandur,13.004232629706339,80.20146341320644,Alandur,"sowri street near alandur metro station and rto office, alandur, alandur, chennai",FEMALE,Both,,,DOUBLE,0,0,False,False,False,False,False,False,False,True,False,False,False,True,False,True,Bike,3,False,False,False,False,False,False,,True,True,False
8a9f834391109da5019110d2744e0416,PG for Girls in Alandur,13.004232629706339,80.20146341320644,Alandur,"sowri street near alandur metro station and rto office, alandur, alandur, chennai",FEMALE,Both,,,THREE,0,0,False,False,False,False,False,False,False,True,False,False,False,True,False,True,Bike,3,False,False,False,False,False,False,,True,True,False
8aa9bfbb9b3f4a3f019b3f7913131036,PG for Girls in Guindy,13.00742482354091,80.20607375814987,Alandur,"Chennai -trichy hwy near   Sri Balaji Hospital, Guindy, Guindy, chennai",FEMALE,Both,8.3,6.2,DOUBLE,7500,2999,False,True,True,True,True,,,,,,,,,,Bike,0,False,False,False,False,False,False,,False,False,False
8aa9bfbb9b3f4a3f019b3f7913131036,PG for Girls in Guindy,13.00742482354091,80.20607375814987,Alandur,"Chennai -trichy hwy near   Sri Balaji Hospital, Guindy, Guindy, chennai",FEMALE,Both,8.3,6.2,THREE,6500,3000,False,True,True,True,True,,,,,,,,,,Bike,0,True,False,False,False,False,False,,False,False,False
8a9fa4828750e0440187510a585c1a03,PG for Girls in Guindy,13.013161040859934,80.20998301869972,Guindy,"Water Works Rd,Near  RR Tower , Guindy, Guindy, chennai",FEMALE,Both,8.0,5.7,THREE,6500,4000,True,True,True,True,True,False,False,True,False,False,False,True,True,False,Bike,7,True,True,True,True,True,True,,True,False,False
8a9fa4828750e0440187510a585c1a03,PG for Girls in Guindy,13.013161040859934,80.20998301869972,Guindy,"Water Works Rd,Near  RR Tower , Guindy, Guindy, chennai",FEMALE,Both,8.0,5.7,FOUR,7500,5000,False,True,True,True,True,False,False,True,False,False,False,True,True,False,Bike,7,False,False,False,False,False,False,,True,False,False
8aa9ba6e9fc164b6019fc22c712f2958,PG for Girls in Guindy,13.015749499478698,80.20761541519998,Guindy,"Labour Colony NEAR JK Ladies PG & Hostel - Guindy, Guindy, Guindy, chennai",FEMALE,Both,8.0,5.7,FOUR,5000,10000,False,False,False,False,False,,,,,,,,,,Bike,0,False,False,False,False,False,False,,False,False,False
8aa9bb6f9cdc6659019cdc83f2790c2a,PG for Girls in Saidapet ,13.02471183404915,80.22325134155395,Saidapet,"Karaneeswarar Koil St, Suriyammapet, Saidapet , Saidapet , chennai",FEMALE,Both,8.4,6.1,FOUR,5900,2000,True,True,True,True,True,False,True,False,False,False,False,False,False,False,Bike,7,True,True,True,True,True,True,,False,False,False
8a9f8e869776b9880197770b7c401328,PG for Girls in Guindy,13.013469115787974,80.2099743817998,Guindy,"SIDCO Industrial Estate  near Datamatics Global Services Limited, Guindy, Guindy, chennai",FEMALE,Both,7.9,6.1,DOUBLE,5800,7500,False,True,True,True,True,,,,,,,,,,Bike,0,False,False,False,False,False,False,,False,False,False
8aa9b9d3a01d3ad101a01d9e0dd137bd,PG for Anyone in Vadapalani,13.053056995650785,80.21381321906972,Vadapalani,"palani andavar koil st near Vadapalani Murugan Temple, Vadapalani, Vadapalani, chennai",BOTH,Both,6.7,6.3,SINGLE,10000,20000,False,False,False,False,False,,,,,,,,,,Bike,0,False,False,False,False,False,False,,False,False,False
8aa9b2849f5f8b7f019f60417f8a7887,PG for Anyone in Arumbakkam,13.0602669,80.21135199999999,Vadapalani,"100 ft road near Impex India Company, Arumbakkam, Arumbakkam, chennai",BOTH,Working Professional,7.6,6.2,FOUR,25000,200000,True,False,False,False,False,False,False,False,False,False,False,False,False,False,Bike and Car,1,False,True,False,False,False,True,,True,True,False
8aa9b3509d41f3b4019d425e48242bc3,PG for Anyone in  Arumbakkam,13.060913494102502,80.21144683067678,Vadapalani,"4th street thirunagar main road near Nahdi Mandi Restaurant,  Arumbakkam,  Arumbakkam, chennai",BOTH,Both,7.6,6.2,SINGLE,25500,25500,False,False,False,False,False,False,True,False,True,True,True,True,True,True,Bike and Car,4,True,True,True,True,True,True,,True,False,False
8aa9b3509d41f3b4019d425e48242bc3,PG for Anyone in  Arumbakkam,13.060913494102502,80.21144683067678,Vadapalani,"4th street thirunagar main road near Nahdi Mandi Restaurant,  Arumbakkam,  Arumbakkam, chennai",BOTH,Both,7.6,6.2,DOUBLE,15000,15000,True,False,False,False,False,False,True,False,True,True,True,True,True,True,Bike and Car,4,True,True,True,True,True,True,,True,False,False
8aa9b3509d41f3b4019d425e48242bc3,PG for Anyone in  Arumbakkam,13.060913494102502,80.21144683067678,Vadapalani,"4th street thirunagar main road near Nahdi Mandi Restaurant,  Arumbakkam,  Arumbakkam, chennai",BOTH,Both,7.6,6.2,THREE,15500,15500,True,False,False,False,False,False,True,False,True,True,True,True,True,True,Bike and Car,4,True,True,True,True,True,True,,True,False,False
8aa9b3509d41f3b4019d425e48242bc3,PG for Anyone in  Arumbakkam,13.060913494102502,80.21144683067678,Vadapalani,"4th street thirunagar main road near Nahdi Mandi Restaurant,  Arumbakkam,  Arumbakkam, chennai",BOTH,Both,7.6,6.2,FOUR,9500,9500,False,False,False,False,False,False,True,False,True,True,True,True,True,True,Bike and Car,4,True,True,True,True,True,True,,True,False,False
8aa992be9f930b10019f9338d7cd1fc4,PG for Anyone in Vadapalani,13.04954180742231,80.20861889349736,Vadapalani,"near Vijaya Hospital, Vadapalani, Vadapalani, chennai",BOTH,Working Professional,7.4,6.2,SINGLE,25000,50000,True,True,True,True,True,,,,,,,,,,Bike,1,False,True,False,True,True,True,,False,False,False
8a9f8d879724c856019724f19bc6130a,PG for Boys in Vadapalani,13.049890352630591,80.20950319512185,Vadapalani,"Great Southern Trunk Rd Arcot Rd, Vadapalani Chennai, near Nexus Vijaya Mall, Vadapalani, Vadapalani, chennai",MALE,Both,8.4,6.3,DOUBLE,7500,2000,False,True,True,True,True,,,,,,,,,,Bike,0,False,False,False,False,False,False,,False,False,False
8a9f8d879724c856019724f19bc6130a,PG for Boys in Vadapalani,13.049890352630591,80.20950319512185,Vadapalani,"Great Southern Trunk Rd Arcot Rd, Vadapalani Chennai, near Nexus Vijaya Mall, Vadapalani, Vadapalani, chennai",MALE,Both,8.4,6.3,THREE,7500,3000,False,True,True,True,True,,,,,,,,,,Bike,0,False,False,False,False,False,False,,False,False,False
8a9f8d879724c856019724f19bc6130a,PG for Boys in Vadapalani,13.049890352630591,80.20950319512185,Vadapalani,"Great Southern Trunk Rd Arcot Rd, Vadapalani Chennai, near Nexus Vijaya Mall, Vadapalani, Vadapalani, chennai",MALE,Both,8.4,6.3,FOUR,7000,2000,False,True,True,True,True,,,,,,,,,,Bike,0,True,False,False,False,False,False,,False,False,False
8a9f9082793ab26301793ac072d7033b,PG for Boys in Vadapalani,13.050806958176802,80.21187488282072,Vadapalani,"Jawaharlal Nehru Rd,  Near Vadapalani Metro Station, Vadapalani, Vadapalani, chennai",MALE,Both,,,,,,,False,False,False,False,True,True,True,True,True,False,True,True,True,Bike and Car,31,,,,,,,,False,False,False
8aa9a1359ceb9610019cec4f16145825,PG for Boys in Kodambakkam ,13.051235065694868,80.21920188991274,Arcot Road-Kodambakkam,"Dr.Subbaraya Nagar near R2 Kodambakkam Police station, Kodambakkam , Kodambakkam , chennai",MALE,Both,7.9,6.1,FOUR,3500,1,True,False,False,False,False,,,,,,,,,,Bike,12,True,True,True,True,True,True,,False,False,False
8aa998389e53c0b3019e53f8958f1dd6,PG for Boys in Vadapalani,13.058326659490264,80.20806502481767,Vadapalani,"Gandhi Nagar near to Vadapalani Gandhinagar charitable trust, Vadapalani, Vadapalani, chennai",MALE,Working Professional,7.7,6.0,FOUR,9500,3000,False,True,True,True,True,,,,,,,,,,Bike,0,True,False,False,False,False,False,,False,False,False
8a9f930390b987ec0190b9e0ef4813b0,PG for Boys in Mannar 2nd Street,13.049857731149837,80.21008457861558,Vadapalani,"Arcot rd near QSpiders Vadapalani , Mannar 2nd Street, Mannar 2nd Street, chennai",MALE,Both,8.4,8.0,SINGLE,11000,5000,False,False,False,False,False,False,True,True,False,True,False,True,True,True,Bike,0,False,False,False,False,False,False,,True,False,False
8a9f930390b987ec0190b9e0ef4813b0,PG for Boys in Mannar 2nd Street,13.049857731149837,80.21008457861558,Vadapalani,"Arcot rd near QSpiders Vadapalani , Mannar 2nd Street, Mannar 2nd Street, chennai",MALE,Both,8.4,8.0,DOUBLE,5500,5000,False,False,False,False,False,False,True,True,False,True,False,True,True,True,Bike,0,False,False,False,False,False,False,,True,False,False
8a9f930390b987ec0190b9e0ef4813b0,PG for Boys in Mannar 2nd Street,13.049857731149837,80.21008457861558,Vadapalani,"Arcot rd near QSpiders Vadapalani , Mannar 2nd Street, Mannar 2nd Street, chennai",MALE,Both,8.4,8.0,THREE,4500,5000,False,False,False,False,False,False,True,True,False,True,False,True,True,True,Bike,0,False,False,False,False,False,False,,True,False,False
8a9f930390b987ec0190b9e0ef4813b0,PG for Boys in Mannar 2nd Street,13.049857731149837,80.21008457861558,Vadapalani,"Arcot rd near QSpiders Vadapalani , Mannar 2nd Street, Mannar 2nd Street, chennai",MALE,Both,8.4,8.0,FOUR,3900,5000,False,False,False,False,False,False,True,True,False,True,False,True,True,True,Bike,0,,,,,,,,True,False,False
ff8081816e1b6593016e1c0352e57320,"PG for Boys in Ngo Colony,",13.0563713,80.2105191,Vadapalani," near Hotel Ambica Empire, 79, Jawaharlal Nehru Salai, Thiru Nagar Colony, NGO Colony, Vadapalani,, NGO Colony,, NGO Colony,, chennai",MALE,Both,5.9,6.3,DOUBLE,4000,3000,False,True,True,True,True,True,True,True,False,False,False,True,True,False,None,1,False,False,False,False,False,False,,True,True,False
ff8081816e1b6593016e1c0352e57320,"PG for Boys in Ngo Colony,",13.0563713,80.2105191,Vadapalani," near Hotel Ambica Empire, 79, Jawaharlal Nehru Salai, Thiru Nagar Colony, NGO Colony, Vadapalani,, NGO Colony,, NGO Colony,, chennai",MALE,Both,5.9,6.3,FOUR,4000,3000,False,True,True,True,True,True,True,True,False,False,False,True,True,False,None,1,False,False,False,False,False,False,,True,True,False
ff8081816eea819b016eeaad2bd93790,PG for Boys in Ashok Nagar,13.043958973092312,80.21732894870681,Kodambakkam,"26V8+HWP 2nd Cross St, Raghavan Colony near  R3 Ashok Nagar Police Station , Ashok Nagar, Ashok Nagar, chennai",MALE,Both,,,DOUBLE,7500,2000,False,True,True,True,True,False,False,True,False,False,False,True,True,False,Bike,26,False,False,False,False,False,False,,False,False,False
ff8081816eea819b016eeaad2bd93790,PG for Boys in Ashok Nagar,13.043958973092312,80.21732894870681,Kodambakkam,"26V8+HWP 2nd Cross St, Raghavan Colony near  R3 Ashok Nagar Police Station , Ashok Nagar, Ashok Nagar, chennai",MALE,Both,,,THREE,7500,2000,True,True,True,True,True,False,False,True,False,False,False,True,True,False,Bike,26,False,True,True,True,True,True,,False,False,False
8a9f92838b3cb3bb018b3d11f2e435c7,PG for Boys in Vadapalani,13.052854342238417,80.2134899089231,Vadapalani,"Palani Andavar Koil St near Arulmigu Vadapalani Murugan Temple, Vadapalani, Vadapalani, chennai",MALE,Both,,,DOUBLE,7500,1,False,True,True,True,True,,,,,,,,,,Bike,0,False,False,False,False,False,False,,False,False,False
8a9f92838b3cb3bb018b3d11f2e435c7,PG for Boys in Vadapalani,13.052854342238417,80.2134899089231,Vadapalani,"Palani Andavar Koil St near Arulmigu Vadapalani Murugan Temple, Vadapalani, Vadapalani, chennai",MALE,Both,,,THREE,8000,500,False,True,True,True,True,,,,,,,,,,Bike,0,True,False,False,False,False,False,,False,False,False
8a9f92838b3cb3bb018b3d11f2e435c7,PG for Boys in Vadapalani,13.052854342238417,80.2134899089231,Vadapalani,"Palani Andavar Koil St near Arulmigu Vadapalani Murugan Temple, Vadapalani, Vadapalani, chennai",MALE,Both,,,FOUR,6800,1,False,True,True,True,True,,,,,,,,,,Bike,0,False,False,False,False,False,False,,False,False,False
8a9f80e770c5ae5c0170c7621caa1697,PG for Boys in Vadapalani,13.051750766984338,80.21177373755077,Vadapalani,"Amman Koil St Near SIMS Hospitals, Vadapalani, Vadapalani, chennai",MALE,Student,,,DOUBLE,5500,1000,True,False,False,False,False,True,True,True,True,False,True,True,True,True,Bike,129,True,True,True,True,True,True,11:00 PM,False,False,False
8a9f96438ec66483018ec6bb481f2d4d,PG for Boys in Vadapalani,13.053835,80.207557,Vadapalani,"Thangal karai, near Sengunthar Mudaliar Mahal, Vadapalani, Vadapalani, chennai",MALE,Both,8.0,9.1,SINGLE,0,0,False,False,False,False,False,True,True,True,False,True,True,True,False,False,Bike,14,,,,,,,11:00 PM,True,False,False
8a9f96438ec66483018ec6bb481f2d4d,PG for Boys in Vadapalani,13.053835,80.207557,Vadapalani,"Thangal karai, near Sengunthar Mudaliar Mahal, Vadapalani, Vadapalani, chennai",MALE,Both,8.0,9.1,DOUBLE,6000,10000,False,False,False,False,False,True,True,True,False,True,True,True,False,False,Bike,14,False,False,False,False,False,False,11:00 PM,True,False,False
8a9f96438ec66483018ec6bb481f2d4d,PG for Boys in Vadapalani,13.053835,80.207557,Vadapalani,"Thangal karai, near Sengunthar Mudaliar Mahal, Vadapalani, Vadapalani, chennai",MALE,Both,8.0,9.1,THREE,5000,10000,False,False,False,False,False,True,True,True,False,True,True,True,False,False,Bike,14,False,False,False,False,False,False,11:00 PM,True,False,False
8a9f96438ec66483018ec6bb481f2d4d,PG for Boys in Vadapalani,13.053835,80.207557,Vadapalani,"Thangal karai, near Sengunthar Mudaliar Mahal, Vadapalani, Vadapalani, chennai",MALE,Both,8.0,9.1,FOUR,5000,10000,False,False,False,False,False,True,True,True,False,True,True,True,False,False,Bike,14,False,False,False,False,False,False,11:00 PM,True,False,False
ff80818169436598016943e66d3a4a46,PG for Boys in Vadapalani,13.05170541962053,80.21128841964338,Vadapalani," Jawaharlal Nehru Road, Near SIMS Hospital, Vadapalani, Vadapalani, chennai",MALE,Both,5.2,6.2,SINGLE,10000,2000,True,False,False,False,False,False,True,True,False,False,False,True,True,False,Bike and Car,336,True,True,True,True,True,True,,True,False,False
ff80818169436598016943e66d3a4a46,PG for Boys in Vadapalani,13.05170541962053,80.21128841964338,Vadapalani," Jawaharlal Nehru Road, Near SIMS Hospital, Vadapalani, Vadapalani, chennai",MALE,Both,5.2,6.2,DOUBLE,4500,2000,True,False,False,False,False,False,True,True,False,False,False,True,True,False,Bike and Car,336,False,True,True,True,True,True,,True,False,False
ff80818169436598016943e66d3a4a46,PG for Boys in Vadapalani,13.05170541962053,80.21128841964338,Vadapalani," Jawaharlal Nehru Road, Near SIMS Hospital, Vadapalani, Vadapalani, chennai",MALE,Both,5.2,6.2,THREE,4000,2000,True,False,False,False,False,False,True,True,False,False,False,True,True,False,Bike and Car,336,False,True,True,True,True,True,,True,False,False
ff80818169436598016943e66d3a4a46,PG for Boys in Vadapalani,13.05170541962053,80.21128841964338,Vadapalani," Jawaharlal Nehru Road, Near SIMS Hospital, Vadapalani, Vadapalani, chennai",MALE,Both,5.2,6.2,FOUR,2500,2500,True,False,False,False,False,False,True,True,False,False,False,True,True,False,Bike and Car,336,False,True,True,True,True,True,,True,False,False
ff8081816c3338f8016c33b343f05aec,PG for Boys in Vadapalani,13.055550993030646,80.21122417332221,Vadapalani,"79, 100 Feet Rd near Hotel Ambica Empire, Vadapalani, Vadapalani, chennai",MALE,Both,,,SINGLE,4500,4000,False,False,False,False,False,False,True,True,False,False,True,False,False,False,None,146,False,False,False,False,False,False,,False,False,False
ff8081816c3338f8016c33b343f05aec,PG for Boys in Vadapalani,13.055550993030646,80.21122417332221,Vadapalani,"79, 100 Feet Rd near Hotel Ambica Empire, Vadapalani, Vadapalani, chennai",MALE,Both,,,DOUBLE,3500,3500,False,False,False,False,False,False,True,True,False,False,True,False,False,False,None,146,False,False,False,False,False,False,,False,False,False
ff8081816c3338f8016c33b343f05aec,PG for Boys in Vadapalani,13.055550993030646,80.21122417332221,Vadapalani,"79, 100 Feet Rd near Hotel Ambica Empire, Vadapalani, Vadapalani, chennai",MALE,Both,,,FOUR,3500,3500,True,False,False,False,False,False,True,True,False,False,True,False,False,False,None,146,False,True,True,False,True,True,,False,False,False
8aa9ae2ca00ea37701a00f9c73bd4368,PG for Boys in Choolaimedu,13.05823896871306,80.2127284214264,Vadapalani,"Periyar pathai near to medplus , Choolaimedu, Choolaimedu, chennai",MALE,Both,7.9,6.3,THREE,8000,8000,False,False,False,False,False,,,,,,,,,,Bike,0,False,False,False,False,False,False,,False,False,False
8aa9ae2ca00ea37701a00f9c73bd4368,PG for Boys in Choolaimedu,13.05823896871306,80.2127284214264,Vadapalani,"Periyar pathai near to medplus , Choolaimedu, Choolaimedu, chennai",MALE,Both,7.9,6.3,FOUR,0,0,False,False,False,False,False,,,,,,,,,,Bike,0,False,False,False,False,False,False,,False,False,False
8a9ff68385b96b4a0185b98767350f33,PG for Boys in Kodambakkam,13.04960035304457,80.22703112678198,Kodambakkam,"Shakthi Nagar, near  RAGHAVENDRA MANDAPAM , Kodambakkam, Kodambakkam, chennai",MALE,Both,,,DOUBLE,6500,1000,False,True,True,True,True,,,,,,,,,,Bike,0,False,False,False,False,False,False,,False,False,False
8a9ff68385b96b4a0185b98767350f33,PG for Boys in Kodambakkam,13.04960035304457,80.22703112678198,Kodambakkam,"Shakthi Nagar, near  RAGHAVENDRA MANDAPAM , Kodambakkam, Kodambakkam, chennai",MALE,Both,,,THREE,7500,7498,False,True,True,True,True,,,,,,,,,,Bike,0,False,False,False,False,False,False,,False,False,False
8a9ff68385b96b4a0185b98767350f33,PG for Boys in Kodambakkam,13.04960035304457,80.22703112678198,Kodambakkam,"Shakthi Nagar, near  RAGHAVENDRA MANDAPAM , Kodambakkam, Kodambakkam, chennai",MALE,Both,,,FOUR,7000,7000,False,True,True,True,True,,,,,,,,,,Bike,0,False,False,False,False,False,False,,False,False,False
8a9f8f8399dc62040199dcaf63881d62,PG for Boys in Vadapalani,13.052719899740513,80.21383298731904,Vadapalani,"palani Andavar Koil St near Arulmigu Vadapalani Murugan Temple, Vadapalani, Vadapalani, chennai",MALE,Both,5.6,6.3,DOUBLE,13000,13000,False,False,False,False,False,,,,,,,,,,Bike,0,False,False,False,False,False,False,,False,False,False
8a9f8f8399dc62040199dcaf63881d62,PG for Boys in Vadapalani,13.052719899740513,80.21383298731904,Vadapalani,"palani Andavar Koil St near Arulmigu Vadapalani Murugan Temple, Vadapalani, Vadapalani, chennai",MALE,Both,5.6,6.3,THREE,11000,11000,False,False,False,False,False,,,,,,,,,,Bike,0,False,False,False,False,False,False,,False,False,False
8aa9988b9eee3fad019eef1ee9216cc6,PG for Boys in Vadapalani,13.051589061825965,80.21049700465728,Vadapalani,"100 Feet Road, Near SRM University Vadapalani City Campus, Vadapalani, Vadapalani, chennai",MALE,Both,,,SINGLE,6500,6500,False,False,False,False,False,,,,,,,,,,Bike,0,False,False,False,False,False,False,,False,False,False
8aa9988b9eee3fad019eef1ee9216cc6,PG for Boys in Vadapalani,13.051589061825965,80.21049700465728,Vadapalani,"100 Feet Road, Near SRM University Vadapalani City Campus, Vadapalani, Vadapalani, chennai",MALE,Both,,,DOUBLE,5000,5000,False,False,False,False,False,,,,,,,,,,Bike,0,True,False,False,False,False,False,,False,False,False
8aa9988b9eee3fad019eef1ee9216cc6,PG for Boys in Vadapalani,13.051589061825965,80.21049700465728,Vadapalani,"100 Feet Road, Near SRM University Vadapalani City Campus, Vadapalani, Vadapalani, chennai",MALE,Both,,,THREE,4000,4000,False,False,False,False,False,,,,,,,,,,Bike,0,False,False,False,False,False,False,,False,False,False
8aa9988b9eee3fad019eef1ee9216cc6,PG for Boys in Vadapalani,13.051589061825965,80.21049700465728,Vadapalani,"100 Feet Road, Near SRM University Vadapalani City Campus, Vadapalani, Vadapalani, chennai",MALE,Both,,,FOUR,4000,4000,False,False,False,False,False,,,,,,,,,,Bike,0,False,False,False,False,False,False,,False,False,False
8a9fad047ffdb184017ffdff31c62f14,PG for Boys in Vadapalani,13.052126547213796,80.2125105767212,Vadapalani,"100 Feet Rd, Padmanabha Nagar, near Vadapalani Metro Station, Vadapalani, Vadapalani, chennai",MALE,Both,,,SINGLE,6000,6000,False,False,False,False,False,,,,,,,,,,Bike,0,False,False,False,False,False,False,,False,False,False
8a9fad047ffdb184017ffdff31c62f14,PG for Boys in Vadapalani,13.052126547213796,80.2125105767212,Vadapalani,"100 Feet Rd, Padmanabha Nagar, near Vadapalani Metro Station, Vadapalani, Vadapalani, chennai",MALE,Both,,,DOUBLE,3800,3800,False,False,False,False,False,,,,,,,,,,Bike,0,False,False,False,False,False,False,,False,False,False
8a9fad047ffdb184017ffdff31c62f14,PG for Boys in Vadapalani,13.052126547213796,80.2125105767212,Vadapalani,"100 Feet Rd, Padmanabha Nagar, near Vadapalani Metro Station, Vadapalani, Vadapalani, chennai",MALE,Both,,,THREE,3000,3000,False,False,False,False,False,,,,,,,,,,Bike,0,False,False,False,False,False,False,,False,False,False
8a9fad047ffdb184017ffdff31c62f14,PG for Boys in Vadapalani,13.052126547213796,80.2125105767212,Vadapalani,"100 Feet Rd, Padmanabha Nagar, near Vadapalani Metro Station, Vadapalani, Vadapalani, chennai",MALE,Both,,,FOUR,5000,5000,False,False,False,False,False,,,,,,,,,,Bike,0,True,False,False,False,False,False,,False,False,False
8a9f998390701de5019070a04d06021c,PG for Boys in Vadapalani,13.051712158888671,80.2118117504174,Vadapalani,"Jawaharlal Nehru Road near SIMS Hospitals - Multi Speciality Hospital in chennai, Vadapalani, Vadapalani, chennai",MALE,Both,8.3,6.2,DOUBLE,6500,5000,True,True,True,True,True,False,False,False,False,False,False,False,False,False,Bike,14,True,True,False,True,True,True,10:00 PM,True,True,False
8a9f998390701de5019070a04d06021c,PG for Boys in Vadapalani,13.051712158888671,80.2118117504174,Vadapalani,"Jawaharlal Nehru Road near SIMS Hospitals - Multi Speciality Hospital in chennai, Vadapalani, Vadapalani, chennai",MALE,Both,8.3,6.2,THREE,8500,3000,True,True,True,True,True,False,False,False,False,False,False,False,False,False,Bike,14,True,True,False,True,True,True,10:00 PM,True,True,False
8a9f998390701de5019070a04d06021c,PG for Boys in Vadapalani,13.051712158888671,80.2118117504174,Vadapalani,"Jawaharlal Nehru Road near SIMS Hospitals - Multi Speciality Hospital in chennai, Vadapalani, Vadapalani, chennai",MALE,Both,8.3,6.2,FOUR,7700,5000,True,True,True,True,True,False,False,False,False,False,False,False,False,False,Bike,14,True,True,False,True,True,True,10:00 PM,True,True,False
8a9f938499d2f4bc0199d303c428050a,PG for Boys in Vadapalani,13.053437621977537,80.21659440903481,Vadapalani,"Gangai Amman Colony, Vadapalani, Vadapalani, chennai",MALE,Both,7.6,6.3,FOUR,4500,2000,False,False,False,False,False,,,,,,,,,,Bike,0,False,False,False,False,False,False,,False,False,False
8a9f83827987f1730179882c22251360,PG for Boys in Vadapalani,13.056157043024198,80.21598306650526,Vadapalani,"Gangaiamman Koil St near VV International School Of Swimming , Vadapalani, Vadapalani, chennai",MALE,Student,,,SINGLE,1500,2000,True,False,False,False,False,,,,,,,,,,Bike,7,True,True,True,True,True,True,,False,False,False
8a9f83827987f1730179882c22251360,PG for Boys in Vadapalani,13.056157043024198,80.21598306650526,Vadapalani,"Gangaiamman Koil St near VV International School Of Swimming , Vadapalani, Vadapalani, chennai",MALE,Student,,,DOUBLE,11500,2000,True,False,False,False,False,,,,,,,,,,Bike,7,True,True,True,True,True,True,,False,False,False
8a9f83827987f1730179882c22251360,PG for Boys in Vadapalani,13.056157043024198,80.21598306650526,Vadapalani,"Gangaiamman Koil St near VV International School Of Swimming , Vadapalani, Vadapalani, chennai",MALE,Student,,,FOUR,7000,5000,False,False,False,False,False,,,,,,,,,,Bike,7,False,False,False,False,False,False,,False,False,False
8a9ff6838a3b3518018a3b9a684b579a,PG for Boys in  Ashok Nagar,13.0355384,80.211135,Ashok Nagar,"Zaffarkhanpet, near  Ashok Nagar Metro,  Ashok Nagar,  Ashok Nagar, chennai",MALE,Both,8.3,6.3,SINGLE,6300,7300,False,True,True,True,True,True,True,True,False,False,True,True,True,False,Bike,0,False,False,False,False,False,False,11:30 PM,True,False,False
8a9ff6838a3b3518018a3b9a684b579a,PG for Boys in  Ashok Nagar,13.0355384,80.211135,Ashok Nagar,"Zaffarkhanpet, near  Ashok Nagar Metro,  Ashok Nagar,  Ashok Nagar, chennai",MALE,Both,8.3,6.3,DOUBLE,7000,8000,False,True,True,True,True,True,True,True,False,False,True,True,True,False,Bike,0,,,,,,,11:30 PM,True,False,False
8a9ff6838a3b3518018a3b9a684b579a,PG for Boys in  Ashok Nagar,13.0355384,80.211135,Ashok Nagar,"Zaffarkhanpet, near  Ashok Nagar Metro,  Ashok Nagar,  Ashok Nagar, chennai",MALE,Both,8.3,6.3,THREE,6750,7750,False,True,True,True,True,True,True,True,False,False,True,True,True,False,Bike,0,,,,,,,11:30 PM,True,False,False
8a9ff6838a3b3518018a3b9a684b579a,PG for Boys in  Ashok Nagar,13.0355384,80.211135,Ashok Nagar,"Zaffarkhanpet, near  Ashok Nagar Metro,  Ashok Nagar,  Ashok Nagar, chennai",MALE,Both,8.3,6.3,FOUR,6400,7400,False,True,True,True,True,True,True,True,False,False,True,True,True,False,Bike,0,False,False,False,False,False,False,11:30 PM,True,False,False
8aa997949fd5fec4019fd6f5dd9b3ab2,PG for Boys in Arumbakkam,13.060181895375854,80.21140568393811,Vadapalani,"thiru nagar near MoWa Burgers, Arumbakkam, Arumbakkam, chennai",MALE,Both,7.6,6.2,DOUBLE,18000,1,True,False,False,False,False,,,,,,,,,,Bike,2,False,True,False,True,True,True,,False,False,False
8aa997949fd5fec4019fd6f5dd9b3ab2,PG for Boys in Arumbakkam,13.060181895375854,80.21140568393811,Vadapalani,"thiru nagar near MoWa Burgers, Arumbakkam, Arumbakkam, chennai",MALE,Both,7.6,6.2,THREE,5000,1,True,False,False,False,False,,,,,,,,,,Bike,2,False,True,False,True,True,True,,False,False,False
8aa9a8de9f474c1c019f479c367d2398,"PG for Girls in 97, S Sivan Kovil St, Ottagapalayam, Sector 15, Vadapalani, Chennai, Tamil Nadu 600026, India",13.046896043725637,80.21027974784374,Vadapalani,"SOUTH SIVAN KOIL STREET, 97, S Sivan Kovil St, Ottagapalayam, Sector 15, Vadapalani, Chennai, Tamil Nadu 600026, India, 97, S Sivan Kovil St, Ottagapalayam, Sector 15, Vadapalani, Chennai, Tamil Nadu 600026, India, chennai",FEMALE,Both,8.6,9.2,DOUBLE,12500,12500,False,True,True,True,True,True,True,True,False,True,True,False,False,False,Bike,9,True,True,True,True,True,True,11:00 PM,False,False,False
8aa9a8de9f474c1c019f479c367d2398,"PG for Girls in 97, S Sivan Kovil St, Ottagapalayam, Sector 15, Vadapalani, Chennai, Tamil Nadu 600026, India",13.046896043725637,80.21027974784374,Vadapalani,"SOUTH SIVAN KOIL STREET, 97, S Sivan Kovil St, Ottagapalayam, Sector 15, Vadapalani, Chennai, Tamil Nadu 600026, India, 97, S Sivan Kovil St, Ottagapalayam, Sector 15, Vadapalani, Chennai, Tamil Nadu 600026, India, chennai",FEMALE,Both,8.6,9.2,THREE,9500,10000,False,True,True,True,True,True,True,True,False,True,True,False,False,False,Bike,9,True,True,True,True,True,True,11:00 PM,False,False,False
8aa9a8de9f474c1c019f479c367d2398,"PG for Girls in 97, S Sivan Kovil St, Ottagapalayam, Sector 15, Vadapalani, Chennai, Tamil Nadu 600026, India",13.046896043725637,80.21027974784374,Vadapalani,"SOUTH SIVAN KOIL STREET, 97, S Sivan Kovil St, Ottagapalayam, Sector 15, Vadapalani, Chennai, Tamil Nadu 600026, India, 97, S Sivan Kovil St, Ottagapalayam, Sector 15, Vadapalani, Chennai, Tamil Nadu 600026, India, chennai",FEMALE,Both,8.6,9.2,FOUR,7500,10000,False,True,True,True,True,True,True,True,False,True,True,False,False,False,Bike,9,True,True,True,True,True,True,11:00 PM,False,False,False
8aa9b9d3a01d3ad101a01d9e0dd137bd,PG for Anyone in Vadapalani,13.053056995650785,80.21381321906972,Vadapalani,"palani andavar koil st near Vadapalani Murugan Temple, Vadapalani, Vadapalani, chennai",BOTH,Both,6.7,6.3,SINGLE,10000,20000,False,False,False,False,False,,,,,,,,,,Bike,0,False,False,False,False,False,False,,False,False,False
8aa9b2849f5f8b7f019f60417f8a7887,PG for Anyone in Arumbakkam,13.0602669,80.21135199999999,Vadapalani,"100 ft road near Impex India Company, Arumbakkam, Arumbakkam, chennai",BOTH,Working Professional,7.6,6.2,FOUR,25000,200000,True,False,False,False,False,False,False,False,False,False,False,False,False,False,Bike and Car,1,False,True,False,False,False,True,,True,True,False
8aa9b3509d41f3b4019d425e48242bc3,PG for Anyone in  Arumbakkam,13.060913494102502,80.21144683067678,Vadapalani,"4th street thirunagar main road near Nahdi Mandi Restaurant,  Arumbakkam,  Arumbakkam, chennai",BOTH,Both,7.6,6.2,SINGLE,25500,25500,False,False,False,False,False,False,True,False,True,True,True,True,True,True,Bike and Car,4,True,True,True,True,True,True,,True,False,False
8aa9b3509d41f3b4019d425e48242bc3,PG for Anyone in  Arumbakkam,13.060913494102502,80.21144683067678,Vadapalani,"4th street thirunagar main road near Nahdi Mandi Restaurant,  Arumbakkam,  Arumbakkam, chennai",BOTH,Both,7.6,6.2,DOUBLE,15000,15000,True,False,False,False,False,False,True,False,True,True,True,True,True,True,Bike and Car,4,True,True,True,True,True,True,,True,False,False
8aa9b3509d41f3b4019d425e48242bc3,PG for Anyone in  Arumbakkam,13.060913494102502,80.21144683067678,Vadapalani,"4th street thirunagar main road near Nahdi Mandi Restaurant,  Arumbakkam,  Arumbakkam, chennai",BOTH,Both,7.6,6.2,THREE,15500,15500,True,False,False,False,False,False,True,False,True,True,True,True,True,True,Bike and Car,4,True,True,True,True,True,True,,True,False,False
8aa9b3509d41f3b4019d425e48242bc3,PG for Anyone in  Arumbakkam,13.060913494102502,80.21144683067678,Vadapalani,"4th street thirunagar main road near Nahdi Mandi Restaurant,  Arumbakkam,  Arumbakkam, chennai",BOTH,Both,7.6,6.2,FOUR,9500,9500,False,False,False,False,False,False,True,False,True,True,True,True,True,True,Bike and Car,4,True,True,True,True,True,True,,True,False,False
8aa992be9f930b10019f9338d7cd1fc4,PG for Anyone in Vadapalani,13.04954180742231,80.20861889349736,Vadapalani,"near Vijaya Hospital, Vadapalani, Vadapalani, chennai",BOTH,Working Professional,7.4,6.2,SINGLE,25000,50000,True,True,True,True,True,,,,,,,,,,Bike,1,False,True,False,True,True,True,,False,False,False
8aa99d3b9c7523ba019c75967a9d32d5,PG for Girls in Vadapalani,13.049879548248578,80.20950300000001,Vadapalani,"Great Southern Trunk Rd Arcot Rd, Vadapalani Chennai, near Nexus Vijaya Mall , Vadapalani, Vadapalani, chennai",FEMALE,Both,8.4,6.3,FOUR,7000,2000,False,True,True,True,True,,,,,,,,,,Bike,0,False,False,False,False,False,False,,False,False,False
8a9fb6827a0fc812017a0fe1681b0b58,PG for Girls in Vadapalani,13.050759967289578,80.21206811904906,Vadapalani,"Jawaharlal Nehru Rd,  Near Vadapalani Metro Station, vadapalani, vadapalani, chennai",FEMALE,Both,6.3,5.9,DOUBLE,4500,4500,False,False,False,False,False,True,True,False,True,True,True,True,False,True,Bike and Car,8,False,False,False,False,False,False,,False,False,False
8a9fb6827a0fc812017a0fe1681b0b58,PG for Girls in Vadapalani,13.050759967289578,80.21206811904906,Vadapalani,"Jawaharlal Nehru Rd,  Near Vadapalani Metro Station, vadapalani, vadapalani, chennai",FEMALE,Both,6.3,5.9,THREE,7500,2000,False,False,False,False,False,True,True,False,True,True,True,True,False,True,Bike and Car,8,False,False,False,False,False,False,,False,False,False
8a9fb6827a0fc812017a0fe1681b0b58,PG for Girls in Vadapalani,13.050759967289578,80.21206811904906,Vadapalani,"Jawaharlal Nehru Rd,  Near Vadapalani Metro Station, vadapalani, vadapalani, chennai",FEMALE,Both,6.3,5.9,FOUR,4500,4500,True,False,False,False,False,True,True,False,True,True,True,True,False,True,Bike and Car,8,True,True,True,True,True,True,,False,False,False
8a9fb0869706502a01970669ca150b3e,PG for Girls in Vadapalani,13.055357347225138,80.21327644586563,Vadapalani,"Deivanai Aachi Womens Hostel -  1st St, Thirunagar, Alagiri, Vadapalani, Vadapalani, chennai",FEMALE,Both,8.1,7.8,SINGLE,8000,2000,True,True,True,True,True,True,True,True,False,True,False,True,True,True,Bike and Car,3,True,True,False,False,True,True,10:00 PM,True,False,False
8a9fb0869706502a01970669ca150b3e,PG for Girls in Vadapalani,13.055357347225138,80.21327644586563,Vadapalani,"Deivanai Aachi Womens Hostel -  1st St, Thirunagar, Alagiri, Vadapalani, Vadapalani, chennai",FEMALE,Both,8.1,7.8,THREE,9000,4000,True,True,True,True,True,True,True,True,False,True,False,True,True,True,Bike and Car,3,True,True,False,False,True,True,10:00 PM,True,False,False
8a9fb0869706502a01970669ca150b3e,PG for Girls in Vadapalani,13.055357347225138,80.21327644586563,Vadapalani,"Deivanai Aachi Womens Hostel -  1st St, Thirunagar, Alagiri, Vadapalani, Vadapalani, chennai",FEMALE,Both,8.1,7.8,FOUR,9000,4000,False,True,True,True,True,True,True,True,False,True,False,True,True,True,Bike and Car,3,False,False,False,False,False,False,10:00 PM,True,False,False
8a9fda82831052e9018310c2755014aa,PG for Girls in Saligramam,13.055711898615577,80.21115879120951,Vadapalani,"pillayar koil street Near  Hotel Ambica Empire, Saligramam, Saligramam, chennai",FEMALE,Both,,,THREE,6500,6500,True,False,False,False,False,False,True,True,False,True,True,True,False,True,None,9,True,True,True,True,True,True,,True,True,True
8a9f8c038cc7f331018cc849f028154f,PG for Girls in Vadapalani,13.0529809,80.21019609999999,Vadapalani,"Bajanai Koil 2nd Street near Nakshatra Beauty Parlour, Vadapalani, Vadapalani, chennai",FEMALE,Both,7.8,9.1,SINGLE,15000,20000,True,False,False,False,False,False,True,True,False,False,False,True,True,True,Bike,13,True,False,False,False,True,True,11:00 PM,True,False,False
8a9f8c038cc7f331018cc849f028154f,PG for Girls in Vadapalani,13.0529809,80.21019609999999,Vadapalani,"Bajanai Koil 2nd Street near Nakshatra Beauty Parlour, Vadapalani, Vadapalani, chennai",FEMALE,Both,7.8,9.1,DOUBLE,7500,10000,False,False,False,False,False,False,True,True,False,False,False,True,True,True,Bike,13,False,False,False,False,False,False,11:00 PM,True,False,False
8a9f8c038cc7f331018cc849f028154f,PG for Girls in Vadapalani,13.0529809,80.21019609999999,Vadapalani,"Bajanai Koil 2nd Street near Nakshatra Beauty Parlour, Vadapalani, Vadapalani, chennai",FEMALE,Both,7.8,9.1,THREE,4500,9000,True,False,False,False,False,False,True,True,False,False,False,True,True,True,Bike,13,False,False,False,False,True,True,11:00 PM,True,False,False
8a9f8c038cc7f331018cc849f028154f,PG for Girls in Vadapalani,13.0529809,80.21019609999999,Vadapalani,"Bajanai Koil 2nd Street near Nakshatra Beauty Parlour, Vadapalani, Vadapalani, chennai",FEMALE,Both,7.8,9.1,FOUR,3500,5000,True,False,False,False,False,False,True,True,False,False,False,True,True,True,Bike,13,False,False,False,False,True,True,11:00 PM,True,False,False
8a9fe98283e566000183e5857ba3127d,PG for Girls in Vadapalani,13.054666817228188,80.20567796170535,Vadapalani," Thanl karai, Dhanalakshmi Colony near The Waterfall Restaurantga, Vadapalani, Vadapalani, chennai",FEMALE,Both,,,SINGLE,8000,5000,False,True,True,True,True,,,,,,,,,,Bike,0,False,False,False,False,False,False,,False,False,False
8a9fe98283e566000183e5857ba3127d,PG for Girls in Vadapalani,13.054666817228188,80.20567796170535,Vadapalani," Thanl karai, Dhanalakshmi Colony near The Waterfall Restaurantga, Vadapalani, Vadapalani, chennai",FEMALE,Both,,,DOUBLE,7000,5000,False,True,True,True,True,,,,,,,,,,Bike,0,False,False,False,False,False,False,,False,False,False
8a9fe98283e566000183e5857ba3127d,PG for Girls in Vadapalani,13.054666817228188,80.20567796170535,Vadapalani," Thanl karai, Dhanalakshmi Colony near The Waterfall Restaurantga, Vadapalani, Vadapalani, chennai",FEMALE,Both,,,THREE,8500,1,False,True,True,True,True,,,,,,,,,,Bike,0,False,False,False,False,False,False,,False,False,False
8a9fe98283e566000183e5857ba3127d,PG for Girls in Vadapalani,13.054666817228188,80.20567796170535,Vadapalani," Thanl karai, Dhanalakshmi Colony near The Waterfall Restaurantga, Vadapalani, Vadapalani, chennai",FEMALE,Both,,,FOUR,9000,5000,False,True,True,True,True,,,,,,,,,,Bike,0,False,False,False,False,False,False,,False,False,False
8a9f8e8499a49b220199a4dbe2d416cb,PG for Girls in Vadapalani,13.052670243894106,80.21265096606268,Vadapalani,"Palani Andavar Koil St, near Barbeque Nation - Vadapalani, Vadapalani, Vadapalani, chennai",FEMALE,Both,6.7,6.3,FOUR,7500,7500,False,True,True,True,True,,,,,,,,,,Bike,0,False,False,False,False,False,False,,False,False,False
8a9faa838c06d4f1018c074108f02f1b,PG for Girls in  Vadapalani,13.05244984790087,80.21019123494625,Vadapalani,"bajanai kovil 2nd street near Forum mall,  Vadapalani,  Vadapalani, chennai",FEMALE,Both,7.7,6.1,SINGLE,14500,16500,True,False,False,False,False,False,True,False,False,False,False,True,False,True,Bike,26,True,True,False,False,True,True,12:00 AM,True,True,False
8a9faa838c06d4f1018c074108f02f1b,PG for Girls in  Vadapalani,13.05244984790087,80.21019123494625,Vadapalani,"bajanai kovil 2nd street near Forum mall,  Vadapalani,  Vadapalani, chennai",FEMALE,Both,7.7,6.1,DOUBLE,7500,9500,True,False,False,False,False,False,True,False,False,False,False,True,False,True,Bike,26,False,False,False,False,True,True,12:00 AM,True,True,False
8a9faa838c06d4f1018c074108f02f1b,PG for Girls in  Vadapalani,13.05244984790087,80.21019123494625,Vadapalani,"bajanai kovil 2nd street near Forum mall,  Vadapalani,  Vadapalani, chennai",FEMALE,Both,7.7,6.1,THREE,5500,7500,True,False,False,False,False,False,True,False,False,False,False,True,False,True,Bike,26,False,True,False,False,True,True,12:00 AM,True,True,False
8a9faa838c06d4f1018c074108f02f1b,PG for Girls in  Vadapalani,13.05244984790087,80.21019123494625,Vadapalani,"bajanai kovil 2nd street near Forum mall,  Vadapalani,  Vadapalani, chennai",FEMALE,Both,7.7,6.1,FOUR,5500,2000,True,False,False,False,False,False,True,False,False,False,False,True,False,True,Bike,26,False,True,False,False,True,True,12:00 AM,True,True,False
8a9f9396747c96c20174809f5b024d1a,PG for Girls in  Kodambakkam,13.04966451646283,80.22704277546309,Kodambakkam," Viswanathapuram Main Rd, Near  RAGHAVENDRA MANDAPAM,  Kodambakkam,  Kodambakkam, chennai",FEMALE,Working Professional,,,SINGLE,13000,28000,True,True,True,True,True,False,True,True,True,True,True,True,False,False,Bike,85,True,True,False,True,True,True,09:45 PM,True,True,False
8a9f9396747c96c20174809f5b024d1a,PG for Girls in  Kodambakkam,13.04966451646283,80.22704277546309,Kodambakkam," Viswanathapuram Main Rd, Near  RAGHAVENDRA MANDAPAM,  Kodambakkam,  Kodambakkam, chennai",FEMALE,Working Professional,,,DOUBLE,13500,27000,True,True,True,True,True,False,True,True,True,True,True,True,False,False,Bike,85,True,True,False,True,True,True,09:45 PM,True,True,False
8a9f9396747c96c20174809f5b024d1a,PG for Girls in  Kodambakkam,13.04966451646283,80.22704277546309,Kodambakkam," Viswanathapuram Main Rd, Near  RAGHAVENDRA MANDAPAM,  Kodambakkam,  Kodambakkam, chennai",FEMALE,Working Professional,,,THREE,9000,18000,True,True,True,True,True,False,True,True,True,True,True,True,False,False,Bike,85,True,True,False,True,True,True,09:45 PM,True,True,False
8a9f9396747c96c20174809f5b024d1a,PG for Girls in  Kodambakkam,13.04966451646283,80.22704277546309,Kodambakkam," Viswanathapuram Main Rd, Near  RAGHAVENDRA MANDAPAM,  Kodambakkam,  Kodambakkam, chennai",FEMALE,Working Professional,,,FOUR,11000,22000,True,True,True,True,True,False,True,True,True,True,True,True,False,False,Bike,85,False,True,False,True,True,True,09:45 PM,True,True,False
8aa9a8319b5ed51a019b5f5b6e7137e1,PG for Girls in Ashok Nagar,13.038430703097863,80.2145210919961,Ashok Nagar,"Sarvamangala nagar,  Lucky Girls hostel & women PG, Ashok Nagar, Ashok Nagar, chennai",FEMALE,Both,8.5,8.4,FOUR,6500,3000,True,True,True,True,True,True,True,False,True,False,False,True,True,False,Bike,4,True,True,False,True,True,True,09:30 PM,True,True,False
8a9fbc8281c2dfd80181c354ffb16495,PG for Girls in Kodambakkam,13.053597754362993,80.2194025957749,Arcot Road-Kodambakkam," Ganga Nagar, near The Best Hospital Private Limited, Kodambakkam, Kodambakkam, chennai",FEMALE,Both,,,DOUBLE,6650,3500,False,True,True,True,True,,,,,,,,,,Bike,0,False,False,False,False,False,False,,False,False,False
8a9fbc8281c2dfd80181c354ffb16495,PG for Girls in Kodambakkam,13.053597754362993,80.2194025957749,Arcot Road-Kodambakkam," Ganga Nagar, near The Best Hospital Private Limited, Kodambakkam, Kodambakkam, chennai",FEMALE,Both,,,THREE,6000,3500,False,True,True,True,True,,,,,,,,,,Bike,0,False,False,False,False,False,False,,False,False,False
8a9fbc8281c2dfd80181c354ffb16495,PG for Girls in Kodambakkam,13.053597754362993,80.2194025957749,Arcot Road-Kodambakkam," Ganga Nagar, near The Best Hospital Private Limited, Kodambakkam, Kodambakkam, chennai",FEMALE,Both,,,FOUR,5500,3000,False,True,True,True,True,,,,,,,,,,Bike,0,False,False,False,False,False,False,,False,False,False
8aa9c8489de79b15019de88b807e71c5,PG for Girls in Vadapalani,13.056254100862985,80.21375783216439,Vadapalani," kamaraj Nagar 3rd St, Alagiri Nagar, , Vadapalani, Vadapalani, chennai",FEMALE,Both,8.2,6.1,,,,,True,True,True,True,,,,,,,,,,Bike,2,,,,,,,,False,False,False
ff8081816eedb2ed016eee2ae440405f,PG for Girls in Vadapalani,13.051512743947619,80.2107601681229,Vadapalani,"Inner Ring Rd,,near SRM Vadapalani Auditorium, Vadapalani, Vadapalani, chennai",FEMALE,Both,,,DOUBLE,6700,4000,False,True,True,True,True,,,,,,,,,,Bike,21,False,False,False,False,False,False,,False,False,False
ff8081816eedb2ed016eee2ae440405f,PG for Girls in Vadapalani,13.051512743947619,80.2107601681229,Vadapalani,"Inner Ring Rd,,near SRM Vadapalani Auditorium, Vadapalani, Vadapalani, chennai",FEMALE,Both,,,THREE,0,0,False,True,True,True,True,,,,,,,,,,Bike,21,False,False,False,False,False,False,,False,False,False
ff8081816eedb2ed016eee2ae440405f,PG for Girls in Vadapalani,13.051512743947619,80.2107601681229,Vadapalani,"Inner Ring Rd,,near SRM Vadapalani Auditorium, Vadapalani, Vadapalani, chennai",FEMALE,Both,,,FOUR,5800,4000,True,True,True,True,True,,,,,,,,,,Bike,21,False,True,True,True,True,True,,False,False,False
8a9fb6827e0ea888017e0efe0f7f2197,PG for Girls in Kodambakkam,13.053009246256334,80.22018944911295,Arcot Road-Kodambakkam,"Trustpuram  near  Tamil Nadu Electricity Board Office, Kodambakkam, Kodambakkam, chennai",FEMALE,Both,,,SINGLE,7500,3000,False,True,True,True,True,,,,,,,,,,Bike,0,False,False,False,False,False,False,,False,False,False
8a9fb6827e0ea888017e0efe0f7f2197,PG for Girls in Kodambakkam,13.053009246256334,80.22018944911295,Arcot Road-Kodambakkam,"Trustpuram  near  Tamil Nadu Electricity Board Office, Kodambakkam, Kodambakkam, chennai",FEMALE,Both,,,DOUBLE,6500,3000,False,True,True,True,True,,,,,,,,,,Bike,0,False,False,False,False,False,False,,False,False,False
8a9fb6827e0ea888017e0efe0f7f2197,PG for Girls in Kodambakkam,13.053009246256334,80.22018944911295,Arcot Road-Kodambakkam,"Trustpuram  near  Tamil Nadu Electricity Board Office, Kodambakkam, Kodambakkam, chennai",FEMALE,Both,,,THREE,6500,3000,False,True,True,True,True,,,,,,,,,,Bike,0,False,False,False,False,False,False,,False,False,False
8a9fb6827e0ea888017e0efe0f7f2197,PG for Girls in Kodambakkam,13.053009246256334,80.22018944911295,Arcot Road-Kodambakkam,"Trustpuram  near  Tamil Nadu Electricity Board Office, Kodambakkam, Kodambakkam, chennai",FEMALE,Both,,,FOUR,5800,3000,False,True,True,True,True,,,,,,,,,,Bike,0,False,False,False,False,False,False,,False,False,False
8a9f8bc3920f1a6801920f244292022c,PG for Girls in Kodambakkam,13.0540581,80.2272253,Kodambakkam,"Arcot Rd,  near  Meenakshi College for Women , Kodambakkam, Kodambakkam, chennai",FEMALE,Both,,,THREE,7500,7500,False,True,True,True,True,,,,,,,,,,Bike,0,False,False,False,False,False,False,,False,False,False
8a9f8bc3920f1a6801920f244292022c,PG for Girls in Kodambakkam,13.0540581,80.2272253,Kodambakkam,"Arcot Rd,  near  Meenakshi College for Women , Kodambakkam, Kodambakkam, chennai",FEMALE,Both,,,FOUR,9000,9000,False,True,True,True,True,,,,,,,,,,Bike,0,False,False,False,False,False,False,,False,False,False
8aa9d7849df10b8e019df132515908ff,PG for Girls in Kodambakkam ,13.053638421620802,80.22751934857607,Kodambakkam,"united india coloy near Medway hospital, kodambakkam , kodambakkam , chennai",FEMALE,Both,8.4,6.2,THREE,8000,5000,True,True,True,True,True,,,,,,,,,,Bike,6,True,True,True,True,True,True,,False,False,False
8aa9d7849df10b8e019df132515908ff,PG for Girls in Kodambakkam ,13.053638421620802,80.22751934857607,Kodambakkam,"united india coloy near Medway hospital, kodambakkam , kodambakkam , chennai",FEMALE,Both,8.4,6.2,FOUR,9000,5000,True,True,True,True,True,,,,,,,,,,Bike,6,True,True,True,True,True,True,,False,False,False
ff808181637239c30163725f592c0a9e,PG for Girls in Dlf Ramapuram,13.0550046,80.2117474,Vadapalani,"Mount Poonamallee Rd Near D.L.F Cyber City (DLF IT Park), DlF ramapuram, DlF ramapuram, chennai",FEMALE,Both,,,SINGLE,15000,5000,True,True,True,True,True,False,True,True,False,True,False,True,True,True,Bike and Car,255,False,True,True,True,True,True,,True,False,False
ff808181637239c30163725f592c0a9e,PG for Girls in Dlf Ramapuram,13.0550046,80.2117474,Vadapalani,"Mount Poonamallee Rd Near D.L.F Cyber City (DLF IT Park), DlF ramapuram, DlF ramapuram, chennai",FEMALE,Both,,,DOUBLE,11000,5000,True,True,True,True,True,False,True,True,False,True,False,True,True,True,Bike and Car,255,False,True,True,True,True,True,,True,False,False
ff808181637239c30163725f592c0a9e,PG for Girls in Dlf Ramapuram,13.0550046,80.2117474,Vadapalani,"Mount Poonamallee Rd Near D.L.F Cyber City (DLF IT Park), DlF ramapuram, DlF ramapuram, chennai",FEMALE,Both,,,THREE,8000,4000,True,True,True,True,True,False,True,True,False,True,False,True,True,True,Bike and Car,255,True,True,True,True,True,True,,True,False,False
ff808181637239c30163725f592c0a9e,PG for Girls in Dlf Ramapuram,13.0550046,80.2117474,Vadapalani,"Mount Poonamallee Rd Near D.L.F Cyber City (DLF IT Park), DlF ramapuram, DlF ramapuram, chennai",FEMALE,Both,,,FOUR,7500,4000,True,True,True,True,True,False,True,True,False,True,False,True,True,True,Bike and Car,255,False,True,True,True,True,True,,True,False,False
8a9fa6838c1b7673018c1ba5dc34042c,PG for Girls in Kodambakkam,13.054337277240103,80.22724158226406,Kodambakkam,"Arcot Rd, near Meenakshi College for Women, Kodambakkam, Kodambakkam, chennai",FEMALE,Working Professional,8.4,7.7,DOUBLE,11000,11000,False,False,False,False,False,False,False,True,False,False,False,True,False,False,None,14,False,False,False,False,False,False,,True,True,False
ff8081816a6ca12e016a6ce6400f31e8,PG for Girls in Kodambakkam,13.049666461186515,80.22749510370475,Kodambakkam,"Vishwanathapuram 3rd st Near Sri Raghavendra Mandapam, Kodambakkam, Kodambakkam, chennai",FEMALE,Both,,,SINGLE,13000,26000,False,True,True,True,True,False,True,True,True,True,True,True,True,False,Bike,49,True,True,False,True,True,True,,True,True,False
ff8081816a6ca12e016a6ce6400f31e8,PG for Girls in Kodambakkam,13.049666461186515,80.22749510370475,Kodambakkam,"Vishwanathapuram 3rd st Near Sri Raghavendra Mandapam, Kodambakkam, Kodambakkam, chennai",FEMALE,Both,,,DOUBLE,12000,24000,False,True,True,True,True,False,True,True,True,True,True,True,True,False,Bike,49,True,True,False,True,True,True,,True,True,False
ff8081816a6ca12e016a6ce6400f31e8,PG for Girls in Kodambakkam,13.049666461186515,80.22749510370475,Kodambakkam,"Vishwanathapuram 3rd st Near Sri Raghavendra Mandapam, Kodambakkam, Kodambakkam, chennai",FEMALE,Both,,,THREE,11000,22000,False,True,True,True,True,False,True,True,True,True,True,True,True,False,Bike,49,True,True,False,True,True,True,,True,True,False
ff8081816a6ca12e016a6ce6400f31e8,PG for Girls in Kodambakkam,13.049666461186515,80.22749510370475,Kodambakkam,"Vishwanathapuram 3rd st Near Sri Raghavendra Mandapam, Kodambakkam, Kodambakkam, chennai",FEMALE,Both,,,FOUR,11000,22000,True,True,True,True,True,False,True,True,True,True,True,True,True,False,Bike,49,True,True,False,True,True,True,,True,True,False
8aa9b4a49d34dd20019d375bf8df68ba,PG for Girls in Palayakaran Cross St,13.0508964,80.2183036,Arcot Road-Kodambakkam,"near powerhouse, Palayakaran Cross St, Palayakaran Cross St, chennai",FEMALE,Both,8.0,6.3,FOUR,2500,5000,False,False,False,False,False,False,False,False,False,False,False,False,False,False,None,0,False,True,False,False,False,False,,True,True,False
ff80818169dce9a70169ddbc3d761d0d,PG for Girls in Vadapalani,13.048808081700889,80.2128287089932,Vadapalani,"Hitech Ladies Hostel No.1, Door, 45, Saidapet Rd, Vadapalani, Chennai, Tamil Nadu 600026, Vadapalani, Vadapalani, chennai",FEMALE,Both,,,THREE,6000,3000,False,True,True,True,True,False,True,False,False,False,False,True,True,False,None,0,False,False,False,False,False,False,,True,False,False
ff80818169dce9a70169ddbc3d761d0d,PG for Girls in Vadapalani,13.048808081700889,80.2128287089932,Vadapalani,"Hitech Ladies Hostel No.1, Door, 45, Saidapet Rd, Vadapalani, Chennai, Tamil Nadu 600026, Vadapalani, Vadapalani, chennai",FEMALE,Both,,,FOUR,6800,3000,False,True,True,True,True,False,True,False,False,False,False,True,True,False,None,0,False,False,False,False,False,False,,True,False,False
